ONTOLOGY,ID,Description,GeneRatio,BgRatio,RichFactor,FoldEnrichment,zScore,pvalue,p.adjust,qvalue,geneID,Count
BP,GO:0098742,cell-cell adhesion via plasma-membrane adhesion molecules,93/2867,279/18860,0.333333333333333,2.19276828275782,8.4982959317744,2.40849900521341e-14,2.9282530905384595e-11,2.06116809604052e-11,CX3CL1/CELSR3/CLDN11/CDH1/CDH19/SCARF1/CELSR1/GPC4/CDH7/PCDHB4/PCDHGA2/IGSF9/CEACAM6/FAT2/CD209/CDH20/CBLN1/PTPRS/CADM4/CDH23/CRTAM/PTK7/PCDHB5/PCDHB7/PCDHB15/PCDH12/PCDHB12/MYOT/BMP2/LRRC4B/DSG3/DSG1/IL1RN/KLF4/CDH11/CDH13/CELSR2/NECTIN4/CDH18/SDK1/HMCN2/ESAM/KIRREL3/ADGRL3/SPARCL1/ROBO4/ROBO3/CXADR/MPZ/CADM3/CLDN1/TGFBR2/CLDN19/PCDH19/CLDN3/LRFN5/RET/CDH16/UMOD/NLGN1/ALCAM/CDH2/PTPRM/SELP/DSG4/CADM2/NECTIN3/CDH4/CDH5/NRXN1/ADIPOQ/CLDN7/CLDN5/PCDH9/EFNA5/SLITRK2/CLDN4/PCDH18/PTPRT/FAT4/PCDHB11/L1CAM/CLDN9/TENM3/PCDHGB6/PCDHGA5/PCDHGA8/PCDHGB4/PCDHGB7/PCDHGB1/PCDHGA3/PCDHGB3/PCDHGA4,93
BP,GO:0048568,embryonic organ development,131/2867,472/18860,0.277542372881356,1.82575833712674,7.69245433926699,1.0777541442017799e-12,8.01699627042242e-10,5.64308358183342e-10,USH1C/ALX4/FOXC1/COL11A1/MYO3B/LLGL2/FGFR1/HOXA9/EDN1/GRHL2/WNT11/TBX15/PCSK5/SIX4/NDRG4/EYA1/HPN/HOXA2/HOXA3/HOXA5/RARRES2/ENG/GATA3/CDH23/NHERF1/NKX3-2/FOLR1/BMP5/SOBP/MDFI/PTK7/TBX18/PCDH12/WNT5A/HYAL1/EFEMP1/OTX1/TPO/DLX2/EPAS1/MFAP2/PROX1/MYB/TCF21/PKD2/SATB2/HOXB8/PLS1/HOXA7/TWIST1/HOXC11/STIL/RUNX2/SOX9/OVOL2/KDR/HOXD3/ALDH1A2/E2F8/CDKN1C/HSD17B7/NES/MICAL2/GSC/APLNR/PDGFRA/SPRY2/TFAP2A/TUBB2B/RBP4/LEF1/FBN2/LRIG3/EPHA2/PLK4/OSR1/RSPO3/EGFR/NOTCH1/ADM/ST14/DNAAF1/KIT/GRHL3/FOXH1/TAL1/FLVCR1/PKDCC/MSX1/FZD5/EOMES/TGFBR2/TBX20/HEY1/SOX17/OSR2/CTHRC1/E2F7/SPINT1/MESP1/RBPMS2/IGF2/SPINT2/FOXI1/ZFPM2/HOXD4/KRT8/KRT19/CIMAP3/TPRN/IRX5/SOX11/NECTIN3/FZD2/ASCL2/SOCS3/SLITRK6/PTCH1/TEAD1/WNT7B/PAX5/MYO6/HOXA4/MFAP5/LHFPL5/SOX18/SLC44A4/PLXNA4/CEBPA/APELA/HOXB7,131
BP,GO:0042060,wound healing,126/2867,453/18860,0.278145695364238,1.82972717634096,7.5683484311584,2.48793268494568e-12,1.5124142791784802e-09,1.0645733015057e-09,TFPI/SLC4A1/CX3CL1/TNFRSF12A/CD9/IGF1/F7/ERBB3/MYLK/FERMT2/MCAM/FAP/EDN1/GP6/TYRO3/EPB41L4B/DSP/XBP1/ITPK1/ANGPT4/FERMT1/MYL9/TIMP1/CCN4/COMP/CADM4/TFPI2/CAV1/SERPINE1/ENG/KANK1/SLC6A4/TMEM97/HGFAC/VWF/PTK7/FGF1/WNT5A/ITGB6/FN1/PROC/ANGPTL1/PLA2G4A/F3/PPL/MSX2/PLAU/F13A1/AHNAK/F10/PRRG2/TSPAN8/KDR/PRRG3/ANGPTL6/PRRG1/F12/PPARG/EMILIN2/VAV3/PDGFRA/ANXA1/CD36/PRRG4/IL6/DGKB/STXBP1/ANGPTL2/TLR4/TLN1/FGF2/MMRN1/ACVRL1/ADAMTS18/ERBB2/FKBP10/ARHGEF19/TMEFF2/SERPING1/ADRA2A/SLC7A11/DST/ANGPT1/GRHL3/DMTN/NPR2/TREML1/DDR2/CLDN1/F2RL2/KLKB1/CHMP4C/SVEP1/CLDN3/ANGPTL4/EVPL/COL3A1/P2RY12/LRG1/ANO5/ANGPTL7/CYP4F11/CLEC7A/NDNF/SAA1/VEGFB/C1QTNF1/CD34/SELP/ANO6/TRIM72/F2R/CAV3/TSKU/ADRA2C/PROS1/F8/RASA3/PPARA/PEAR1/CLDN4/OCLN/MFSD2B/AQP1/HBB/FIGNL2,126
BP,GO:0050673,epithelial cell proliferation,133/2867,496/18860,0.268145161290323,1.7639406145572,7.30003603655425,1.05085097700399e-11,4.46583471502584e-09,3.1434564404775803e-09,TNMD/IGF1/FLT4/PTPRN/NGFR/ERBB3/TIE1/TGFBR3/LIMS2/RAP1GAP/FGFR1/FAP/PGR/ESR1/NRP1/XBP1/SIX4/FERMT1/PPP1R16B/FLT1/RGCC/ESRP2/EYA1/SFRP1/HPN/CAV2/CAV1/HOXA5/CCL24/ENG/GATA3/CXCL12/MDK/VDR/IL26/BMP5/THBS4/FGF1/WNT5A/TACR1/AKT3/F3/PROX1/KLF9/ITGB1BP1/TEK/TNFSF11/NR4A1/RUNX2/EFNB2/SOX9/OVOL2/GDF5/NR1D1/STAT5A/BCL11B/ZFP36/KDR/FOXP2/DLL4/ALDH1A2/CDKN1C/PPARG/SERPINF1/APLNR/LAMC1/EDNRB/IL6/CCN3/SULF1/FGF2/ACVRL1/BRCA2/FGF7/MARVELD3/CDH13/ERBB2/EPHA2/HSPG2/OSR1/AGTR1/SFRP2/EGFR/GPC3/NFIB/CDKN2B/NOTCH1/HMGA2/VEGFC/DAB2/BMP6/KIT/CLDN1/FABP7/BMPER/OSR2/VSTM4/JCAD/IGF2/ATOH8/ZEB2/SDR16C5/LRG1/COL8A2/SCG2/CCL11/EGFL7/MMRN2/PTPRM/VEGFB/CD34/LEP/KDF1/SFN/SOX11/FUT2/JUN/ERBB4/GPBAR1/IQGAP3/TACSTD2/PTCH1/IRS2/CXCR3/SULF2/MIR342/MIR126/LGR4/HMGN1/SERPINB5/MIR23A/NME1/APELA,133
BP,GO:0072001,renal system development,99/2867,334/18860,0.296407185628743,1.94985682628465,7.41564207429177,1.1019496747061599e-11,4.46583471502584e-09,3.1434564404775803e-09,CYP26B1/PLXND1/SOX8/CRLF1/FOXC1/FGFR1/EDN1/LRP2/WNT11/CYP26A1/PCSK5/NRP1/UPK3A/SIX4/MMP9/EYA1/SFRP1/EZH2/GATA3/ACTA2/ZBTB16/TNS2/SIM1/PTK7/TBX18/FGF1/WNT5A/NID1/PROX1/CENPF/TCF21/PKD2/EPCAM/HELLS/TEK/EGR1/KCNJ8/CAT/HOXC11/SOX4/EFNB2/SOX9/BMP2/WNK4/ALDH1A2/FOXJ1/CDKN1C/ASS1/SERPINF1/LRP4/PDGFRA/EDNRB/TFAP2A/SULF1/SMAD6/PLCE1/RBP4/FGF2/ENPEP/MYOCD/OSR1/AGTR1/GPC3/NOTCH1/KIRREL3/BMP6/ANGPT1/ADAMTS1/KIF26B/KLF15/SPRY1/DACT2/BMPER/SOX17/OSR2/RET/GREM1/NPNT/PCSK9/UMOD/EMX2/IRX1/CD34/SOX11/IRX3/ERBB4/ADIPOQ/TACSTD2/WT1/PTCH1/COL4A1/WNT7B/MME/SULF2/KANK2/POU3F3/LGR4/AQP1/HOXB7,99
BP,GO:0061448,connective tissue development,92/2867,307/18860,0.299674267100977,1.97134868417315,7.2651649615068,3.0499262845118494e-11,1.03002788241931e-08,7.2502633605501e-09,SOX8/IGF1/COL11A1/DGAT2/FGFR3/PITX1/FGFR1/EDN1/EPYC/WNT11/XBP1/TIMP1/CCN4/TRPS1/COMP/HOXA3/HOXA5/OGN/GATA3/ACTA2/COL1A1/NKX3-2/PPARGC1A/ZBTB16/MDK/SOX6/FGF6/BMP5/GPLD1/GHR/WNT5A/HYAL1/EFEMP1/DLX2/NR5A2/SATB2/MSX2/EGR1/RUNX2/SOX9/BMP2/GDF5/THRA/HOXD3/FOXA1/MATN3/PPARG/SOX5/CCN3/SULF1/MMP13/FGF2/BMPR1B/ACVRL1/RORC/MBOAT2/OSR1/SFRP2/NFIB/NOTCH1/HMGA2/BMP3/BMP6/RUNX1/NPR2/CBS/LOC102724560/PTH1R/PKDCC/MSX1/TGFBR2/POC1A/OSR2/ZNF219/GREM1/COL3A1/ABHD15/ID4/CD34/LEP/LPL/PLAAT3/UMODL1/BGN/TSKU/BMP8A/RFLNB/CSF1/WT1/WNT7B/SULF2/EBF2,92
BP,GO:0048732,gland development,122/2867,454/18860,0.268722466960352,1.76773830724529,7.0108332304362,6.52882121167688e-11,1.80403200662654e-08,1.26984010648165e-08,PLXND1/FKBP4/IGF1/CPS1/CDH1/TNC/FOXC1/ATP2C2/PITX1/TGFBR3/POLB/LIMS2/RAP1GAP/FGFR1/HOXA9/EDN1/PGR/WNT11/AURKA/ESR1/NRP1/SOX10/XBP1/SIX4/ESRP2/SLC7A5/SFRP1/LSR/HPN/CAV1/MET/HOXA3/HOXA5/EZH2/GATA3/NEURL1/WNT3/NHERF1/MDK/VDR/SLC29A1/PRLR/NR3C1/WNT5A/NR5A2/PROX1/MYB/TCF21/PKD2/TGFB3/CRHR1/MSX2/TNFSF11/SOCS2/PCK1/SOX9/BMP2/THRA/STAT5A/BCL11B/HOXD3/ALDH1A2/E2F8/FOXA1/CDO1/CDKN1C/ASS1/SERPINF1/PDGFRA/HNF1A/IL6/SULF1/FGF2/LEF1/BRCA2/FGF7/SLC6A3/EPHA2/IGSF3/EGFR/NFIB/NOTCH1/HMGA2/DNAAF1/EDA/HOXB13/HK2/FOXH1/INHBB/MSX1/CLDN1/TGFBR2/CA3/HSPA12A/E2F7/MESP1/IGF2/PCSK9/FASN/SOSTDC1/CCL11/ID4/INSM1/STAT5B/JUN/ERBB4/OXTR/CAV3/CSMD1/IQGAP3/CSF1/WT1/PTCH1/IRS2/PPARA/WNT7B/SULF2/NOTCH4/SERPINB5/NME1/CEBPA/HOXA10,122
BP,GO:0001659,temperature homeostasis,63/2867,186/18860,0.338709677419355,2.22813551312488,7.12676260794159,1.68398097520261e-10,3.7914519808358e-08,2.66876517122753e-08,NR1H3/ADRB1/PTGER3/PTGS2/IGF2BP2/SCD/ZNF423/NOVA2/CAV1/PPARGC1A/QKI/LAMA4/NPR3/PRLR/ACADL/EPAS1/LEPR/MFAP2/ELOVL3/TNFSF11/EGR1/CXCR4/G0S2/OVOL2/ID1/THRA/NR1D1/EDN2/PEMT/LPIN1/CD36/EDNRB/TLR4/HADH/NOVA1/SFXN5/PTH2R/LCN2/NOTCH1/IL18/FOXO1/ACSL1/ADAMTS5/PLCL2/ALPL/ADORA1/ABHD6/FABP5/ALDH1A1/ADRB2/FABP4/KSR2/LEP/CIDEA/HOXC10/OXTR/ADIPOQ/ABAT/DRD1/FFAR4/ADRB3/LGR4/EBF2,63
BP,GO:0003012,muscle system process,124/2867,485/18860,0.255670103092783,1.68187587873383,6.44125853805616,1.3758385245757902e-09,2.4050694921305e-07,1.69290438792919e-07,ABCC8/SCN4A/IGF1/ATP1A2/TNFRSF1B/MYOC/PTGER3/CAMK2B/ATP2B4/MYLK/ABCC9/IRAG1/ACACB/EDN1/CACNA1S/DSP/P2RX6/MYL9/SNTA1/JPH1/TNNT1/COMP/CAV1/EZH2/ACTA2/SGCA/CACNG1/MYH1/CRYAB/ADGRD1/NPR3/FGF12/TACR1/RGS4/CASQ2/KCNIP2/MYOT/ADRA1A/KCNJ8/SSPN/EDN2/GNAI1/TNNI3/KCNA5/CNN1/ACE2/HRC/TNNT3/CKMT2/PPARG/MYH11/ROCK2/SPX/APLNR/EDNRB/SCN2A/BIN1/KLF4/TMOD1/SULF1/MYOCD/ATP1B1/STAC/ANK2/MLIP/GSN/NOTCH1/ADRA2A/FOXO1/KCNE4/UTRN/SCN3A/CACNA2D1/CLIC2/CACNA1D/KIT/PDE9A/MYL3/CCDC78/KCNJ3/LMOD1/ADORA1/KLF15/PI16/TBX20/PGAM2/GPER1/CA3/SCN11A/NPNT/ADRB2/SCN9A/ADRA1B/NMUR1/ORMDL3/VEGFB/LEP/DES/NPPA/SCN4B/TRIM72/HTR1D/KCNE1/OXTR/F2R/SYNM/CAV3/KCNB2/ABAT/ADRA2C/DRD1/NPY2R/PPARA/MYMK/SULF2/SCN8A/ANXA6/MB/ASPH/PLN/RYR3/DMD/MIR23A/FXYD1,124
BP,GO:0001503,ossification,118/2867,455/18860,0.259340659340659,1.70602191669509,6.45452338187818,1.3935950166032601e-09,2.4050694921305e-07,1.69290438792919e-07,SOX8/IGF1/MYOC/VCAN/TNC/GPM6B/FOXC1/ROGDI/FGFR3/FSTL3/FERMT2/WNT11/BAMBI/CHRDL1/SFRP1/CCN4/COMP/HOXA2/ASPN/WNT3/COL1A1/ZBTB16/MDK/CYP27B1/VDR/BMP5/GPLD1/WNT5A/TACR1/SPP1/SATB2/MSX2/TNFSF11/SMAD9/CAT/TWIST1/TNFAIP6/RUNX2/SOX9/BMP2/GDF5/ID1/THRA/PTPRB/LRP3/KREMEN2/PPARG/KL/RRAS2/LRP4/IL6/CCN3/TFAP2A/MMP13/SMAD6/FGF2/BMPR1B/LEF1/FBN2/CDH11/EPHA2/TUFT1/OSR1/SFRP2/SCUBE3/EGFR/GPC3/NOTCH1/VEGFC/CRIM1/IGSF10/BMP3/BMP6/CREB3L1/RUNX1/NPR2/CBS/LOC102724560/PTH1R/DHRS3/ALPL/DDR2/PKDCC/CLEC3B/COL1A2/OSR2/CTHRC1/CLEC3A/GREM1/IGF2/NPNT/ADRB2/FASN/S1PR1/ID4/PHOSPHO1/LEP/SOX11/ANO6/TMEM64/PENK/BMP8A/RFLNB/CSF1/NOTUM/TMT1A/PTCH1/FFAR4/ISG15/WNT7B/FZD9/SMOC1/RORB/LGR4/CEBPD/TWIST2/CEBPA/CLEC5A,118
BP,GO:0042063,gliogenesis,98/2867,357/18860,0.274509803921569,1.80580917403585,6.5080884876547,1.4638521337198302e-09,2.4050694921305e-07,1.69290438792919e-07,SOX8/ABCC8/CX3CL1/CD9/FYN/IGF1/VIM/TNFRSF1B/MYOC/VCAN/GPM6B/ERBB3/LRP2/GSTP1/PHGDH/TREM2/SOX10/SUN2/E2F1/SLC7A5/METRN/NDRG1/PTPRZ1/EZH2/MDK/SOX6/QKI/NR3C1/DLX2/LEPR/B4GALT6/MYB/CLU/CXCR4/CDKN2C/LRP1/PLP1/NDP/SOX4/SOX9/BMP2/NR1D1/RRAS/PTPRB/ATP1B2/GFAP/MATN2/WASF3/RRAS2/DTX1/EMX1/IL6/BIN1/TLR4/IL33/FGF2/LEF1/NTRK3/ARSG/ERBB2/CERS2/TNFRSF21/DAAM2/TTBK1/NFIB/NTRK2/NOTCH1/HMGA2/VEGFC/LGI4/APCDD1/S100B/TAL1/PLPP3/EOMES/KLF15/SPINT1/COL3A1/P2RY12/ZEB2/CDK1/PFKFB3/CDH2/TPPP/ID4/CERS6/CSPG4/BOK/CDK5R1/SOX11/PENK/NDN/ASCL2/CSF1/DRD1/DNER/RELN/LAMA2,98
BP,GO:0050886,endocrine process,41/2867,105/18860,0.39047619047619,2.56867141694487,6.82458593340443,2.2978867532654903e-09,3.53870102917542e-07,2.49085630143429e-07,RPS6KA2/FGFR1/EDN1/C1QTNF3/OPRK1/CMA1/PCSK5/GATA3/POMC/TACR1/SPP1/ECRG4/CRHR1/CRY2/INHBA/WNK4/AVPR2/EDN2/ACE2/PPARG/EDNRB/ENPEP/AGTR1/CORIN/CRHBP/DAB2/BMP6/INHBB/AVPR1A/ANPEP/KCNK9/KISS1/C1QTNF1/LEP/FZD4/OXTR/F2R/HCAR2/MME/SUCNR1/AQP1,41
BP,GO:0106106,cold-induced thermogenesis,53/2867,154/18860,0.344155844155844,2.26396205817203,6.66825410417547,2.4448995431052403e-09,3.53870102917542e-07,2.49085630143429e-07,NR1H3/ADRB1/IGF2BP2/SCD/ZNF423/NOVA2/CAV1/PPARGC1A/QKI/LAMA4/NPR3/PRLR/ACADL/EPAS1/LEPR/MFAP2/ELOVL3/CXCR4/G0S2/OVOL2/ID1/THRA/NR1D1/PEMT/LPIN1/CD36/TLR4/HADH/NOVA1/SFXN5/PTH2R/LCN2/NOTCH1/IL18/ACSL1/ADAMTS5/PLCL2/ALPL/ABHD6/FABP5/ALDH1A1/ADRB2/FABP4/KSR2/LEP/CIDEA/HOXC10/OXTR/ADIPOQ/FFAR4/ADRB3/LGR4/EBF2,53
BP,GO:0060485,mesenchyme development,95/2867,347/18860,0.273775216138329,1.80097683165988,6.37609088951692,3.0225644034923203e-09,4.27306256019298e-07,3.00776604655968e-07,MEOX1/SOX8/SEMA3G/IGF1/FOXC1/ERBB3/TGFBR3/FERMT2/SEMA3A/FGFR1/EDN1/WNT11/TBX5/EFNB1/BAMBI/NRP1/SOX10/SIX4/FAM83D/RGCC/SFRP1/AMH/HPN/HOXA5/EZH2/ENG/GATA3/ACTA2/COL1A1/FOLR1/MDK/BMP5/QKI/PTK7/WNT5A/FN1/MARK1/TCF21/PKD2/TGFB3/MSX2/TWIST1/SOX4/SOX9/BMP2/OVOL2/TCF15/ALDH1A2/FOXA1/GSC/ROCK2/APLNR/SPRY2/EDNRB/IL6/LEF1/ACVRL1/SLC39A6/OSR1/SFRP2/NOTCH1/NCAM1/HMGA2/ADAM8/DAB2/SEMA3D/ADAMTS5/RADIL/FOXH1/ACTG2/MSX1/EOMES/TGFBR2/SPRY1/TBX20/HEY1/RET/TMEM100/MESP1/GREM1/TNXB/ZEB2/APLF/ZFPM2/CDH2/LRG1/ERBB4/RFLNB/WT1/SEMA4B/CYP26C1/SP6/S100A4/MIR342/NOTCH4,95
BP,GO:0006936,muscle contraction,100/2867,372/18860,0.268817204301075,1.76836151835308,6.33724238031698,3.36276180390587e-09,4.5427175568764e-07,3.19757350476664e-07,SCN4A/ATP1A2/PTGER3/ATP2B4/MYLK/ABCC9/IRAG1/EDN1/CACNA1S/DSP/P2RX6/MYL9/SNTA1/JPH1/TNNT1/COMP/CAV1/ACTA2/SGCA/CACNG1/MYH1/CRYAB/ADGRD1/FGF12/TACR1/CASQ2/KCNIP2/MYOT/ADRA1A/KCNJ8/SSPN/EDN2/TNNI3/KCNA5/CNN1/ACE2/HRC/TNNT3/CKMT2/MYH11/ROCK2/SPX/EDNRB/SCN2A/BIN1/TMOD1/SULF1/MYOCD/ATP1B1/STAC/ANK2/GSN/ADRA2A/KCNE4/UTRN/SCN3A/CACNA2D1/CLIC2/CACNA1D/KIT/MYL3/CCDC78/KCNJ3/LMOD1/ADORA1/TBX20/PGAM2/GPER1/CA3/SCN11A/NPNT/ADRB2/SCN9A/ADRA1B/NMUR1/ORMDL3/VEGFB/DES/NPPA/SCN4B/HTR1D/KCNE1/OXTR/F2R/SYNM/CAV3/KCNB2/ABAT/ADRA2C/DRD1/NPY2R/SULF2/SCN8A/ANXA6/MB/ASPH/PLN/RYR3/DMD/FXYD1,100
BP,GO:0048705,skeletal system morphogenesis,70/2867,232/18860,0.301724137931034,1.98483335939285,6.39045582416723,4.98124437183138e-09,6.58282272529629e-07,4.63358315137175e-07,CYP26B1/ALX4/FOXN3/FOXC1/COL11A1/FGFR3/FGFR1/HOXA9/GRHL2/TBX15/SIX4/EYA1/SFRP1/COMP/HOXA2/HOXA3/HOXA5/COL1A1/NKX3-2/SOX6/FGF6/MDFI/GHR/HYAL1/DLX2/PAPPA2/SATB2/HOXB8/MSX2/HOXA7/TWIST1/HOXC11/RUNX2/SOX9/TCF15/THRA/HOXD3/GSC/SOX5/PDGFRA/CHAD/TFAP2A/MMP13/BMPR1B/FBN2/OSR1/BMP6/NPR2/CBS/LOC102724560/DHRS3/ALPL/FLVCR1/MSX1/TGFBR2/POC1A/OSR2/FREM1/GREM1/COL3A1/HOXD4/PHOSPHO1/IRX5/SOX11/ATG9B/TSKU/RFLNB/PAX5/HOXA4/HOXB7,70
BP,GO:1990845,adaptive thermogenesis,56/2867,171/18860,0.327485380116959,2.15429866376207,6.41994672569522,6.87253723019374e-09,8.52615384129545e-07,6.00147450928841e-07,NR1H3/ADRB1/IGF2BP2/SCD/ZNF423/NOVA2/CAV1/PPARGC1A/QKI/LAMA4/NPR3/PRLR/ACADL/EPAS1/LEPR/MFAP2/ELOVL3/CXCR4/G0S2/OVOL2/ID1/THRA/NR1D1/PEMT/LPIN1/CD36/TLR4/HADH/NOVA1/SFXN5/PTH2R/LCN2/NOTCH1/IL18/ACSL1/ADAMTS5/PLCL2/S100B/ALPL/ABHD6/FABP5/ALDH1A1/CKB/ADRB2/FABP4/KSR2/LEP/CIDEA/HOXC10/OXTR/ADIPOQ/BMP8A/FFAR4/ADRB3/LGR4/EBF2,56
BP,GO:0002064,epithelial cell development,68/2867,226/18860,0.300884955752212,1.97931296319732,6.27091458571774,9.3086852114006e-09,1.10955877255106e-06,7.81007335074168e-07,TNMD/SOX8/VIM/RAPGEF3/PGR/GRHL2/ESR1/EZR/XBP1/PPP1R16B/VSIG1/TJP3/PTPRS/SIPA1L3/MET/HOXA5/ACTA2/NKX3-2/BMP5/AMOTL2/WNT5A/PROC/EPAS1/NR5A2/PROX1/SPDEF/SOX9/ID1/BCL11B/KDR/FOXA1/FOXJ1/RAB25/ROCK2/EDNRB/TMOD1/EPHA2/ADAMTSL4/ABCA12/NOTCH1/ST14/MARVELD2/BMP6/ROBO4/HOXB13/FZD5/CLDN1/TMEM79/DACT2/CLDN3/SPINT2/DNASE1L2/FASN/CDH2/INSM1/KDF1/SFN/CDH5/KCNE1/BHLHA15/ADIPOQ/CLDN5/PDE2A/WNT7B/SOX18/NOTCH4/CDSN/CEBPA,68
BP,GO:0070371,ERK1 and ERK2 cascade,90/2867,331/18860,0.27190332326284,1.7886629496816,6.12897222266471,1.12130505372773e-08,1.2622987817798e-06,8.88519501638058e-07,CX3CL1/IGF1/MARCO/FLT4/LMO3/PRKCZ/FGFR3/FERMT2/EDN1/GSTP1/EZR/TREM2/NRP1/XBP1/FAM83D/NDRG4/PYCARD/ACTA2/NHERF1/IL26/PDE8B/FGF1/FN1/ITGB1BP1/DUSP1/TEK/TNFSF11/DUSP4/ADRA1A/HCRTR1/INHBA/RAMP3/SOX9/BMP2/CCR7/RRAS/WNK4/KDR/ACE2/AKAP12/PDGFRA/CD36/SPRY2/KLF4/TLR4/CCL21/FGF2/GAREM1/ERBB2/EPHA2/ACKR3/TNIP1/TPBG/EGFR/NOTCH1/DAB2/ANGPT1/FGFR4/DDR2/NEK10/SPRY1/NPY5R/BMPER/GPER1/NDRG2/NPNT/CDK1/CAVIN3/PTGER4/CCL11/RASGRP1/VEGFB/TBC1D10C/JUN/ERBB4/NRXN1/GPBAR1/MTURN/ADIPOQ/F2R/IQGAP3/FFAR4/PLA2G2A/ALKAL2/SIRPA/MIR126/MIR23A/MIF/ARHGAP8/APELA,90
BP,GO:0007409,axonogenesis,118/2867,472/18860,0.25,1.64457621206836,6.00462975253318,1.37363957433486e-08,1.46497455655818e-06,1.03118095469459e-06,PLXND1/MYCBP2/TNFRSF12A/CELSR3/SEMA3G/FYN/CDH1/FSTL4/CYFIP2/NGFR/EPHA8/SEMA3A/CELSR1/PAK3/EDN1/IGSF9/EFNB1/ABLIM1/NRP1/NEFH/METRN/NOVA2/PTPRS/HOXA2/EPHB6/PTPRZ1/GATA3/CXCL12/UNC5B/WNT3/UST/PTK7/WNT5A/FN1/TNR/ARTN/PLPPR4/B4GALT6/SPP1/TNN/MYOT/PARD6B/NDP/EFNB2/EDN2/BCL11B/MAP1B/MATN2/CHL1/LRP4/PLXNC1/STXBP1/TUBB2B/BMPR1B/NTRK3/CDH11/ERBB2/CELSR2/CRABP2/EFNA3/BOC/GFRA3/NFIB/NTRK2/HMCN2/NOTCH1/NCAM1/FEZ1/ANK3/SEMA3D/ROBO4/ROBO3/UCHL1/CHODL/NPR2/KALRN/S100B/BRSK1/LMX1A/TRIM46/RET/ARHGEF40/KIFC2/KIF5C/SCN11A/ZEB2/ALCAM/MAP6/PTPRM/CDK5R1/CDH4/NRXN1/RGMA/NDN/TSKU/EPHA10/SLIT3/EFNA5/SLITRK6/NELL2/SEMA4B/FLRT2/PTCH1/SLITRK2/WNT7B/COL25A1/RELN/FAT4/EVL/LAMA2/POTEI/KEL/SLC9A6/L1CAM/PLXNA4/POTEJ/EFNA4/TUBB3,118
BP,GO:0030323,respiratory tube development,63/2867,207/18860,0.304347826086957,2.00209277990931,6.13800119667203,1.99557573315057e-08,1.98870571833153e-06,1.39983008718845e-06,IGF1/FLT4/TNC/CELSR1/TRAF4/FGFR1/PGR/GRHL2/WNT11/TBX5/PCSK5/ESRP2/HOXA5/AGR2/PTK7/FGF1/WNT5A/ITGB6/EPAS1/HSD11B1/PROX1/TCF21/TGFB3/SPDEF/SOX9/BMP2/ID1/THRA/EDN2/KLF2/KDR/FOXP2/ALDH1A2/FOXA1/FOXJ1/PDGFRA/SPRY2/RBP4/FGF2/FGF7/MYOCD/ABCA12/GPC3/NFIB/NOTCH1/HMGA2/SLC7A11/THRB/DNAAF1/SIM2/PKDCC/TGFBR2/SPRY1/DNAAF3/COL3A1/ZFPM2/SLC23A1/SOX11/CCBE1/WNT7B/MME/ATXN1L/CEBPA,63
BP,GO:0001935,endothelial cell proliferation,62/2867,204/18860,0.303921568627451,1.99928872839683,6.07582160754693,2.73133194742639e-08,2.63551855688969e-06,1.85511518233722e-06,TNMD/FLT4/NGFR/TIE1/FGFR1/NRP1/XBP1/PPP1R16B/FLT1/RGCC/CAV2/CAV1/CCL24/ENG/CXCL12/MDK/THBS4/WNT5A/AKT3/F3/PROX1/ITGB1BP1/TEK/NR4A1/STAT5A/KDR/DLL4/ALDH1A2/PPARG/APLNR/SULF1/FGF2/ACVRL1/FGF7/CDH13/EPHA2/HSPG2/AGTR1/BMP6/BMPER/VSTM4/JCAD/IGF2/ATOH8/ZEB2/LRG1/COL8A2/SCG2/CCL11/EGFL7/MMRN2/PTPRM/VEGFB/CD34/LEP/FUT2/JUN/CXCR3/MIR342/MIR126/MIR23A/APELA,62
BP,GO:0048762,mesenchymal cell differentiation,77/2867,278/18860,0.276978417266187,1.82204846516927,5.84630947440876,5.43848779908932e-08,4.132570916333e-06,2.90887538201291e-06,SOX8/SEMA3G/IGF1/FOXC1/TGFBR3/FERMT2/SEMA3A/FGFR1/EDN1/WNT11/TBX5/EFNB1/BAMBI/NRP1/SOX10/FAM83D/RGCC/SFRP1/HPN/EZH2/ENG/GATA3/COL1A1/FOLR1/MDK/BMP5/QKI/WNT5A/FN1/MARK1/TCF21/TGFB3/MSX2/TWIST1/SOX9/BMP2/OVOL2/ALDH1A2/FOXA1/GSC/ROCK2/SPRY2/EDNRB/IL6/LEF1/SLC39A6/OSR1/SFRP2/NOTCH1/NCAM1/HMGA2/ADAM8/DAB2/SEMA3D/RADIL/MSX1/EOMES/TGFBR2/SPRY1/TBX20/HEY1/RET/TMEM100/GREM1/TNXB/ZEB2/APLF/CDH2/LRG1/ERBB4/RFLNB/SEMA4B/CYP26C1/SP6/S100A4/MIR342/NOTCH4,77
BP,GO:0030324,lung development,61/2867,203/18860,0.300492610837438,1.97673199874227,5.9239411732872,5.57705582676859e-08,4.13450272816174e-06,2.9102351650596e-06,IGF1/FLT4/TNC/CELSR1/FGFR1/PGR/GRHL2/WNT11/TBX5/ESRP2/HOXA5/AGR2/PTK7/FGF1/WNT5A/ITGB6/EPAS1/HSD11B1/PROX1/TCF21/TGFB3/SPDEF/SOX9/BMP2/ID1/THRA/EDN2/KLF2/KDR/FOXP2/ALDH1A2/FOXA1/FOXJ1/PDGFRA/SPRY2/RBP4/FGF2/FGF7/MYOCD/ABCA12/GPC3/NFIB/NOTCH1/HMGA2/SLC7A11/THRB/DNAAF1/SIM2/PKDCC/TGFBR2/SPRY1/DNAAF3/COL3A1/ZFPM2/SLC23A1/SOX11/CCBE1/WNT7B/MME/ATXN1L/CEBPA,61
BP,GO:0060541,respiratory system development,67/2867,231/18860,0.29004329004329,1.90799318110096,5.87898041966219,5.83446427630681e-08,4.27321787176736e-06,3.00787536882526e-06,IGF1/FLT4/TNC/CELSR1/FGFR1/PGR/GRHL2/WNT11/TBX5/SIX4/ESRP2/HOXA5/AGR2/PTK7/FGF1/WNT5A/ITGB6/EPAS1/HSD11B1/PROX1/TCF21/TGFB3/SPDEF/SOX9/BMP2/ID1/THRA/EDN2/KLF2/KDR/FOXP2/ALDH1A2/FOXA1/FOXJ1/ASS1/PDGFRA/SPRY2/RBP4/FGF2/LEF1/FGF7/MYOCD/ABCA12/GPC3/NFIB/NOTCH1/HMGA2/SLC7A11/THRB/DNAAF1/EDA/SIM2/PKDCC/MSX1/TGFBR2/SPRY1/DNAAF3/COL3A1/ZFPM2/SLC23A1/SOX11/CCBE1/WT1/WNT7B/MME/ATXN1L/CEBPA,67
BP,GO:0048880,sensory system development,110/2867,443/18860,0.248306997742664,1.63343912711079,5.712227729131,6.20936564751338e-08,4.38915508967835e-06,3.08948241825482e-06,ABCB5/SOX8/USH1C/VIM/FOXC1/ATP2B4/SEMA3A/CRYBG3/CACNA1S/GRHL2/NRP1/MYOM1/CHRDL1/FLT1/SLC17A7/SIPA1L3/TSPAN12/SLC1A1/GATA3/CRYAB/WNT5A/EFEMP1/DLX2/MFAP2/PROX1/OPN4/INHBA/TWIST1/NDP/SOX4/SOX9/RHOJ/BCL11B/KDR/FOXP2/DLL4/ALDH1A2/CDKN1C/RAB11FIP4/SERPINF1/NES/PDE6B/MEIS2/PDGFRA/SPRY2/KLF4/TMOD1/TFAP2A/RBP4/FGF2/BMPR1B/FBN2/KERA/ACVRL1/NTRK3/ADAMTS18/ARSG/SLC6A3/EPHA2/CNGA3/SDK1/EGFR/SHROOM2/NFIB/NTRK2/NOTCH1/THRB/BMP6/GRHL3/CPAMD8/FZD5/TGFBR2/ADAMTS9/CLDN19/SPRY1/OSR2/CLDN3/VSTM4/P2RY12/ZEB2/FOS/COL8A2/ANGPTL7/PTPRM/FZD4/PLAAT3/IRX5/SOX11/JUN/NECTIN3/SOX12/FJX1/MAB21L1/TSKU/SLITRK6/WT1/COL4A1/SAMD11/WNT7B/TMEM215/MFAP5/RD3/SMOC1/ARHGEF15/RORB/COL5A2/SLC44A4/HMGN1/TENM3/AQP1,110
BP,GO:0007160,cell-matrix adhesion,70/2867,246/18860,0.284552845528455,1.87187536332985,5.82787613570111,6.85224452470195e-08,4.60459070454119e-06,3.24112539527102e-06,CX3CL1/MYOC/GPM6B/COL17A1/FERMT2/CAMSAP3/EPDR1/CEACAM6/ITGA6/SORBS1/NRP1/FERMT1/CORO2B/SFRP1/SERPINE1/ECM2/BCL6/ITGB6/FN1/NID1/ITGB1BP1/TEK/TNN/HOXA7/PLAU/LYPD3/CCR7/RRAS/KDR/HOXD3/POSTN/LYVE1/ROCK2/CD36/ITGA7/THSD1/TLN1/CCL21/LEF1/ACVRL1/FBLN5/ITGAX/CDH11/CDH13/SKAP1/ITGA9/EPHA1/CCL28/UTRN/EDA/DMTN/PLPP3/ADAMTS9/DLC1/FREM1/SVEP1/VWA2/GREM1/FAM107A/TNXB/COL3A1/NPNT/PEAK1/CD34/EFNA5/CSF1/APOD/L1CAM/ITGA1/STON1,70
BP,GO:0022612,gland morphogenesis,44/2867,129/18860,0.341085271317829,2.24376289398474,6.00150507104097,7.270467261847e-08,4.65233373523873e-06,3.27473123760754e-06,PLXND1/IGF1/TNC/POLB/LIMS2/FGFR1/PGR/ESR1/NRP1/XBP1/ESRP2/SFRP1/HPN/CAV1/NHERF1/MDK/VDR/NR3C1/WNT5A/PROX1/TGFB3/MSX2/SOX9/STAT5A/FOXA1/IL6/SULF1/FGF7/EPHA2/EGFR/NFIB/NOTCH1/EDA/HOXB13/TGFBR2/SOSTDC1/CCL11/ID4/CAV3/CSMD1/CSF1/PTCH1/SULF2/SERPINB5,44
BP,GO:0030879,mammary gland development,47/2867,142/18860,0.330985915492958,2.17732625259755,5.96237774329458,7.55875350744165e-08,4.78642318455602e-06,3.36911546137613e-06,IGF1/ATP2C2/HOXA9/PGR/ESR1/XBP1/CAV1/HOXA5/GATA3/NEURL1/WNT3/VDR/SLC29A1/PRLR/NR3C1/WNT5A/TGFB3/MSX2/TNFSF11/SOCS2/SOX9/STAT5A/CDO1/FGF2/LEF1/BRCA2/SLC6A3/EPHA2/HK2/MSX1/TGFBR2/FASN/SOSTDC1/CCL11/STAT5B/ERBB4/OXTR/CAV3/CSMD1/IQGAP3/CSF1/PTCH1/IRS2/PPARA/WNT7B/NOTCH4/NME1,47
BP,GO:0015711,organic anion transport,114/2867,466/18860,0.244635193133047,1.60928487704544,5.63875823143493,8.4099522365547e-08,5.27052573670268e-06,3.70987041145902e-06,CFTR/SLC4A1/ABCC8/MGST1/SLC38A5/ATP1A2/SLC4A8/ACSL4/LLGL2/PTGS2/ACACB/EDN1/SLC1A3/SLC4A4/LRP2/SLCO1A2/SLC26A4/ABCC6/SLC7A8/SLC25A1/PLA2G3/SLCO4A1/SLC52A3/SLC35A2/SLC7A5/SLC17A7/SLC1A1/SLC16A6/NHERF1/FOLR1/SLC1A2/SLC6A12/SLC38A1/SLC27A6/SLC1A4/PLA2G4A/KMO/RGS4/SLC2A1/SLC16A7/TNFSF11/LYPLA1/ABCC11/KCNJ8/ACE2/SLC7A10/GFAP/PPARG/SPX/ANXA1/CD36/STXBP1/SLCO5A1/SLCO1C1/SLC39A6/CRABP2/SFXN5/SLC26A1/SLC10A6/SNCA/SLC22A3/PMP2/SLC26A7/PLIN2/NTRK2/SLC7A11/ACSL1/SLC16A12/SFXN2/SLC2A6/SLC1A7/RBP7/ADORA1/SLC51A/NPY5R/FABP7/FABP5/SLC7A13/FOLR2/AVPR1A/CA4/TTYH1/PLA2G4F/UMOD/FABP4/SLC23A1/TRH/LRRC8E/LRRC8C/ABCD2/SLC2A14/SLC26A9/LEP/F2R/SLC2A4/SLC25A18/ABAT/IRS2/PPARA/AKR1C1/PLA2G2C/PLA2G2A/SLC38A3/CALHM6/ACSL5/SLC2A10/NMB/SLC22A12/CES1/CR1/SLC44A4/CPT1B/ASIC3/MIF,114
BP,GO:0010562,positive regulation of phosphorus metabolic process,85/2867,320/18860,0.265625,1.74736222532264,5.70899253921207,8.84403738479801e-08,5.43059628910981e-06,3.8225424741312e-06,TENM1/MLXIPL/IGF1/FLT4/FGFR3/ADGRF5/TRAF4/FGFR1/ADCYAP1R1/SLC4A4/TPX2/CLSPN/TREM2/NRP1/XBP1/MMP9/EEF1A2/ANGPT4/FLT1/CEMIP/EZH2/RARRES2/FAM20A/MMD/NEDD9/SASH1/GPLD1/THBS4/PRLR/FGF1/KAT2B/WNT5A/ECT2/KIF14/ITGB1BP1/CD80/BMP2/KDR/CAMK1/ROCK2/SPRY2/IL6/ENPP2/PIM1/LHCGR/FGF2/CENPE/PELI2/FGF7/TOM1L1/CARD14/ERBB2/SNCA/EGFR/HMGA2/IL18/PID1/ANGPT1/UCHL1/PROM2/KIT/PINK1/PTH1R/DDR2/IL20/ADORA1/NEK10/MST1R/GPER1/GPRC5B/GPD1/FAXDC2/RASGRP1/VEGFB/CSPG4/CIMAP3/LEP/DOK7/ERBB4/ADIPOQ/EFNA5/PRKN/TNFRSF18/PPARA/MIF,85
BP,GO:0150063,visual system development,108/2867,436/18860,0.247706422018349,1.62948835691177,5.6305029716737,9.32875571994661e-08,5.61480257639163e-06,3.95220343945628e-06,ABCB5/SOX8/USH1C/VIM/FOXC1/ATP2B4/CRYBG3/CACNA1S/GRHL2/NRP1/MYOM1/CHRDL1/FLT1/SLC17A7/SIPA1L3/TSPAN12/SLC1A1/GATA3/CRYAB/WNT5A/EFEMP1/DLX2/MFAP2/PROX1/OPN4/INHBA/TWIST1/NDP/SOX4/SOX9/RHOJ/BCL11B/KDR/FOXP2/DLL4/ALDH1A2/CDKN1C/RAB11FIP4/SERPINF1/NES/PDE6B/MEIS2/PDGFRA/SPRY2/KLF4/TMOD1/TFAP2A/RBP4/FGF2/BMPR1B/FBN2/KERA/ACVRL1/NTRK3/ADAMTS18/ARSG/SLC6A3/EPHA2/CNGA3/SDK1/EGFR/SHROOM2/NFIB/NTRK2/NOTCH1/THRB/BMP6/GRHL3/CPAMD8/FZD5/TGFBR2/ADAMTS9/CLDN19/SPRY1/OSR2/CLDN3/VSTM4/P2RY12/ZEB2/FOS/COL8A2/ANGPTL7/PTPRM/FZD4/PLAAT3/IRX5/SOX11/JUN/NECTIN3/SOX12/FJX1/MAB21L1/TSKU/SLITRK6/WT1/COL4A1/SAMD11/WNT7B/TMEM215/MFAP5/RD3/SMOC1/ARHGEF15/RORB/COL5A2/HMGN1/TENM3/AQP1,108
BP,GO:0010876,lipid localization,117/2867,483/18860,0.24223602484472,1.59350241666251,5.59457316035675,1.00419105527098e-07,5.926677111643e-06,4.17172880907158e-06,CFTR/SLC4A1/ABHD5/NR1H3/ATP9A/VMP1/ACSL4/PTGS2/ACACB/EDN1/SLCO1A2/APOB/CETP/PITPNM2/TREM2/PLA2G3/PLTP/SLCO4A1/CAV1/TMEM97/SLC27A6/PLSCR4/POMC/PLA2G4A/SLC2A1/PLPPR4/MYB/SPP1/ECRG4/CRHR1/TNFSF11/CLU/LYPLA1/ABCC11/KCNJ8/CRY2/EEPD1/INHBA/LRP1/WNK4/APOL3/LBP/ATP8B3/PPARG/ANO3/SPX/ANXA1/CD36/IL6/RBP4/SLCO1C1/ESYT1/ABCA8/CRABP2/GULP1/ABCA12/AGTR1/SLC10A6/PMP2/VLDLR/PLIN2/ANO4/ACSL1/DAB2/BMP6/ABCA9/ABCA6/ABCA10/ABCA5/RBP7/SLC51A/ETNPPL/FABP7/FABP5/ABCA1/SERINC2/PLA2G4F/PCSK9/KCNK9/FABP4/VSTM2A/ABCD2/C1QTNF1/LEP/FZD4/LPL/CIDEA/ANO6/PNPLA2/APOLD1/ADIPOQ/ATG9B/TMEM30B/TSKU/SPNS2/APOBR/ANO9/PRKN/PTCH1/IRS2/PPARA/AKR1C1/CIDEC/PLA2G2C/PLA2G2A/APOD/ACSL5/NMB/CES1/DISP3/CPT1B/MFSD2B/XKR4/PLIN5/STARD10/APOL6/MIF,117
BP,GO:0009914,hormone transport,89/2867,343/18860,0.259475218658892,1.70690708891061,5.59412661349645,1.40451463345959e-07,7.97948080074845e-06,5.61667681752408e-06,CFTR/ABCC8/MLXIPL/NNAT/PTPRN/ACSL4/FGFR1/EDN1/RAPGEF3/C1QTNF3/OPRK1/LTBP4/SLC7A8/PLA2G3/SLCO4A1/SLC7A5/TFR2/GATA3/GPLD1/PDE8B/POMC/TACR1/PASK/KISS1R/MYB/VAMP8/SPP1/ECRG4/GPR68/CRHR1/TNFSF11/CRY2/INHBA/ACVR1C/SOX4/NR1D1/WNK4/GNAI1/GNAZ/KCNA5/PPARG/GRP/ANXA1/HNF1A/IL6/BLK/IL1RN/CCN3/RBP4/HADH/SLCO1C1/ILDR2/ABCA12/AGTR1/ILDR1/CRHBP/HMGA2/ADRA2A/FOXO1/DAB2/BMP6/KCNB1/INHBB/ADORA1/F2RL2/GPER1/KCNK9/KISS1/GPR27/TRH/C1QTNF1/LEP/FZD4/SOX11/ADIPOQ/HCAR2/ABAT/BMP8A/ADRA2C/EFNA5/PRKN/IRS2/FFAR4/KCNJ11/NMB/FAM3D/ITSN1/AQP1/DOC2B,89
BP,GO:0060047,heart contraction,73/2867,265/18860,0.275471698113208,1.81213680726024,5.63718447949285,1.51248687003529e-07,8.3585524390405e-06,5.88350155664447e-06,SCN4A/ATP1A2/ADRB1/CELF2/ATP2B4/ABCC9/RPS6KA2/ATP2A3/EDN1/TBX5/DSP/SNTA1/SGCG/JPH1/ATP1A3/CAV1/SLC1A1/POPDC1/TBX18/FGF12/EPAS1/RGS4/CASQ2/KCNIP2/ADRA1A/KCNJ8/THRA/EDN2/ADM2/ATP1B2/TNNI3/KCNA5/ACE2/HRC/SPX/EDNRB/SCN2A/BIN1/ATP1B1/CORIN/ANK2/GSN/ADM/THRB/KCNE4/SCN3A/CACNA2D1/CXADR/CLIC2/CACNA1D/S100A1/MYL3/KCNJ3/ADORA1/AVPR1A/SCN11A/SCN9A/ADRA1B/VEGFB/HSPB7/DES/NPPA/IRX5/SCN4B/IRX3/KCNE1/CAV3/SCN8A/ASPH/PLN/DMD/APELA/FXYD1,73
BP,GO:0003015,heart process,75/2867,275/18860,0.272727272727273,1.79408314043822,5.61641573899599,1.5971142532505e-07,8.66862280849088e-06,6.10175699197677e-06,SCN4A/FYN/ATP1A2/ADRB1/CELF2/ATP2B4/ABCC9/RPS6KA2/ATP2A3/EDN1/TBX5/DSP/SNTA1/SGCG/JPH1/ATP1A3/CAV1/SLC1A1/POPDC1/TBX18/FGF12/EPAS1/RGS4/CASQ2/KCNIP2/ADRA1A/KCNJ8/RAMP3/THRA/EDN2/ADM2/ATP1B2/TNNI3/KCNA5/ACE2/HRC/SPX/EDNRB/SCN2A/BIN1/ATP1B1/CORIN/ANK2/GSN/ADM/THRB/KCNE4/SCN3A/CACNA2D1/CXADR/CLIC2/CACNA1D/S100A1/MYL3/KCNJ3/ADORA1/AVPR1A/SCN11A/SCN9A/ADRA1B/VEGFB/HSPB7/DES/NPPA/IRX5/SCN4B/IRX3/KCNE1/CAV3/SCN8A/ASPH/PLN/DMD/APELA/FXYD1,75
BP,GO:0043491,phosphatidylinositol 3-kinase/protein kinase B signal transduction,91/2867,354/18860,0.257062146892655,1.69103316721154,5.55715426340325,1.61483624492495e-07,8.68724737424671e-06,6.11486663774562e-06,CX3CL1/FYN/DCN/IGF1/MYOC/PREX2/ERBB3/FGFR3/EPHA8/FERMT2/FGFR1/EDN1/RAPGEF3/LRP2/TYRO3/TREM2/XBP1/PPP1R16B/FLT1/RGCC/ENG/PIP5K1B/GATA3/UNC5B/NHERF1/IL26/WNT5A/FN1/ITGB1BP1/TEK/TNFSF11/CAT/RAMP3/TWIST1/NDP/CCR7/RRAS/KDR/GDF15/INPP5K/VAV3/PDGFRA/SPRY2/KLF4/IL33/CCL21/CEP55/FGF2/NTRK3/ERBB2/TPBG/EGFR/NTRK2/MMP3/ADRA2A/IL18/AKR1C2/ADAM8/PDE3B/ANGPT1/KIT/PINK1/DDR2/MST1R/GPER1/RET/TMEM100/IGF2/P2RY12/CAVIN3/RASGRP1/VEGFB/C1QTNF1/SELP/PHLDA3/LEP/ERBB4/NRXN1/F2R/CAV3/ADRA2C/EFNA5/PROS1/FAM110C/IRS2/PPARA/PEAR1/RELN/AKR1C3/MIR126/FCGR3A,91
BP,GO:0043010,camera-type eye development,95/2867,379/18860,0.25065963060686,1.64891546328754,5.40322686782186,3.06602178386169e-07,1.56624759866346e-05,1.10246603727535e-05,SOX8/USH1C/VIM/FOXC1/ATP2B4/CRYBG3/CACNA1S/GRHL2/NRP1/MYOM1/FLT1/SLC17A7/TSPAN12/SLC1A1/GATA3/CRYAB/WNT5A/EFEMP1/DLX2/PROX1/OPN4/INHBA/TWIST1/NDP/SOX4/SOX9/RHOJ/BCL11B/KDR/FOXP2/DLL4/ALDH1A2/CDKN1C/RAB11FIP4/SERPINF1/NES/PDE6B/PDGFRA/SPRY2/KLF4/TMOD1/TFAP2A/RBP4/FGF2/BMPR1B/FBN2/KERA/ACVRL1/NTRK3/ARSG/SLC6A3/EPHA2/CNGA3/SDK1/EGFR/SHROOM2/NFIB/NTRK2/NOTCH1/THRB/GRHL3/FZD5/TGFBR2/ADAMTS9/CLDN19/SPRY1/OSR2/CLDN3/VSTM4/ZEB2/FOS/COL8A2/ANGPTL7/PTPRM/FZD4/PLAAT3/IRX5/SOX11/JUN/NECTIN3/SOX12/FJX1/MAB21L1/TSKU/SLITRK6/WT1/COL4A1/SAMD11/WNT7B/RD3/ARHGEF15/RORB/HMGN1/TENM3/AQP1,95
BP,GO:0003158,endothelium development,47/2867,149/18860,0.315436241610738,2.07503575750908,5.57796458789114,3.80451977034642e-07,1.86513513580128e-05,1.31284998866369e-05,TNMD/TIE1/EDN1/RAPGEF3/EZR/NRP1/PPP1R16B/TJP3/PTPRS/MET/FGF1/AMOTL2/PROC/PROX1/NDP/ID1/KDR/DLL4/ROCK2/EDNRB/ACVRL1/ITGAX/LCN2/NOTCH1/MARVELD2/BMP6/ROBO4/CLDN1/FSTL1/HEY1/SOX17/CLDN3/TMEM100/MESP1/ATOH8/CXCL10/FASN/S1PR1/CD34/FZD4/APOLD1/CDH5/FZD2/CLDN5/PDE2A/SOX18/NOTCH4,47
BP,GO:0046879,hormone secretion,85/2867,331/18860,0.256797583081571,1.6892927858104,5.3567323521673,4.28358221349869e-07,2.05038553353217e-05,1.44324589290279e-05,CFTR/ABCC8/MLXIPL/NNAT/PTPRN/ACSL4/FGFR1/EDN1/RAPGEF3/C1QTNF3/OPRK1/LTBP4/PLA2G3/TFR2/GATA3/GPLD1/PDE8B/POMC/TACR1/PASK/KISS1R/MYB/VAMP8/SPP1/ECRG4/GPR68/CRHR1/TNFSF11/CRY2/INHBA/ACVR1C/SOX4/NR1D1/WNK4/GNAI1/GNAZ/KCNA5/PPARG/GRP/ANXA1/HNF1A/IL6/BLK/IL1RN/CCN3/RBP4/HADH/ILDR2/ABCA12/AGTR1/ILDR1/CRHBP/HMGA2/ADRA2A/FOXO1/DAB2/BMP6/KCNB1/INHBB/ADORA1/F2RL2/GPER1/KCNK9/KISS1/GPR27/TRH/C1QTNF1/LEP/FZD4/SOX11/ADIPOQ/HCAR2/ABAT/BMP8A/ADRA2C/EFNA5/PRKN/IRS2/FFAR4/KCNJ11/NMB/FAM3D/ITSN1/AQP1/DOC2B,85
BP,GO:0140353,lipid export from cell,23/2867,52/18860,0.442307692307692,2.90963483673634,5.83833351710901,5.47499310736996e-07,2.54064756486275e-05,1.78833643884764e-05,ACSL4/PTGS2/EDN1/PLA2G3/POMC/PLA2G4A/MYB/SPP1/ECRG4/CRHR1/TNFSF11/CRY2/INHBA/WNK4/AGTR1/DAB2/BMP6/KCNK9/C1QTNF1/LEP/FZD4/NMB/MIF,23
BP,GO:0072006,nephron development,49/2867,160/18860,0.30625,2.01460585978375,5.4568845094907,5.85608733769797e-07,2.67315660602378e-05,1.88160822910393e-05,SOX8/FOXC1/EDN1/WNT11/SIX4/EYA1/GATA3/ACTA2/FGF1/NID1/TCF21/PKD2/TEK/EGR1/SOX9/BMP2/WNK4/FOXJ1/PDGFRA/EDNRB/SULF1/PLCE1/FGF2/ENPEP/OSR1/GPC3/NOTCH1/KIRREL3/ANGPT1/KIF26B/KLF15/RET/GREM1/NPNT/UMOD/IRX1/CD34/IRX3/ERBB4/ADIPOQ/TACSTD2/WT1/PTCH1/WNT7B/SULF2/POU3F3/LGR4/AQP1/HOXB7,49
BP,GO:0045444,fat cell differentiation,70/2867,259/18860,0.27027027027027,1.7779202292631,5.33734171749017,5.89246562275351e-07,2.67315660602378e-05,1.88160822910393e-05,SOX8/ADRB1/LMO3/ADGRF5/FERMT2/PTGS2/RUNX1T1/C1QTNF3/MMP11/XBP1/TRIB3/E2F1/MEDAG/SFRP1/CCN4/RARRES2/PPARGC1A/ZBTB16/WNT5A/MSX2/KCNJ8/ARL4A/NR4A1/BMP2/NR1D1/STEAP4/ZFP36/ANGPTL8/SLC7A10/LRP3/PPARG/PDGFRA/IL6/KLF4/PIM1/SMAD6/PTPRQ/NUDT7/RORC/SFRP2/ADIRF/TLCD3B/HMGA2/FOXO1/CCDC3/NPR2/INHBB/CDS1/GPER1/ADRB2/ZFPM2/FABP4/VSTM2A/LRG1/LRRC8C/ID4/LEP/LPL/CIDEA/TMEM64/ADIPOQ/SLC2A4/FFAR4/ADRB3/LAMB3/MB/GRK5/EBF2/CEBPD/CEBPA,70
BP,GO:0003073,regulation of systemic arterial blood pressure,38/2867,112/18860,0.339285714285714,2.23192485923564,5.53635545933965,6.41782973622008e-07,2.88992496048014e-05,2.03418930820543e-05,ADRB1/RPS6KA2/EDN1/CMA1/PCSK5/KCNK6/CORO2B/NCALD/RARRES2/ENG/TACR1/ADRA1A/AVPR2/EDN2/ADM2/TNNI3/ACE2/POSTN/KL/SPX/EDNRB/IER3/ENPEP/AGTR1/CORIN/ADM/ADORA1/AVPR1A/ANPEP/ADRB2/KCNK3/NPPA/OXTR/F2R/CYP4F12/ADRB3/MME/SUCNR1,38
BP,GO:0060537,muscle tissue development,108/2867,453/18860,0.23841059602649,1.56833757972082,5.18408574830251,7.07301823929239e-07,3.16153513798959e-05,2.22537299866282e-05,CYP26B1/SOX8/IGF1/FOXC1/YBX3/COL11A1/ERBB3/MYLK/PITX1/ABCC9/TGFBR3/FGFR1/NEBL/EDN1/CACNA1S/LRP2/TBX5/TLL2/DSP/SIX4/MYOM1/SGCG/NDRG4/EYA1/CAV2/CAV1/MEOX2/ENG/NEURL1/HLF/SOX6/BMP5/POPDC1/TBX18/SMYD1/RGS4/PROX1/CENPF/TCF21/PKD2/MSX2/TNN/EGR1/ADRA1A/KCNJ8/TWIST1/NR4A1/EFNB2/SOX9/BMP2/FOXP2/DLL4/ALDH1A2/TNNI3/MYH11/CCNB1/PDGFRA/ALPK3/PIM1/RBP4/FGF2/LEF1/MYLK3/RPL3L/MYOCD/OSR1/NOTCH1/PGM5/CXADR/RUNX1/NPR2/S100B/MYL3/FOXH1/MSX1/EOMES/ADAMTS9/PI16/TBX20/HEY1/CFL2/MESP1/GREM1/B4GALNT2/IGF2/COL3A1/ZFPM2/CDK1/FOS/FOXN2/S1PR1/CSRP2/NPPA/SOX11/IRX3/ERBB4/CAV3/WT1/MAFF/PTCH1/PPARA/KCNJ11/DNER/PAX5/KEL/PLN/DMD/MIR23A,108
BP,GO:0042698,ovulation cycle,27/2867,68/18860,0.397058823529412,2.61197398387328,5.63811838851366,8.1850612850953e-07,3.52886436539676e-05,2.48393237207259e-05,PTPRN/CA12/PGR/OPRK1/ESR1/TYRO3/AMH/MDK/NR5A2/TGFB3/EGR1/INHBA/TNFAIP6/STAT5A/SERPINF1/PDGFRA/LHCGR/BMPR1B/NOTCH1/ADAMTS1/NPR2/NPY5R/STAT5B/LEP/FZD4/SLIT3/NOTCH4,27
BP,GO:0018108,peptidyl-tyrosine phosphorylation,40/2867,122/18860,0.327868852459016,2.156821261729,5.42741172148717,9.05133939180404e-07,3.74306749406645e-05,2.63470781437046e-05,FYN/GPRC5A/FLT4/FGFR3/FGFR1/PTK6/ANGPT4/FLT1/SFRP1/CADM4/NEDD9/THBS4/PRLR/EFEMP1/CD80/SRMS/KDR/PDGFRA/IL6/BLK/ENPP2/FGF7/ERBB2/SFRP2/EGFR/IL18/ANGPT1/KIT/DMTN/FGFR4/DDR2/PKDCC/IL20/GPRC5B/VEGFB/CSPG4/DOK7/ERBB4/EFNA5/TNFRSF18,40
BP,GO:0001837,epithelial to mesenchymal transition,56/2867,195/18860,0.287179487179487,1.88915421283751,5.28431389290749,9.80915673407141e-07,4.01843306893255e-05,2.8285348915093e-05,IGF1/FOXC1/TGFBR3/FERMT2/FGFR1/EDN1/WNT11/TBX5/BAMBI/FAM83D/RGCC/SFRP1/HPN/EZH2/ENG/GATA3/COL1A1/MDK/BMP5/QKI/WNT5A/MARK1/TGFB3/MSX2/TWIST1/SOX9/BMP2/OVOL2/FOXA1/GSC/ROCK2/SPRY2/IL6/LEF1/SLC39A6/SFRP2/NOTCH1/NCAM1/HMGA2/ADAM8/DAB2/MSX1/EOMES/TGFBR2/SPRY1/TBX20/HEY1/TMEM100/GREM1/TNXB/APLF/LRG1/RFLNB/SP6/S100A4/NOTCH4,56
BP,GO:0043583,ear development,65/2867,238/18860,0.273109243697479,1.79659586192342,5.23626444611975,9.88158968314043e-07,4.01843306893255e-05,2.8285348915093e-05,USH1C/IGF1/MCOLN3/COL11A1/MYO3B/MCM2/FGFR1/EDN1/SIX4/EYA1/ESRP1/HPN/HOXA2/GATA3/CDH23/NHERF1/NKX3-2/LIN7A/BMP5/EYA4/SOBP/PTK7/TBX18/WNT5A/ELMOD3/OTX1/MYCL/PLPPR4/PROX1/ESRRB/PLS1/TWIST1/SOX9/BMP2/TCF15/GSC/SPRY2/TFAP2A/FGF2/LRIG3/DIAPH3/NTRK3/OSR1/CCNA2/SHROOM2/NOTCH1/SLC25A27/GRHL3/MSX1/BMPER/OSR2/CTHRC1/GABRB3/FOXI1/KCNK3/TPRN/NECTIN3/FZD2/TSKU/SLITRK6/MYO6/LHFPL5/SLC44A4/CEBPD/CEBPA,65
BP,GO:0018212,peptidyl-tyrosine modification,40/2867,123/18860,0.32520325203252,2.13928612951982,5.36714768163302,1.14634275930124e-06,4.52507638557937e-05,3.18515606053283e-05,FYN/GPRC5A/FLT4/FGFR3/FGFR1/PTK6/ANGPT4/FLT1/SFRP1/CADM4/NEDD9/THBS4/PRLR/EFEMP1/CD80/SRMS/KDR/PDGFRA/IL6/BLK/ENPP2/FGF7/ERBB2/SFRP2/EGFR/IL18/ANGPT1/KIT/DMTN/FGFR4/DDR2/PKDCC/IL20/GPRC5B/VEGFB/CSPG4/DOK7/ERBB4/EFNA5/TNFRSF18,40
BP,GO:1990778,protein localization to cell periphery,90/2867,365/18860,0.246575342465753,1.62204777080715,5.08102358223323,1.32218489168107e-06,5.05671407134178e-05,3.55937051627334e-05,SLC4A1/EHD2/CDH1/CAMK2B/ATP2B4/ATP2C2/PRKCZ/GPC4/EPB41L2/PKP1/TESC/EZR/SORBS1/TREM2/MISP/PALM/VTI1B/ZDHHC2/CAV1/AGR2/SLC1A1/NHERF1/CD81/KRT18/SPTBN1/VAMP8/ITGB1BP1/RHOQ/PLS1/LYPLA1/HYCC1/RAMP3/OPTN/LRP1/PACSIN1/WNK4/GNAI1/CRB3/RAMP2/RAMP1/INPP5K/ROCK2/CD36/MAP7/TMBIM1/STXBP1/SKAP1/ERBB2/EPHA2/KIF2C/ATP1B1/ABCA12/STAC/SNCA/ANK2/TPBG/EGFR/LYPD1/ANK3/DAB2/PID1/GRIP1/KCNB1/PKDCC/GPER1/TTC7B/PLEKHF1/PLK1/TMEM88/RAB26/RAB31/NSG1/UMOD/MRAP/CDH2/PRNP/LRRC15/SFN/ERBB4/AKAP5/NRXN1/ADIPOQ/CAV3/KCNB2/GPC6/PKP3/TRARG1/PTCH1/SAPCD2/FYB2,90
BP,GO:0071772,response to BMP,55/2867,192/18860,0.286458333333333,1.884410242995,5.21511260490675,1.33093313277625e-06,5.05671407134178e-05,3.55937051627334e-05,FSTL4/TGFBR3/FSTL3/LRP2/BAMBI/CHRDL1/ZNF423/SFRP1/COMP/CAV1/ENG/GATA3/BMP5/WNT5A/MSX2/SMAD9/EGR1/TNFAIP6/RUNX2/SOX9/BMP2/GDF5/ID1/KDR/PPARG/SULF1/SMAD6/BMPR1B/LEF1/ACVRL1/PCSK6/LEFTY2/SFRP2/SCUBE3/GPC3/NOTCH1/CRIM1/BMP6/MSX1/FSTL1/TBX20/BMPER/SPINT1/TMEM100/RBPMS2/GREM1/SPINT2/VSTM2A/SOSTDC1/DSG4/SOX11/CDH5/RGMA/BMP8A/TMPRSS6,55
BP,GO:0071773,cellular response to BMP stimulus,55/2867,192/18860,0.286458333333333,1.884410242995,5.21511260490675,1.33093313277625e-06,5.05671407134178e-05,3.55937051627334e-05,FSTL4/TGFBR3/FSTL3/LRP2/BAMBI/CHRDL1/ZNF423/SFRP1/COMP/CAV1/ENG/GATA3/BMP5/WNT5A/MSX2/SMAD9/EGR1/TNFAIP6/RUNX2/SOX9/BMP2/GDF5/ID1/KDR/PPARG/SULF1/SMAD6/BMPR1B/LEF1/ACVRL1/PCSK6/LEFTY2/SFRP2/SCUBE3/GPC3/NOTCH1/CRIM1/BMP6/MSX1/FSTL1/TBX20/BMPER/SPINT1/TMEM100/RBPMS2/GREM1/SPINT2/VSTM2A/SOSTDC1/DSG4/SOX11/CDH5/RGMA/BMP8A/TMPRSS6,55
BP,GO:0072659,protein localization to plasma membrane,76/2867,295/18860,0.257627118644068,1.69474972362299,5.09213749835283,1.50358129699697e-06,5.60752803953653e-05,3.94708296563943e-05,SLC4A1/EHD2/CDH1/CAMK2B/ATP2B4/ATP2C2/PRKCZ/PKP1/TESC/EZR/SORBS1/TREM2/PALM/VTI1B/ZDHHC2/AGR2/NHERF1/CD81/KRT18/SPTBN1/VAMP8/ITGB1BP1/RHOQ/PLS1/LYPLA1/HYCC1/RAMP3/OPTN/LRP1/PACSIN1/WNK4/CRB3/RAMP2/RAMP1/INPP5K/ROCK2/CD36/MAP7/TMBIM1/STXBP1/SKAP1/EPHA2/ATP1B1/ABCA12/STAC/ANK2/TPBG/EGFR/LYPD1/ANK3/DAB2/PID1/GRIP1/KCNB1/PKDCC/GPER1/TTC7B/PLEKHF1/TMEM88/RAB26/RAB31/NSG1/MRAP/CDH2/PRNP/LRRC15/SFN/AKAP5/NRXN1/ADIPOQ/CAV3/KCNB2/PKP3/TRARG1/PTCH1/FYB2,76
BP,GO:0001823,mesonephros development,35/2867,103/18860,0.339805825242718,2.23534630766574,5.32272284224638,1.68159786258937e-06,6.04877716371642e-05,4.25767381589896e-05,SOX8/CRLF1/FOXC1/FGFR1/WNT11/SIX4/EYA1/SFRP1/GATA3/ZBTB16/SIM1/FGF1/TCF21/PKD2/EPCAM/CAT/SOX9/BMP2/FOXJ1/SMAD6/FGF2/OSR1/GPC3/KIF26B/SPRY1/BMPER/OSR2/RET/GREM1/NPNT/TACSTD2/WT1/PTCH1/LGR4/HOXB7,35
BP,GO:0002526,acute inflammatory response,37/2867,112/18860,0.330357142857143,2.17318999451891,5.27239691796418,1.86538812480952e-06,6.66265332080726e-05,4.68977511001316e-05,PTGER3/PTGS2/GSTP1/GATA3/FN1/F3/TNFSF4/TNFSF11/CCR7/LBP/ASS1/F12/SAA2/EDNRB/IL6/IL1RN/LCN2/FCGR1A/ADAM8/FCGR3B/ADORA1/DNASE1L3/NPY5R/KLKB1/SCN11A/SAA1/ANO6/FUT7/F8/SERPINA3/C2CD4A/FCGR3A/HLA-E/C2CD4B/IGHG1/CEBPA/HP,37
BP,GO:0042692,muscle cell differentiation,104/2867,441/18860,0.235827664399093,1.55134626807356,4.96042534901218,1.92532672264083e-06,6.76535326412347e-05,4.76206457410099e-05,CYP26B1/CD9/IGF1/EHD2/NEBL/EDN1/CACNA1S/TBX5/XBP1/SIX4/MYL9/MYOM1/TNNT1/OLFM2/COMP/CAV2/EZH2/ENG/CCL8/CD81/SOX6/POPDC1/QKI/TBX18/SMYD1/SDC1/NID1/RGS4/PROX1/ADRA1A/KCNJ8/LDB3/EFNB2/SOX9/BMP2/WFIKKN1/FLNC/GDF15/TNNT3/SYNE1/RAMP2/MYH11/CCNB1/CAMK1/APLNR/PDGFRA/ADGRB3/LAMC1/EDNRB/ALPK3/BIN1/TMOD1/CCN3/CXCL9/MYLK3/RPL3L/MYOCD/SYPL2/ANK2/NOTCH1/ADM/UCHL1/PGM5/CXADR/ADAMTS5/KIT/PLPP7/SCGB3A1/MSX1/LMOD1/PI16/HEY1/GPER1/CFL2/AVPR1A/MESP1/RBPMS2/GREM1/B4GALNT2/IGF2/NPNT/CXCL10/CDK1/CDH2/KRT19/WFIKKN2/CSRP2/NPPA/TRIM72/IRX3/BHLHA15/CAV3/FOXO4/WT1/PPARA/MYMK/DNER/LAMA2/KEL/DMD/NOTCH4/MIR23A/ERVFRD-1/MYMX,104
BP,GO:0061458,reproductive system development,81/2867,323/18860,0.25077399380805,1.64966777928839,4.9863306354028,2.18379651005082e-06,7.57546801035787e-05,5.33229625061337e-05,FKBP4/SOX8/MAMLD1/IGF1/TNC/PTPRN/FOXC1/YBX3/ASPM/HOXA9/LRP2/PGR/TESC/ESR1/TYRO3/BIK/SIX4/SFRP1/AMH/GATA3/BMP5/PRLR/WNT5A/NR5A2/TCF21/KIF18A/INHBA/TNFAIP6/SOX9/STAT5A/KDR/FOXA1/CDKN1C/SERPINF1/PDGFRA/BRIP1/SULF1/LHCGR/RBP4/IDH1/BMPR1B/BRCA2/MYOCD/SPATA22/OSR1/SFRP2/NOTCH1/HMGA2/CCNO/BMP6/ADAMTS1/KIT/HOXB13/NPR2/INHBB/ANTXR2/RHOBTB3/DNAAF3/ADAM29/ADAM18/ZFPM2/ID4/STAT5B/LEP/FZD4/DMRTA1/BOK/IRX5/UMODL1/CSMD1/SLIT3/WT1/PTCH1/SYCP2/AKR1C3/ODAD3/NOTCH4/LGR4/SERPINB5/MCIDAS/HOXA10,81
BP,GO:0048608,reproductive structure development,80/2867,318/18860,0.251572327044025,1.65491945868515,4.98690820238327,2.20572106898066e-06,7.57546801035787e-05,5.33229625061337e-05,FKBP4/SOX8/MAMLD1/IGF1/TNC/PTPRN/FOXC1/YBX3/ASPM/HOXA9/LRP2/PGR/TESC/ESR1/TYRO3/BIK/SIX4/SFRP1/AMH/GATA3/BMP5/PRLR/WNT5A/NR5A2/TCF21/KIF18A/INHBA/TNFAIP6/SOX9/STAT5A/KDR/FOXA1/CDKN1C/SERPINF1/PDGFRA/BRIP1/SULF1/LHCGR/RBP4/IDH1/BMPR1B/BRCA2/MYOCD/OSR1/SFRP2/NOTCH1/HMGA2/CCNO/BMP6/ADAMTS1/KIT/HOXB13/NPR2/INHBB/ANTXR2/RHOBTB3/DNAAF3/ADAM29/ADAM18/ZFPM2/ID4/STAT5B/LEP/FZD4/DMRTA1/BOK/IRX5/UMODL1/CSMD1/SLIT3/WT1/PTCH1/SYCP2/AKR1C3/ODAD3/NOTCH4/LGR4/SERPINB5/MCIDAS/HOXA10,80
BP,GO:0060348,bone development,60/2867,220/18860,0.272727272727273,1.79408314043822,5.01605823529932,2.66394777644016e-06,8.75646613868282e-05,6.16358903450977e-05,CYP26B1/IGF1/MYOC/FOXN3/FOXC1/FGFR3/P2RX5/EPYC/PLS3/CCN4/COMP/OGN/COL1A1/ZBTB16/GHR/ITGB6/PAPPA2/LEPR/GPR68/MSX2/TNN/TNFSF11/TWIST1/RUNX2/SOX9/BMP2/KDR/TTC9/TRIM45/CHAD/TFAP2A/SULF1/MMP13/BMPR1B/FBLN5/BMP6/NPR2/CBS/LOC102724560/DHRS3/ALPL/DDR2/MSX1/TGFBR2/POC1A/OSR2/FREM1/GREM1/COL3A1/PTGER4/PHOSPHO1/LEP/ATG9B/BGN/TSKU/SPNS2/RFLNB/NOTUM/SULF2/SIGLEC15,60
BP,GO:0060840,artery development,38/2867,119/18860,0.319327731092437,2.10063516163354,5.0995128611975,3.44802828597746e-06,0.0001103187576339,7.7652271371182e-05,PLXND1/FOXC1/NGFR/MYLK/ADGRF5/EDN1/LRP2/APOB/WNT11/NRP1/EYA1/COMP/ENG/FOLR1/MDK/AKT3/PROX1/PKD2/LRP1/SOX4/EFNB2/DLL4/APLNR/SMAD6/ACVRL1/MYOCD/FKBP10/NOTCH1/FOXH1/TGFBR2/ADAMTS9/HEY1/SCN11A/COL3A1/LEP/PDE2A/SLC2A10/FAM3D,38
BP,GO:0044706,multi-multicellular organism process,61/2867,227/18860,0.268722466960352,1.76773830724529,4.92711791113164,3.72368321208925e-06,0.0001154911747259,8.12930840877701e-05,FKBP4/ABCC8/VMP1/ACSL4/PTGS2/EDN1/PGR/EPYC/ESR1/PCSK5/ACR/MMP9/STS/TIMP1/MAGED2/AMBP/RLN2/RLN1/CYP27B1/SLC38A1/VDR/CLIC5/PRLR/TACR1/SLC2A1/SPP1/CRHR1/PTGFR/RECK/ACVR1C/PTGIS/NDP/FOSB/STAT5A/PZP/ACE2/DSG1/IL11RA/FBN2/HSPG2/CORIN/CRHBP/ADRA2A/TPPP3/CBS/LOC102724560/GARIN4/AVPR1A/APLF/FOS/STOX2/STAT5B/LEP/NPPA/FUT7/OXTR/CSMD1/MAFF/SLC38A3/CLDN4/APELA,61
BP,GO:0072657,protein localization to membrane,106/2867,458/18860,0.231441048034935,1.5224897683777,4.79276598400701,3.82617356710239e-06,0.0001157106350597,8.14475600242548e-05,SLC4A1/FYN/EHD2/CDH1/CAMK2B/ATP2B4/ATP2C2/PRKCZ/FERMT2/GPC4/PKP1/DLG3/TESC/EZR/SORBS1/TREM2/SH3GLB1/PALM/VTI1B/CHRDL1/ZDHHC2/CAV1/AGR2/SLC1A1/NHERF1/CD81/KRT18/SPTBN1/VAMP8/ITGB1BP1/RHOQ/PLS1/LYPLA1/HYCC1/RAMP3/OPTN/LRP1/TNFAIP6/PACSIN1/WNK4/CRB3/RFTN1/RAMP2/RAMP1/INPP5K/ROCK2/LRP4/DSG3/CD36/MAP7/TMBIM1/STXBP1/SKAP1/ERBB2/EPHA2/KIF2C/ATP1B1/ABCA12/STAC/ANK2/TPBG/EGFR/GPC3/GSN/LYPD1/SLC7A11/ANK3/NMT2/FARP1/DAB2/PID1/RAB6B/GRIP1/KCNB1/PKDCC/PIGR/GPER1/TTC7B/PLEKHF1/TMEM88/RAB26/RAB31/NSG1/UMOD/NLGN1/MRAP/CDH2/PRNP/LRRC15/SFN/DOK7/ERBB4/AKAP5/NRXN1/ADIPOQ/CAV3/KCNB2/GPC6/PKP3/TRARG1/PRKN/PTCH1/FYB2/FZD9/RELN/SHANK3,106
BP,GO:0006631,fatty acid metabolic process,99/2867,421/18860,0.235154394299287,1.54691729211181,4.80509776979859,3.84496599474896e-06,0.0001157106350597,8.14475600242548e-05,PDK4/PRKAR2B/PDK2/MLXIPL/FMO1/ABHD5/NR1H3/DGAT2/ACSL4/ABCC9/ALDH3A2/PTGS2/MGLL/ACACB/EDN1/GSTP1/ECHDC1/FMO2/SCD/PLA2G3/XBP1/TRIB3/ETFB/CAV1/PPARGC1A/QKI/SLC27A6/EHHADH/KAT2B/ACADL/PECR/PLA2G4A/ACOT2/ELOVL3/GPAM/LYPLA1/TWIST1/ACADS/PLP1/PTGIS/PCK1/SOX9/EDN2/ECHS1/GDF15/ACSS2/PPARG/LPIN1/ECHDC3/CD36/HADH/NUDT7/CYP4B1/EPHX1/SNCA/AKR1C2/ACSL1/ACOXL/CYP2U1/ACOX1/CYGB/ABHD6/ELOVL7/FABP5/CTHRC1/FAAH2/HACD1/AVPR1A/ACAA2/GPX4/ANGPTL4/TNXB/PLA2G4F/FASN/CYP4F11/ABCD2/LEP/LPL/ADIPOQ/ACSM5/ACOT1/IRS2/CYP4Z1/CYP4F12/PPARA/AKR1C1/AKR1C3/ACSL5/ADH5/ELOVL2/CES1/MIR342/CPT1B/HACD2/PLIN5/FADS3/NME1/MIF/GSTA1,99
BP,GO:0060986,endocrine hormone secretion,24/2867,61/18860,0.39344262295082,2.5881855140748,5.26025723238474,3.99454592567998e-06,0.0001190335523637,8.37865283172814e-05,FGFR1/C1QTNF3/OPRK1/GATA3/POMC/SPP1/ECRG4/CRHR1/CRY2/INHBA/WNK4/PPARG/AGTR1/CRHBP/DAB2/BMP6/INHBB/KCNK9/KISS1/C1QTNF1/LEP/FZD4/HCAR2/AQP1,24
BP,GO:0031099,regeneration,54/2867,194/18860,0.278350515463918,1.8310745453957,4.92632912061858,4.27564713862186e-06,0.0001255635698342,8.83829423773093e-05,CD9/IGF1/TNC/F7/TGFBR3/SCARF1/P2RX5/GSTP1/AURKA/SLC7A5/PTPRS/EZH2/CXCL12/FOLR1/MDK/CD81/TNR/SPP1/GFAP/MAP1B/MATN2/POSTN/CCNB1/LPIN1/ANXA1/IL6/KLF4/CCN3/NTRK3/HSPG2/CERS2/CCNA2/IGFBP1/NFIB/NOTCH1/RUNX1/CLDN1/CA3/B4GALNT2/XIRP1/GJD4/JUN/ERBB4/RGMA/PTCH1/MYMK/EYS/FZD9/APOD/SULF2/SPAAR/CEBPA/FIGNL2/MYMX,54
BP,GO:0009612,response to mechanical stimulus,61/2867,228/18860,0.267543859649123,1.75998506905562,4.88822236704097,4.34066798125585e-06,0.0001268601954714,8.92956242095396e-05,FYN/ATP1A2/TNC/COL11A1/EDN1/SLC1A3/WNT11/HPN/CXCL12/COL1A1/MDK/TACR1/SLC2A1/PKD2/PPL/TEK/TNFRSF8/PHF24/SOX9/FOSB/GDF5/FOXP2/KCNA5/PKDREJ/HABP4/MAP1B/POSTN/CCNB1/MEIS2/ANO3/TLR4/FGF2/PTPRQ/GSN/TMC2/BMP6/KIT/PKD1L1/DDR2/STRBP/PKD1L2/SCN11A/CXCL10/SCN9A/FOS/CDH2/PTGER4/CNTNAP2/NPPA/JUN/NRXN1/CAV3/SLITRK6/PTCH1/KRT5/PDE2A/LHFPL5/DMD/ASIC3/AQP1/SHANK3,61
BP,GO:0003007,heart morphogenesis,71/2867,278/18860,0.255395683453237,1.68007066268854,4.83658047792208,4.56426114128379e-06,0.0001314983103216,9.25603469160319e-05,PLXND1/FOXC1/COL11A1/ABCC9/TGFBR3/EDN1/LRP2/GRHL2/WNT11/TBX5/DSP/NRP1/CCM2L/NDRG4/EYA1/ENG/GATA3/FOLR1/BMP5/WNT5A/PROX1/PKD2/MSX2/TEK/KCNJ8/TWIST1/STIL/SOX4/SOX9/BMP2/OVOL2/DLL4/ALDH1A2/TNNI3/MICAL2/APLNR/PIM1/SMAD6/RBP4/ACVRL1/SFRP2/NOTCH1/DNAAF1/ADAMTS1/ADAMTS5/MYL3/FOXH1/DHRS3/MSX1/TGFBR2/SPRY1/NPY5R/TBX20/HEY1/SOX17/DLC1/TMEM100/MESP1/ZFPM2/S1PR1/SOX11/JUN/FZD2/CAV3/CLDN5/SLIT3/FLRT2/NPY2R/PTCH1/PARVA/SOX18,71
BP,GO:0051302,regulation of cell division,53/2867,190/18860,0.278947368421053,1.83500082609733,4.89778542792997,4.87724190442075e-06,0.0001372627478563,9.66178769077503e-05,KLHL13/ASPM/CDC14B/AURKA/BIRC5/CDC6/SH3GLB1/MDK/FGF6/KIF20A/THBS4/FGF1/KAT2B/ECT2/KIF14/ITGB1BP1/TGFB3/ESRRB/CAT/E2F8/RAB11FIP4/CDCA8/KIF23/FGF2/BRCA2/FGF7/GAREM1/ANKRD53/SFRP2/VEGFC/CXCR5/RACGAP1/TAL1/KLHL21/PPBP/CHMP4C/SOX17/VEGFD/E2F7/PLK1/IGF2/DCDC1/VEGFB/KDF1/SFN/AURKB/MACC1/PTCH1/KIF18B/NAP1L2/BLM/PRC1/CDC14C,53
BP,GO:0003044,regulation of systemic arterial blood pressure mediated by a chemical signal,22/2867,54/18860,0.407407407407407,2.68005012337067,5.23454708898115,5.09755130664857e-06,0.0001428019096456,0.0001005168375528,ADRB1/RPS6KA2/EDN1/CMA1/PCSK5/TACR1/ADRA1A/AVPR2/EDN2/ACE2/EDNRB/ENPEP/AGTR1/CORIN/AVPR1A/ANPEP/ADRB2/OXTR/F2R/ADRB3/MME/SUCNR1,22
BP,GO:1901888,regulation of cell junction assembly,72/2867,285/18860,0.252631578947368,1.66188754061645,4.76705796646291,5.93355946733913e-06,0.0001617493632374,0.0001138537608436,MYCBP2/MYOC/GPM6B/CYFIP2/FERMT2/GPC4/CAMSAP3/FGFR1/TBX5/NRP1/SIX4/SYNDIG1/CBLN1/SFRP1/PTPRS/CAV1/NEURL1/LIN7A/WNT5A/MARK1/ITGB1BP1/TEK/ADGRB2/RAB17/KDR/ACE2/CRB3/LRRC4B/MAP1B/ROCK2/LRP4/DSG3/APLNR/ADGRB3/TLN1/ACVRL1/NTRK3/CBLN2/EPHA2/SNCA/LRRTM2/TPBG/NLGN4X/VLDLR/NTRK2/FARP1/DMTN/FZD5/CLDN1/DLC1/LRFN5/GREM1/CASKIN1/FAM107A/NLGN1/LRRC15/LRRN3/PEAK1/CNTNAP2/IRX3/NECTIN3/NRXN1/GPBAR1/CLDN5/EFNA5/SLITRK6/FLRT2/SLITRK2/THBS2/APOD/MYO1C/ARHGEF15,72
BP,GO:0035265,organ growth,52/2867,187/18860,0.27807486631016,1.82926124123112,4.82517790167443,6.58052683174086e-06,0.0001785849223667,0.0001257041427209,IGF1/FOXC1/YBX3/FGFR3/TGFBR3/ACACB/FGFR1/EDN1/TBX5/ESR1/NDRG4/COMP/SLC6A4/PRLR/LEPR/RGS4/PROX1/MSX2/ADRA1A/SOX9/CCNB1/SPRY2/PIM1/MMP13/RBP4/FGF2/FBLN5/FGF7/NLGN4X/NOTCH1/LATS2/RUNX1/NPR2/DDR2/FLVCR1/TGFBR2/POC1A/PI16/TBX20/MESP1/IGF2/ZFPM2/CDK1/S1PR1/LEP/NPPA/ERBB4/CAV3/TSKU/WT1/PPARA/MIR23A,52
BP,GO:0001945,lymph vessel development,16/2867,33/18860,0.484848484848485,3.18948113855683,5.32986028851249,6.81204737637759e-06,0.0001823956040594,0.0001283864434942,FLT4/FOXC1/TIE1/PROX1/EFNB2/KDR/FGF2/ACVRL1/EPHA2/VEGFC/PTPN14/NPR2/SVEP1/CLEC14A/CCBE1/SOX18,16
BP,GO:0007015,actin filament organization,107/2867,469/18860,0.228144989339019,1.50080728947817,4.6501032808643,6.81652840338564e-06,0.0001823956040594,0.0001283864434942,CX3CL1/BAIAP2L1/USH1C/TENM1/MYOC/CAPG/CYFIP2/SPTB/FERMT2/PAK3/NEBL/RAPGEF3/EZR/SORBS1/NRP1/MYL9/PLS3/RGCC/PYCARD/CORO2B/RHOV/SFRP1/MET/CCL24/KANK1/CXCL12/NEDD9/SPTBN1/TACR1/RND3/RHOU/RGS4/PROX1/ITGB1BP1/TGFB3/RHOQ/PLS1/ARHGAP40/PACSIN1/CCR7/RHOJ/AIF1L/CNN1/RHPN2/INPP5K/KANK4/WASF3/MICAL2/ROCK2/DSG3/BIN1/TMOD1/CCL21/FHDC1/SHROOM3/DIAPH3/OAZ3/TMEFF2/DAAM2/EPHA1/SHROOM2/SH3KBP1/DIAPH2/GSN/FAM171A1/ADD3/ESAM/CDC42EP2/EPS8/PLEKHH2/RHPN1/SHROOM4/DMTN/KASH5/LMOD1/DLC1/MICALL2/CFL2/MYO5B/FAM107A/XIRP1/RHOH/ZEB2/S1PR1/PTGER4/SYNPO/CCL11/SYNPO2/RND1/MYO1H/MARCKSL1/CAV3/RFLNB/KIRREL1/IQGAP3/TACSTD2/PRKN/KANK3/ESPN/EVL/MYO6/KANK2/CYRIA/MYO1C/ARHGEF15/SH3D21/SHANK3,107
BP,GO:0048844,artery morphogenesis,29/2867,83/18860,0.349397590361446,2.29844386264976,5.01946383026727,6.84096031017492e-06,0.0001823956040594,0.0001283864434942,FOXC1/MYLK/ADGRF5/EDN1/LRP2/APOB/WNT11/NRP1/EYA1/COMP/ENG/FOLR1/MDK/AKT3/PROX1/PKD2/LRP1/SOX4/EFNB2/DLL4/ACVRL1/MYOCD/FKBP10/NOTCH1/FOXH1/TGFBR2/ADAMTS9/HEY1/COL3A1,29
BP,GO:0007565,female pregnancy,54/2867,197/18860,0.274111675126904,1.80319016145567,4.79809644321139,7.00503196354995e-06,0.0001854237706474,0.000130517939703,FKBP4/ABCC8/VMP1/ACSL4/PTGS2/PGR/EPYC/ESR1/PCSK5/MMP9/STS/TIMP1/MAGED2/AMBP/RLN2/RLN1/CYP27B1/SLC38A1/VDR/CLIC5/PRLR/SLC2A1/SPP1/CRHR1/RECK/ACVR1C/PTGIS/NDP/FOSB/STAT5A/PZP/ACE2/DSG1/IL11RA/FBN2/HSPG2/CORIN/CRHBP/ADRA2A/TPPP3/CBS/LOC102724560/APLF/FOS/STOX2/STAT5B/LEP/NPPA/FUT7/OXTR/CSMD1/SLC38A3/CLDN4/APELA,54
BP,GO:0003151,outflow tract morphogenesis,29/2867,84/18860,0.345238095238095,2.27108143571346,4.94333097012502,8.943021901424e-06,0.0002255793781691,0.0001587830706673,PLXND1/FOXC1/TGFBR3/EDN1/LRP2/WNT11/NRP1/EYA1/ENG/FOLR1/MSX2/TWIST1/SMAD6/SFRP2/NOTCH1/FOXH1/DHRS3/TGFBR2/NPY5R/TBX20/SOX17/ZFPM2/SOX11/JUN/FZD2/CLDN5/NPY2R/PARVA/SOX18,29
BP,GO:0033622,integrin activation,14/2867,27/18860,0.518518518518518,3.41097288428994,5.3078991535109,9.57371392043821e-06,0.0002356218903738,0.0001658518946796,CX3CL1/FERMT2/FERMT1/RASIP1/CXCL12/FN1/KIF14/ITGB1BP1/TLN1/SKAP1/CXCL13/P2RY12/PTGER4/SELP,14
BP,GO:0060669,embryonic placenta morphogenesis,14/2867,27/18860,0.518518518518518,3.41097288428994,5.3078991535109,9.57371392043821e-06,0.0002356218903738,0.0001658518946796,LLGL2/GRHL2/BMP5/CDKN1C/LEF1/RSPO3/ADM/ST14/FZD5/SPINT1/IGF2/SPINT2/SOCS3/WNT7B,14
BP,GO:0014706,striated muscle tissue development,99/2867,430/18860,0.230232558139535,1.5145399534397,4.56981765480128,9.9610579856495e-06,0.0002441664173175,0.0001718663018321,CYP26B1/SOX8/IGF1/FOXC1/YBX3/COL11A1/ERBB3/PITX1/ABCC9/TGFBR3/FGFR1/NEBL/EDN1/CACNA1S/LRP2/TBX5/TLL2/DSP/SIX4/MYOM1/SGCG/NDRG4/EYA1/CAV2/CAV1/MEOX2/ENG/NEURL1/HLF/SOX6/BMP5/POPDC1/TBX18/SMYD1/RGS4/PROX1/CENPF/TCF21/MSX2/EGR1/ADRA1A/KCNJ8/TWIST1/NR4A1/EFNB2/BMP2/FOXP2/DLL4/ALDH1A2/TNNI3/MYH11/CCNB1/PDGFRA/ALPK3/PIM1/RBP4/FGF2/LEF1/MYLK3/RPL3L/MYOCD/NOTCH1/PGM5/CXADR/RUNX1/S100B/MYL3/FOXH1/MSX1/EOMES/ADAMTS9/PI16/TBX20/HEY1/CFL2/MESP1/GREM1/B4GALNT2/IGF2/ZFPM2/CDK1/FOS/FOXN2/S1PR1/NPPA/SOX11/IRX3/ERBB4/CAV3/WT1/MAFF/PPARA/KCNJ11/DNER/PAX5/KEL/PLN/DMD/MIR23A,99
BP,GO:0036303,lymph vessel morphogenesis,13/2867,24/18860,0.541666666666667,3.56324845948146,5.31998237038417,1.07425374820134e-05,0.0002601748420444,0.000183134472067,FLT4/FOXC1/TIE1/PROX1/FGF2/ACVRL1/EPHA2/VEGFC/PTPN14/SVEP1/CLEC14A/CCBE1/SOX18,13
BP,GO:0090596,sensory organ morphogenesis,74/2867,300/18860,0.246666666666667,1.62264852924079,4.6028075427493,1.10017381107338e-05,0.0002645269467706,0.0001861978751045,CYP26B1/SOX8/USH1C/COL11A1/MYO3B/FGFR1/EDN1/SIX4/EYA1/HPN/HOXA2/TSPAN12/SLC1A1/GATA3/CDH23/NHERF1/NKX3-2/SOBP/PTK7/TBX18/WNT5A/EFEMP1/OTX1/MFAP2/PROX1/PLS1/TWIST1/NDP/SOX4/SOX9/KDR/GSC/SPRY2/TFAP2A/RBP4/FGF2/FBN2/LRIG3/EPHA2/OSR1/SDK1/SHROOM2/NTRK2/NOTCH1/THRB/GRHL3/MSX1/FZD5/ADAMTS9/OSR2/CTHRC1/FOXI1/COL8A2/PTPRM/TPRN/IRX5/SOX11/NECTIN3/SOX12/FJX1/FZD2/TSKU/SLITRK6/SAMD11/TMEM215/MYO6/MFAP5/LHFPL5/RORB/COL5A2/SLC44A4/HMGN1/TENM3/AQP1,74
BP,GO:0003205,cardiac chamber development,49/2867,176/18860,0.278409090909091,1.83145987253068,4.69213940947224,1.15625131248048e-05,0.0002724361135104,0.000191765058557,PLXND1/FOXC1/COL11A1/TGFBR3/LRP2/GRHL2/WNT11/TBX5/DSP/NRP1/SALL4/ENG/GATA3/BMP5/PTK7/WNT5A/PROX1/MSX2/TEK/KCNJ8/SOX4/BMP2/OVOL2/DLL4/TNNI3/APLNR/SMAD6/RBP4/MYOCD/ANK2/SFRP2/NOTCH1/ADAMTS1/MYL3/FOXH1/DHRS3/TGFBR2/NPY5R/TBX20/HEY1/MESP1/ZFPM2/SOX11/FZD2/CAV3/SLIT3/NPY2R/PDE2A/PARVA,49
BP,GO:0031032,actomyosin structure organization,57/2867,215/18860,0.265116279069767,1.74401570396087,4.64545595256757,1.18268683249993e-05,0.0002746716414223,0.0001933386243204,ANLN/MYOC/FERMT2/NEBL/EDN1/RAPGEF3/EPB41L2/EPB41L4B/SORBS1/NRP1/SIX4/MYL9/MYOM1/RGCC/CORO2B/SFRP1/TNNT1/MET/ECT2/TACR1/PROX1/ITGB1BP1/TGFB3/LDB3/FLNC/CNN1/TNNT3/RHPN2/INPP5K/MYH11/ROCK2/PDGFRA/TMOD1/FHDC1/MYLK3/OAZ3/TMEFF2/EPHA1/FAM171A1/PGM5/RHPN1/RACGAP1/LMOD1/DLC1/CFL2/ZEB2/S1PR1/KRT19/PTGER4/SYNPO/FRMD3/CSRP2/CAV3/IQGAP3/TACSTD2/EVL/ARHGEF15,57
BP,GO:1990868,response to chemokine,32/2867,98/18860,0.326530612244898,2.14801790964031,4.82425597560007,1.18563833809174e-05,0.0002746716414223,0.0001933386243204,CX3CL1/FOXC1/EDN1/TREM2/CCL24/CXCL12/CCL8/CCR6/DUSP1/CXCR4/CCR7/STAT5A/GNAI1/ACKR4/ENTREP1/CCL21/CXCL9/ACKR3/CXCL13/CXCR5/CCR5/CXCL10/CXCL11/CCL11/CXCR6/CCR8/CXCR2/CCL13/CCR4/SLIT3/CXCR3/ACKR1,32
BP,GO:1990869,cellular response to chemokine,32/2867,98/18860,0.326530612244898,2.14801790964031,4.82425597560007,1.18563833809174e-05,0.0002746716414223,0.0001933386243204,CX3CL1/FOXC1/EDN1/TREM2/CCL24/CXCL12/CCL8/CCR6/DUSP1/CXCR4/CCR7/STAT5A/GNAI1/ACKR4/ENTREP1/CCL21/CXCL9/ACKR3/CXCL13/CXCR5/CCR5/CXCL10/CXCL11/CCL11/CXCR6/CCR8/CXCR2/CCL13/CCR4/SLIT3/CXCR3/ACKR1,32
BP,GO:0016053,organic acid biosynthetic process,82/2867,342/18860,0.239766081871345,1.5772543788258,4.56132962005538,1.18833100335717e-05,0.0002746716414223,0.0001933386243204,PDK4/FMO3/MLXIPL/FMO1/CPS1/NR1H3/ATP2B4/MTHFD2/ACSL4/PTGS2/MGLL/ACACB/EDN1/SLC1A3/GSTP1/PHGDH/SCD/PLA2G3/XBP1/TRIB3/PYCARD/PYCR3/UGDH/SLC38A1/QKI/AGXT2/EHHADH/KAT2B/ACADL/PECR/PLA2G4A/KMO/PROX1/ELOVL3/PLP1/PTGIS/NR1D1/EDN2/ALDH1A2/CDO1/ASS1/ACSS2/BHMT2/PSAT1/SDS/GAD2/BHMT/CYP39A1/ACSL1/CBS/LOC102724560/FGFR4/ACOX1/HAAO/ELOVL7/FABP5/CTHRC1/ALDH1A1/HACD1/AVPR1A/GPX4/ANGPTL4/PLA2G4F/FASN/UGP2/CYP4F11/ABCD2/LPL/SHMT1/SEPHS2/PYCR1/ABAT/ACSM5/AKR1C3/ELOVL2/CES1/MIR342/HACD2/FADS3/NME1/MIF/HOGA1,82
BP,GO:0051962,positive regulation of nervous system development,72/2867,291/18860,0.247422680412371,1.62762181812952,4.56834061211528,1.28543357670138e-05,0.0002948736118025,0.0002075585894455,PLXND1/SOX8/CX3CL1/TNFRSF12A/TNFRSF1B/CAMK2B/ASPM/WDR62/DCT/LRP2/NRP1/SOX10/E2F1/SYNDIG1/CBLN1/SLC7A5/METRN/PTPRZ1/CXCL12/NEURL1/WNT3/MDK/QKI/FN1/MYB/ADGRB2/CXCR4/BMP2/GFAP/LRRC4B/MAP1B/SERPINF1/ADGRB3/PLXNC1/IL6/BIN1/ITPKA/FGF2/NTRK3/CBLN2/CRABP2/LRRTM2/TTBK1/TPBG/NTRK2/NOTCH1/VEGFC/ROBO3/CHODL/KIT/GPER1/SPINT1/ZEB2/NLGN1/MAP6/LRRC15/ID4/LRRN3/FZD4/SOX11/CDH4/NRXN1/EFNA5/SLITRK6/FLRT2/SLITRK2/THBS2/RELN/MME/XRCC2/L1CAM/SHANK3,72
BP,GO:1905475,regulation of protein localization to membrane,49/2867,177/18860,0.27683615819209,1.82111264161243,4.64701712407829,1.36606300023606e-05,0.0003075665547568,0.0002164930251836,FYN/CAMK2B/ATP2B4/GPC4/PKP1/EZR/SORBS1/TREM2/VTI1B/ZDHHC2/AGR2/CD81/SPTBN1/VAMP8/RHOQ/PLS1/LYPLA1/RAMP3/LRP1/TNFAIP6/WNK4/LRP4/DSG3/CD36/TMBIM1/EPHA2/KIF2C/STAC/EGFR/GPC3/GSN/LYPD1/SLC7A11/FARP1/DAB2/PID1/PKDCC/GPER1/MRAP/CDH2/PRNP/LRRC15/SFN/DOK7/AKAP5/NRXN1/GPC6/PRKN/FZD9,49
BP,GO:0015837,amine transport,30/2867,90/18860,0.333333333333333,2.19276828275782,4.80234557666867,1.39446553443026e-05,0.0003112363606291,0.0002190761648742,ATP1A2/SYT1/OPRK1/SLC7A5/CXCL12/KMO/RGS4/ACE2/STXBP1/RHCG/SNCA/CHRNA6/ADRA2A/KCNB1/PINK1/FLVCR1/ADORA1/NPY5R/AVPR1A/RAB3B/TRH/SNCG/LEP/KCNA2/ABAT/ADRA2C/DRD1/NPY2R/PRKN/SLC38A3,30
BP,GO:0060560,developmental growth involved in morphogenesis,63/2867,246/18860,0.25609756097561,1.68468782699686,4.57665856289423,1.3973144373478e-05,0.0003112363606291,0.0002190761648742,TNFRSF12A/SEMA3G/CDH1/TNC/FSTL4/CYFIP2/PRKCZ/SYT1/SEMA3A/EDN1/WNT11/AURKA/ESR1/NRP1/SIX4/SYT17/SFRP1/PTPRS/CXCL12/WNT3/PTK7/FGF1/WNT5A/FN1/TNR/SPP1/TNN/NRN1/SOX9/EDN2/MAP1B/POSTN/EMX1/SPRY2/PAK6/CPNE8/NTRK3/RNF157/CRABP2/SFRP2/NOTCH1/NPR2/S100B/KIF26B/TRIM46/TGFBR2/SPRY1/MESP1/ZEB2/ALCAM/S1PR1/CCL11/CDH4/RGMA/NDN/SLIT3/EFNA5/CSF1/PRKN/WNT7B/SLC9A6/L1CAM/PLXNA4,63
BP,GO:0035904,aorta development,25/2867,69/18860,0.36231884057971,2.38344378560632,4.87437933652637,1.40796182222411e-05,0.0003112363606291,0.0002190761648742,PLXND1/NGFR/MYLK/LRP2/EYA1/ENG/PROX1/PKD2/LRP1/SOX4/EFNB2/DLL4/APLNR/SMAD6/ACVRL1/FKBP10/NOTCH1/FOXH1/TGFBR2/ADAMTS9/HEY1/COL3A1/LEP/PDE2A/FAM3D,25
BP,GO:0043588,skin development,79/2867,329/18860,0.240121580547112,1.57959295748816,4.49034623117791,1.60848023134407e-05,0.0003479697980904,0.0002449324645219,CYP26B1/ALX4/FOXC1/NGFR/PKP1/GRHL2/ITGA6/DSP/FERMT1/CASP14/CNFN/COMP/LSR/MET/EZH2/COL1A1/CYP27B1/VDR/WNT5A/ITGB6/PTCH2/PPL/MSX2/CSTA/HOXA7/INHBA/SOX9/TGM3/OVOL2/BCL11B/ZFP36/KRT17/PLAAT4/ROCK2/LRP4/ANXA1/KLF4/FGF7/EPHA2/ABCA12/EGFR/UGCG/NOTCH1/ST14/LATS2/IL18/APCDD1/GRHL3/EDA/TCHH/IL20/CLDN1/TMEM79/FOXQ1/DACT2/COL1A2/KLK5/KRT80/EVPL/DNASE1L2/COL3A1/LDB2/SOSTDC1/DSG4/KDF1/SFN/ETV4/PKP3/KRT5/KRT14/CLDN4/AKR1C3/CYSRT1/SLC2A10/SOX18/COL5A2/CDSN/LGR4/LTB,79
BP,GO:0010720,positive regulation of cell development,102/2867,451/18860,0.226164079822616,1.48777626280242,4.43917271154438,1.63099906026449e-05,0.0003515901874946,0.0002474808204544,PLXND1/SOX8/CX3CL1/TNFRSF12A/TNFRSF1B/CAMK2B/ASPM/PRKCZ/WDR62/DCT/LRP2/AURKA/TESC/TREM2/NRP1/PLA2G3/SOX10/XBP1/E2F1/SLC7A5/METRN/IL4I1/PTPRZ1/GATA3/CXCL12/VSIR/NEURL1/WNT3/ZBTB16/MDK/IL23A/NEDD9/QKI/BCL6/FN1/PROC/TNFSF4/MYB/GPR68/TNFSF11/CD80/CXCR4/PCK1/SOX4/BMP2/STAT5A/GFAP/MAP1B/SERPINF1/IL15RA/ANXA1/PLXNC1/IL6/BIN1/ITPKA/FGF2/LEF1/CD27/NTRK3/CRABP2/TTBK1/NTRK2/NOTCH1/VEGFC/IL18/ADAM8/ROBO3/CHODL/KIT/RUNX1/IL20/TGFBR2/GPER1/DCSTAMP/SPINT1/EEIG1/RHOH/ZEB2/BNC1/FOS/MAP6/ID4/CLEC7A/PDE3A/RASGRP1/STAT5B/FZD4/SOX11/SOX12/CDH4/CDH5/TMEM64/ADIPOQ/CLDN5/EFNA5/CSF1/RELN/MME/XRCC2/L1CAM/CR1/SHANK3,102
BP,GO:0001932,regulation of protein phosphorylation,90/2867,387/18860,0.232558139534884,1.52983833680778,4.45900905483879,1.64701838571206e-05,0.0003537888610156,0.0002490284447803,TENM1/GPRC5A/IGF1/FLT4/FGFR3/TRAF4/FGFR1/TPX2/CLSPN/CDC6/XBP1/MMP9/PTK6/TRIB3/ANGPT4/FLT1/PYCARD/CEMIP/SFRP1/RASIP1/CADM4/EZH2/RARRES2/FAM20A/MMD/NHERF1/NEDD9/SASH1/THBS4/PRLR/FGF1/WNT5A/ECT2/FN1/KIF14/ITGB1BP1/DUSP1/CD80/KLHL31/BMP2/PKMYT1/KDR/CDKN1C/CEP85/CAMK1/SPRY2/IL6/ENPP2/PIM1/FGF2/CENPE/PELI2/FGF7/TOM1L1/CARD14/ERBB2/SFRP2/EGFR/HMGA2/LATS2/IL18/ANGPT1/PROM2/KIT/CDC25C/DMTN/DDR2/IL20/NEK10/MST1R/GPER1/GPRC5B/YWHAG/FAXDC2/SYNPO2/RASGRP1/INSM1/VEGFB/CSPG4/LEP/NPPA/CCNE2/SFN/DOK7/CDK5R1/ERBB4/ADIPOQ/EFNA5/TNFRSF18/BLM,90
BP,GO:0061180,mammary gland epithelium development,26/2867,74/18860,0.351351351351351,2.31129629804203,4.78528429153021,1.79719725960188e-05,0.0003741493883945,0.0002633600165927,ATP2C2/PGR/ESR1/HOXA5/GATA3/WNT3/VDR/PRLR/NR3C1/WNT5A/MSX2/TNFSF11/STAT5A/FGF2/BRCA2/EPHA2/MSX1/SOSTDC1/CCL11/ERBB4/CAV3/CSMD1/IQGAP3/CSF1/PTCH1/WNT7B,26
BP,GO:0015850,organic hydroxy compound transport,72/2867,294/18860,0.244897959183673,1.61101343223023,4.47067868903859,1.86352841585637e-05,0.0003836673146816,0.0002700595898184,CFTR/NR1H3/GPM6B/SYT1/ACACB/OPRK1/SLCO1A2/APOB/CETP/TREM2/PLTP/SLC6A2/CAV1/CXCL12/SLC6A4/TMEM97/POMC/MYB/SLC16A7/SPP1/ECRG4/CRHR1/CLU/ABCC11/EEPD1/LRP1/WNK4/PPARG/CD36/SLC19A3/RBP4/SLCO1C1/ABCA8/SLC6A3/ABCA12/AGTR1/SLC10A6/SNCA/SLC22A3/CHRNA6/ADRA2A/DAB2/BMP6/ABCA5/KCNB1/PINK1/SLC5A11/FLVCR1/SLC51A/SLC29A4/ABCA1/AQP7/PCSK9/RAB3B/KCNK9/SNCG/C1QTNF1/KCNA2/MAPK15/ADIPOQ/TSKU/ABAT/ADRA2C/DRD1/NPY2R/PRKN/PTCH1/AKR1C1/NMB/CES1/ASIC3/AQP1,72
BP,GO:0055123,digestive system development,44/2867,155/18860,0.283870967741935,1.86738976338085,4.59102326314069,1.8712803704939e-05,0.0003836673146816,0.0002700595898184,IGF1/CPS1/ALX4/WNT11/PCSK5/SOX10/XBP1/PTK6/SFRP1/HOXA5/RARRES2/AGR2/NKX3-2/WNT5A/NR5A2/MYB/TCF21/SPDEF/SOX9/OVOL2/ALDH1A2/CDKN1C/ASS1/PYY/CCNB1/PDGFRA/EDNRB/MYOCD/SFRP2/EGFR/NOTCH1/DNAAF1/KIT/NPR2/PKDCC/FZD5/SOX17/RET/CLMP/RBPMS2/IGF2/COL3A1/SOX11/LGR4,44
BP,GO:0042325,regulation of phosphorylation,98/2867,431/18860,0.22737819025522,1.49576305134756,4.40828956785259,1.88862449775061e-05,0.0003839782047433,0.0002702784222269,TENM1/GPRC5A/IGF1/FLT4/FGFR3/TRAF4/FGFR1/TPX2/CLSPN/CDC6/NRP1/XBP1/MMP9/EEF1A2/PTK6/TRIB3/ANGPT4/FLT1/PYCARD/CEMIP/SFRP1/RASIP1/CADM4/EZH2/RARRES2/FAM20A/MMD/NHERF1/NEDD9/SASH1/THBS4/PRLR/FGF1/WNT5A/ECT2/FN1/KIF14/ITGB1BP1/DUSP1/CD80/INHBA/KLHL31/BMP2/PKMYT1/KDR/CDKN1C/CEP85/CAMK1/SPRY2/IL6/ENPP2/PIM1/BARD1/FGF2/CENPE/PELI2/FGF7/TOM1L1/CARD14/ERBB2/SFRP2/EGFR/HMGA2/LATS2/IL18/ANGPT1/PROM2/KIT/CDC25C/DMTN/DDR2/IL20/NEK10/MST1R/GPER1/GPRC5B/LDB2/YWHAG/FAXDC2/SYNPO2/RASGRP1/INSM1/VEGFB/CSPG4/CIMAP3/LEP/NPPA/CCNE2/SFN/DOK7/CDK5R1/ERBB4/ADIPOQ/EFNA5/PRKN/TNFRSF18/BLM/MIF,98
BP,GO:0000280,nuclear division,102/2867,453/18860,0.225165562913907,1.48120771418078,4.38933152068388,1.97912131216278e-05,0.0004004424294966,0.0002818674255467,CYP26B1/ANLN/IGF1/RAD51/ASPM/RPS6KA2/TRIP13/EDN1/CDC14B/RAD54L/AURKA/TPX2/BIRC5/KIF4A/MISP/MYBL2/RGCC/CAV2/NCAPG/RAD51AP1/TTK/KAT2B/WNT5A/NEK2/CENPF/KIF14/DUSP1/MSX2/NCAPH/MND1/KIF18A/ZWINT/CKS2/KIF25/DLGAP5/HSPA2/PKMYT1/CDKN1C/SGO1/CEP85/TOP2A/TESMIN/CCNB1/PSRC1/CDCA8/ESPL1/USP44/BRIP1/NUSAP1/KIF23/KNL1/BRDT/KIF11/CENPE/BRCA2/TOM1L1/SPATA22/P3H4/KIF2C/NUF2/ANKRD53/FANCD2/NFIB/MKI67/EPS8/SPC25/SKA1/EME1/FBXO43/BUB1B/CDC25C/NPR2/KASH5/RACGAP1/SPC24/HFM1/MSX1/MAD2L1/PTTG1/CHMP4C/PLK1/IGF2/CDT1/KCTD19/BUB1/CDK1/PDE3A/UBE2C/CCNE2/HSF5/HASPIN/RMI1/AURKB/MAPK15/CDCA2/KIF18B/SYCP2/PRC1/SYCE3/CDC14C/KIF4B/KIFC1,102
BP,GO:0015718,monocarboxylic acid transport,49/2867,180/18860,0.272222222222222,1.79076076425222,4.51337207149974,2.22454580576844e-05,0.0004463040908668,0.0003141489908094,ACSL4/PTGS2/ACACB/EDN1/SLCO1A2/PLA2G3/SLCO4A1/SLC16A6/NHERF1/SLC6A12/SLC27A6/PLA2G4A/SLC2A1/SLC16A7/TNFSF11/LYPLA1/ABCC11/KCNJ8/PPARG/SPX/ANXA1/CD36/SLCO1C1/CRABP2/SLC10A6/SLC22A3/PMP2/SLC26A7/PLIN2/ACSL1/SLC16A12/RBP7/SLC51A/FABP7/FABP5/PLA2G4F/FABP4/ABCD2/LEP/IRS2/PPARA/AKR1C1/PLA2G2C/PLA2G2A/ACSL5/NMB/CES1/CPT1B/MIF,49
BP,GO:0016055,Wnt signaling pathway,108/2867,487/18860,0.2217659137577,1.45884378565407,4.34357680614353,2.27726691797058e-05,0.0004524021436059,0.0003184413492105,TMEM132A/CELSR3/ADGRA2/MYOC/DEPDC1B/ASPM/FERMT2/CELSR1/GPC4/EDN1/WNT11/BAMBI/SOX10/SPEF1/FERMT1/SFRP1/CCN4/CAV1/KANK1/GATA3/RNF43/WNT3/COL1A1/NHERF1/FOLR1/MDK/MDFI/PTK7/TBX18/AMOTL2/WNT5A/SDC1/MARK1/TMEM9/PKD2/EGR1/RECK/LRP1/NDP/SOX4/SOX9/BMP2/KREMEN2/GSC/LRP4/MDFIC/EDNRB/KLF4/SULF1/FGF2/LEF1/ARHGEF19/CELSR2/RBMS3/SFRP2/DAAM2/TPBG/RSPO3/EGFR/IGFBP1/GPC3/NOTCH1/HMGA2/LATS2/FOXO1/TCF7L1/DAB2/APCDD1/EDA/PLPP3/FZD5/PRICKLE2/KLF15/SOX17/CTHRC1/NDRG2/AMOTL1/MESP1/GREM1/GPRC5B/IGFBP6/TMEM88/ROR2/ZEB2/CTNND2/CDH2/SOSTDC1/FZD4/NPPA/HIC1/SHISA3/FZD2/TMEM64/SHISA2/SIAH2/TSKU/NOTUM/PRKN/TRABD2A/LYPD6/WNT7B/FZD9/SULF2/TLE1/APCDD1L/GRK5/LGR4/TMEM170B,108
BP,GO:0001649,osteoblast differentiation,66/2867,265/18860,0.249056603773585,1.6383702640983,4.43104032814947,2.31689833764897e-05,0.0004572865257976,0.0003218794170383,SOX8/IGF1/MYOC/VCAN/TNC/FERMT2/WNT11/BAMBI/SFRP1/CCN4/HOXA2/WNT3/COL1A1/SPP1/SATB2/MSX2/SMAD9/CAT/TWIST1/TNFAIP6/RUNX2/SOX9/BMP2/ID1/PTPRB/LRP3/PPARG/RRAS2/IL6/SMAD6/FGF2/BMPR1B/LEF1/FBN2/EPHA2/SFRP2/SCUBE3/NOTCH1/VEGFC/CRIM1/BMP3/BMP6/CREB3L1/PTH1R/ALPL/DDR2/CTHRC1/GREM1/IGF2/NPNT/FASN/ID4/SOX11/TMEM64/PENK/TMT1A/PTCH1/FFAR4/WNT7B/SMOC1/RORB/LGR4/CEBPD/TWIST2/CEBPA/CLEC5A,66
BP,GO:0015872,dopamine transport,18/2867,43/18860,0.418604651162791,2.753709006254,4.87444052508902,2.34501831185316e-05,0.0004605793365436,0.000324197193626,SYT1/OPRK1/SLC6A2/CXCL12/SLC6A3/SNCA/SLC22A3/CHRNA6/PINK1/SLC29A4/RAB3B/SNCG/KCNA2/MAPK15/ABAT/DRD1/NPY2R/PRKN,18
BP,GO:0009913,epidermal cell differentiation,64/2867,255/18860,0.250980392156863,1.65102553054706,4.43160946530748,2.3702992072466e-05,0.0004618284897709,0.0003250764601031,CYP26B1/USH1C/FOXC1/MCOLN3/FGFR1/PKP1/GRHL2/SULT2B1/DSP/ESRP1/CASP14/CNFN/EZH2/CDH23/NHERF1/CYP27B1/VDR/WNT5A/ELMOD3/MYCL/PTCH2/PPL/MSX2/PLS1/CSTA/HOXA7/TGM3/OVOL2/BCL11B/ZFP36/KRT17/PLAAT4/ROCK2/ANXA1/KLF4/FGF2/EPHA2/ABCA12/UGCG/NOTCH1/ST14/LATS2/TCHH/IL20/TMEM79/KLK5/KRT80/EVPL/DNASE1L2/DSG4/KDF1/SFN/ETV4/TPRN/SLITRK6/MAFF/PTCH1/KRT5/KRT14/AKR1C3/MYO6/LHFPL5/SLC44A4/CDSN,64
BP,GO:0048839,inner ear development,55/2867,210/18860,0.261904761904762,1.722889365024,4.46015829986742,2.42714624059271e-05,0.0004698924202727,0.0003307525802215,USH1C/IGF1/MCOLN3/COL11A1/MYO3B/MCM2/FGFR1/SIX4/EYA1/ESRP1/HPN/GATA3/CDH23/NHERF1/LIN7A/EYA4/SOBP/PTK7/TBX18/WNT5A/ELMOD3/OTX1/MYCL/PLPPR4/PROX1/ESRRB/PLS1/SOX9/BMP2/SPRY2/TFAP2A/FGF2/LRIG3/DIAPH3/NTRK3/CCNA2/NOTCH1/SLC25A27/GRHL3/MSX1/BMPER/CTHRC1/GABRB3/FOXI1/KCNK3/TPRN/NECTIN3/FZD2/TSKU/SLITRK6/MYO6/LHFPL5/SLC44A4/CEBPD/CEBPA,55
BP,GO:0098661,inorganic anion transmembrane transport,39/2867,133/18860,0.293233082706767,1.9289766096441,4.55202567053159,2.4401771561845e-05,0.0004709154581728,0.0003314726863789,CFTR/SLC4A1/SLC4A8/SLC12A3/CLCN4/SLC1A3/FXYD3/SLC26A4/GABRP/GABRE/SLC6A2/SLC17A7/SLC1A1/VDR/CLIC5/SLC1A4/SLC12A4/BEST3/ANO3/SLC20A1/SLC26A1/SLC26A7/ANO4/SLC25A27/CLIC2/RACGAP1/SLC1A7/GABRG1/CLDN3/GABRB3/TMC4/TTYH1/ANO5/SLC26A9/ANO6/ANO9/GABRD/CLDN4/FXYD1,39
BP,GO:0048736,appendage development,52/2867,196/18860,0.26530612244898,1.74526455158275,4.44062751371738,2.73809025754283e-05,0.0005169208284348,0.0003638554068947,CYP26B1/ALX4/PITX1/FERMT2/FGFR1/HOXA9/GRHL2/TBX5/ITGA6/MAP3K20/PCSK5/SALL4/COMP/MEOX2/WNT3/ZBTB16/KAT2B/WNT5A/MSX2/TWIST1/RECK/HOXC11/RUNX2/SOX9/GDF5/ALDH1A2/KREMEN2/LRP4/TFAP2A/LEF1/FBN2/CRABP2/OSR1/AFF3/SFRP2/GPC3/NOTCH1/SLC7A11/NPR2/FLVCR1/PKDCC/MSX1/OSR2/ZNF219/GREM1/COL3A1/KDF1/HOXC10/PTCH1/ASPH/SMOC1/HOXA10,52
BP,GO:0060173,limb development,52/2867,196/18860,0.26530612244898,1.74526455158275,4.44062751371738,2.73809025754283e-05,0.0005169208284348,0.0003638554068947,CYP26B1/ALX4/PITX1/FERMT2/FGFR1/HOXA9/GRHL2/TBX5/ITGA6/MAP3K20/PCSK5/SALL4/COMP/MEOX2/WNT3/ZBTB16/KAT2B/WNT5A/MSX2/TWIST1/RECK/HOXC11/RUNX2/SOX9/GDF5/ALDH1A2/KREMEN2/LRP4/TFAP2A/LEF1/FBN2/CRABP2/OSR1/AFF3/SFRP2/GPC3/NOTCH1/SLC7A11/NPR2/FLVCR1/PKDCC/MSX1/OSR2/ZNF219/GREM1/COL3A1/KDF1/HOXC10/PTCH1/ASPH/SMOC1/HOXA10,52
BP,GO:0046394,carboxylic acid biosynthetic process,80/2867,339/18860,0.23598820058997,1.55240232407633,4.34541579291088,2.75784902442147e-05,0.0005174371672672,0.0003642188526404,PDK4/MLXIPL/CPS1/NR1H3/ATP2B4/MTHFD2/ACSL4/PTGS2/MGLL/ACACB/EDN1/SLC1A3/GSTP1/PHGDH/SCD/PLA2G3/XBP1/TRIB3/PYCARD/PYCR3/UGDH/SLC38A1/QKI/AGXT2/EHHADH/KAT2B/ACADL/PECR/PLA2G4A/KMO/PROX1/ELOVL3/PLP1/PTGIS/NR1D1/EDN2/ALDH1A2/CDO1/ASS1/ACSS2/BHMT2/PSAT1/SDS/GAD2/BHMT/CYP39A1/ACSL1/CBS/LOC102724560/FGFR4/ACOX1/HAAO/ELOVL7/FABP5/CTHRC1/ALDH1A1/HACD1/AVPR1A/GPX4/ANGPTL4/PLA2G4F/FASN/UGP2/CYP4F11/ABCD2/LPL/SHMT1/SEPHS2/PYCR1/ABAT/ACSM5/AKR1C3/ELOVL2/CES1/MIR342/HACD2/FADS3/NME1/MIF/HOGA1,80
BP,GO:0070588,calcium ion transmembrane transport,80/2867,339/18860,0.23598820058997,1.55240232407633,4.34541579291088,2.75784902442147e-05,0.0005174371672672,0.0003642188526404,CX3CL1/FYN/ATP1A2/MCOLN3/ATP2B4/ATP2C2/TRPC7/ATP2A3/CACNG4/EDN1/ADCYAP1R1/CACNA1S/P2RX5/CBARP/P2RX6/CACNA1F/CEMIP/JPH1/CAV1/TSPAN13/CACNG1/CASQ2/PKD2/CRHR1/KCNJ8/CCR7/NALF2/HRC/PKDREJ/APLNR/TMBIM1/EDNRB/BIN1/CCL21/TRPC6/PLCE1/FGF2/CXCL9/ATP1B1/CNGA3/SNCA/ANK2/TMC2/MCOLN2/CACNA2D1/PLCL2/SLC24A2/CLIC2/MICU3/MS4A1/CACNA1D/PKD1L1/CACHD1/CCR5/GPER1/LETM2/PKD1L2/SCN11A/CXCL10/CXCL11/TMEM37/PRNP/NPPA/CATSPER1/SLC35G1/GRIN1/ANO6/AKAP5/BHLHA15/F2R/DRD1/ANO9/CXCR3/CACNA1E/ASPH/CNGA1/PLN/RYR3/DMD/GRIN2B,80
BP,GO:0006835,dicarboxylic acid transport,33/2867,107/18860,0.308411214953271,2.02882299058901,4.51861542777959,3.28709713579398e-05,0.0006018754062798,0.0004236540855105,ABCC8/ATP1A2/SLC1A3/LRP2/SLC26A4/SLC17A7/SLC1A1/FOLR1/SLC1A2/SLC1A4/KMO/KCNJ8/GFAP/STXBP1/SLC26A1/SNCA/SLC26A7/NTRK2/SLC7A11/SLC1A7/ADORA1/NPY5R/SLC7A13/FOLR2/AVPR1A/TTYH1/TRH/LRRC8E/LRRC8C/SLC26A9/F2R/SLC25A18/ABAT,33
BP,GO:0060343,trabecula formation,13/2867,26/18860,0.5,3.28915242413673,4.94536453877832,3.31672908961259e-05,0.000605477361434,0.0004261894657586,TGFBR3/SFRP1/COL1A1/MSX2/TEK/OVOL2/CHAD/RBP4/FBN2/ADAMTS1/HEY1/GREM1/CAV3,13
BP,GO:0061572,actin filament bundle organization,47/2867,173/18860,0.271676300578035,1.78716952525348,4.40382182237872,3.42089853918348e-05,0.0006200211186639,0.0004364266711749,CX3CL1/BAIAP2L1/USH1C/MYOC/FERMT2/RAPGEF3/EZR/SORBS1/NRP1/MYL9/PLS3/RGCC/CORO2B/SFRP1/MET/NEDD9/TACR1/ITGB1BP1/TGFB3/PLS1/AIF1L/RHPN2/INPP5K/ROCK2/FHDC1/DIAPH3/OAZ3/TMEFF2/EPHA1/FAM171A1/EPS8/RHPN1/DMTN/DLC1/FAM107A/ZEB2/S1PR1/PTGER4/SYNPO/SYNPO2/RFLNB/TACSTD2/PRKN/ESPN/EVL/ARHGEF15/SHANK3,47
BP,GO:0001655,urogenital system development,24/2867,68/18860,0.352941176470588,2.32175465233181,4.6230331785561,3.42699614856191e-05,0.0006200211186639,0.0004364266711749,FKBP4/IGF1/TNC/HOXA9/WNT11/ESR1/SFRP1/AMH/PRLR/WNT5A/HELLS/SOX9/STAT5A/FOXA1/SERPINF1/SULF1/OSR1/NOTCH1/HOXB13/OSR2/ID4/PTCH1/SERPINB5/HOXA10,24
BP,GO:0046847,filopodium assembly,24/2867,68/18860,0.352941176470588,2.32175465233181,4.6230331785561,3.42699614856191e-05,0.0006200211186639,0.0004364266711749,TENM1/MYO3B/EZR/NRP1/PALM/SPEF1/PPP1R16B/NEURL1/TGFB3/RHOQ/RAB17/CCR7/FGD3/RAB3IP/ARHGEF4/CCL21/FGD4/DAAM2/DOCK11/FGD5/DMTN/TTYH1/NLGN1/NRXN1,24
BP,GO:0046661,male sex differentiation,48/2867,178/18860,0.269662921348315,1.7739249029052,4.39243503335447,3.4941756770608e-05,0.0006302995234674,0.0004436615376308,FKBP4/SOX8/MAMLD1/YBX3/DMRT3/ASPM/HOXA9/LRP2/TESC/ESR1/BIK/SIX4/SFRP1/AMH/GATA3/BMP5/WNT5A/NR5A2/TCF21/KIF18A/INHBA/SOX9/STAT5A/PDGFRA/BRIP1/LHCGR/RBP4/SFRP2/HMGA2/CCNO/BMP6/KIT/INHBB/RHOBTB3/DNAAF3/ADAM29/ADAM18/ZFPM2/STAT5B/BOK/CSMD1/WT1/SYCP2/AKR1C3/ODAD3/LGR4/MCIDAS/HOXA10,48
BP,GO:0051306,mitotic sister chromatid separation,23/2867,64/18860,0.359375,2.36407830484827,4.62812178607794,3.5686002254238e-05,0.0006364402124974,0.0004479839072912,TRIP13/BIRC5/TTK/CENPF/DUSP1/ZWINT/DLGAP5/CCNB1/CDCA8/ESPL1/USP44/KNL1/NUF2/SPC25/SKA1/BUB1B/SPC24/MAD2L1/PLK1/BUB1/UBE2C/HASPIN/AURKB,23
BP,GO:0045137,development of primary sexual characteristics,62/2867,248/18860,0.25,1.64457621206836,4.32625187501228,3.5746506985835e-05,0.0006364402124974,0.0004479839072912,SOX8/MAMLD1/PTPRN/FOXC1/YBX3/ASPM/HOXA9/ADCYAP1R1/LRP2/PGR/TESC/ESR1/BIK/SIX4/SFRP1/AMH/GATA3/WNT5A/NR5A2/TCF21/KIF18A/INHBA/TNFAIP6/SOX9/STAT5A/KDR/PDGFRA/BRIP1/LHCGR/RBP4/IDH1/BMPR1B/BRCA2/OSR1/SFRP2/NOTCH1/HMGA2/CCNO/ADAMTS1/KIT/NPR2/INHBB/RHOBTB3/DNAAF3/ADAM29/ADAM18/ZFPM2/STAT5B/LEP/FZD4/DMRTA1/BOK/IRX5/UMODL1/CSMD1/SLIT3/WT1/AKR1C3/ODAD3/NOTCH4/MCIDAS/HOXA10,62
BP,GO:0061383,trabecula morphogenesis,19/2867,48/18860,0.395833333333333,2.60391233577491,4.7107707452338,3.60150408124891e-05,0.0006364402124974,0.0004479839072912,TGFBR3/SFRP1/ENG/COL1A1/BMP5/MSX2/TEK/OVOL2/DLL4/CHAD/RBP4/FBN2/NOTCH1/ADAMTS1/FOXH1/HEY1/GREM1/S1PR1/CAV3,19
BP,GO:0008406,gonad development,61/2867,243/18860,0.251028806584362,1.65134401541021,4.32680101291912,3.61312347558532e-05,0.0006366428292198,0.0004481265271778,SOX8/MAMLD1/PTPRN/FOXC1/YBX3/ASPM/HOXA9/LRP2/PGR/TESC/ESR1/BIK/SIX4/SFRP1/AMH/GATA3/WNT5A/NR5A2/TCF21/KIF18A/INHBA/TNFAIP6/SOX9/STAT5A/KDR/PDGFRA/BRIP1/LHCGR/RBP4/IDH1/BMPR1B/BRCA2/OSR1/SFRP2/NOTCH1/HMGA2/CCNO/ADAMTS1/KIT/NPR2/INHBB/RHOBTB3/DNAAF3/ADAM29/ADAM18/ZFPM2/STAT5B/LEP/FZD4/DMRTA1/BOK/IRX5/UMODL1/CSMD1/SLIT3/WT1/AKR1C3/ODAD3/NOTCH4/MCIDAS/HOXA10,61
BP,GO:0051146,striated muscle cell differentiation,76/2867,321/18860,0.236760124610592,1.55748027560368,4.26527540250322,3.84676879845792e-05,0.0006700431955823,0.0004716367113778,CYP26B1/CD9/IGF1/EHD2/NEBL/EDN1/CACNA1S/TBX5/XBP1/SIX4/MYL9/MYOM1/TNNT1/CAV2/EZH2/CCL8/CD81/SOX6/POPDC1/TBX18/SMYD1/SDC1/RGS4/PROX1/ADRA1A/KCNJ8/LDB3/EFNB2/BMP2/FLNC/GDF15/TNNT3/MYH11/CCNB1/PDGFRA/ADGRB3/ALPK3/TMOD1/CCN3/CXCL9/MYLK3/RPL3L/MYOCD/NOTCH1/PGM5/CXADR/ADAMTS5/PLPP7/SCGB3A1/MSX1/LMOD1/PI16/CFL2/AVPR1A/MESP1/GREM1/B4GALNT2/IGF2/CXCL10/CDK1/CDH2/KRT19/CSRP2/NPPA/TRIM72/IRX3/BHLHA15/CAV3/WT1/PPARA/MYMK/DNER/KEL/MIR23A/ERVFRD-1/MYMX,76
BP,GO:0060713,labyrinthine layer morphogenesis,12/2867,23/18860,0.521739130434783,3.43215905127311,4.94149351196022,3.88516525948488e-05,0.0006747977032116,0.0004749833617986,LLGL2/GRHL2/BMP5/LEF1/RSPO3/ADM/ST14/FZD5/SPINT1/SPINT2/SOCS3/WNT7B,12
BP,GO:0051017,actin filament bundle assembly,46/2867,169/18860,0.272189349112426,1.79054451491467,4.3708069139592,3.91826145742677e-05,0.0006786071623845,0.0004776648020524,CX3CL1/BAIAP2L1/USH1C/MYOC/FERMT2/RAPGEF3/EZR/SORBS1/NRP1/MYL9/PLS3/RGCC/CORO2B/SFRP1/MET/NEDD9/TACR1/ITGB1BP1/TGFB3/PLS1/AIF1L/RHPN2/INPP5K/ROCK2/FHDC1/DIAPH3/OAZ3/TMEFF2/EPHA1/FAM171A1/EPS8/RHPN1/DMTN/DLC1/FAM107A/ZEB2/S1PR1/PTGER4/SYNPO/SYNPO2/TACSTD2/PRKN/ESPN/EVL/ARHGEF15/SHANK3,46
BP,GO:0072089,stem cell proliferation,38/2867,131/18860,0.290076335877863,1.90821056667474,4.41644790037311,4.01231413132151e-05,0.0006929220910313,0.0004877409373152,FERMT2/FGFR1/MECOM/WNT11/FERMT1/HOXA3/RNF43/WNT3/WNT5A/EPCAM/CDKN2C/RUNX2/SOX9/OVOL2/KDR/NES/PIM1/FGF2/BRCA2/SFRP2/NFIB/NOTCH1/HMGA2/VEGFC/RUNX1/TGFBR2/SOX17/OSR2/TTYH1/CD34/KDF1/SFN/SOX11/PTCH1/WNT7B/SOX18/ATXN1L/CEBPA,38
BP,GO:0060670,branching involved in labyrinthine layer morphogenesis,9/2867,14/18860,0.642857142857143,4.22891025960437,5.11703759184665,4.13367709018662e-05,0.000703882998074,0.0004954562102788,LLGL2/GRHL2/RSPO3/ADM/ST14/FZD5/SPINT1/SPINT2/SOCS3,9
BP,GO:0042471,ear morphogenesis,39/2867,136/18860,0.286764705882353,1.88642565501959,4.39258994421363,4.24388144093775e-05,0.0007152672871818,0.0005034694976483,USH1C/COL11A1/MYO3B/FGFR1/EDN1/SIX4/EYA1/HPN/HOXA2/GATA3/CDH23/NHERF1/NKX3-2/SOBP/PTK7/TBX18/WNT5A/OTX1/PROX1/PLS1/TWIST1/SOX9/GSC/SPRY2/TFAP2A/LRIG3/OSR1/GRHL3/MSX1/OSR2/CTHRC1/FOXI1/TPRN/NECTIN3/FZD2/SLITRK6/MYO6/LHFPL5/SLC44A4,39
BP,GO:0072009,nephron epithelium development,36/2867,122/18860,0.295081967213115,1.9411391355561,4.41550457694136,4.25189430831305e-05,0.0007152672871818,0.0005034694976483,SOX8/FOXC1/EDN1/WNT11/SIX4/EYA1/GATA3/FGF1/TCF21/PKD2/SOX9/BMP2/WNK4/FOXJ1/EDNRB/FGF2/OSR1/GPC3/NOTCH1/KIF26B/KLF15/GREM1/NPNT/UMOD/IRX1/CD34/IRX3/ADIPOQ/TACSTD2/WT1/PTCH1/WNT7B/POU3F3/LGR4/AQP1/HOXB7,36
BP,GO:0009952,anterior/posterior pattern specification,57/2867,224/18860,0.254464285714286,1.67394364442673,4.29615012002431,4.25491019944973e-05,0.0007152672871818,0.0005034694976483,MEOX1/ALX4/FOXC1/HES2/HOXA9/AURKA/PCSK5/SFRP1/HOXA2/HOXA3/HOXA5/HOXA6/MEOX2/WNT3/ZBTB16/TBX18/WNT5A/OTX1/HOXB8/MSX2/HOXA7/HOXC11/BMP2/TCF15/HOXD3/ALDH1A2/BHLHE40/CFC1/CFC1B/LEF1/PCSK6/CELSR2/LEFTY2/OSR1/SFRP2/GPC3/NOTCH1/ETS2/FOXH1/TDRD5/MSX1/FZD5/HEY1/SOX17/MESP1/ZEB2/HOXD4/EMX2/DMRT2/TDRD6/HOXC10/WT1/CYP26C1/XRCC2/HOXA4/HOXA10/HOXB7,57
BP,GO:0048863,stem cell differentiation,65/2867,265/18860,0.245283018867925,1.61354647221802,4.2587340208147,4.40213555275423e-05,0.0007351808248679,0.0005174864378816,MEOX1/SOX8/SEMA3G/FOXC1/SEMA3A/FGFR1/EDN1/TBX5/EFNB1/ESR1/NRP1/SOX10/SFRP1/EZH2/WNT3/FOLR1/SOX6/FN1/NR5A2/ESRRB/EPCAM/MSX2/SMAD9/HOXA7/TWIST1/RUNX2/SOX9/OVOL2/TCF15/ALDH1A2/FOXA1/GSC/SOX5/PDGFRA/EDNRB/FGF2/MYOCD/OSR1/SFRP2/NOTCH1/HMGA2/MSI2/SEMA3D/BATF/KIT/RADIL/TAL1/MSX1/EOMES/TGFBR2/SOX17/RET/GREM1/TTYH1/ZEB2/HOXD4/CDH2/A2M/ERBB4/TACSTD2/FOXO4/SEMA4B/KRT14/CYP26C1/SOX18,65
BP,GO:0008360,regulation of cell shape,40/2867,141/18860,0.283687943262411,1.86618577255985,4.37106725010848,4.45863766339929e-05,0.0007405480425083,0.000521264368758,PLXND1/FYN/FERMT2/EZR/BAMBI/PALMD/PALM/RHOV/HPN/CCL24/NHERF1/POPDC1/FN1/RHOU/RHOQ/RHOJ/FGD3/KDR/STRIP2/WASF3/ANXA1/ITGA7/PLXNC1/SHROOM3/FGD4/SH3KBP1/FAM171A1/CDC42EP2/EPS8/FGD5/KIT/FMNL2/DMTN/S100B/EPB42/CCL11/SYNE3/CCL13/PALM3/PARVA,40
BP,GO:0072224,metanephric glomerulus development,10/2867,17/18860,0.588235294117647,3.86959108721968,5.01161452779696,4.49981546209467e-05,0.0007433254944041,0.0005232193893997,TCF21/EGR1/PDGFRA/OSR1/RET/CD34/ADIPOQ/WT1/LGR4/AQP1,10
BP,GO:1902969,mitotic DNA replication,10/2867,17/18860,0.588235294117647,3.86959108721968,5.01161452779696,4.49981546209467e-05,0.0007433254944041,0.0005232193893997,RAD51/MCM2/FGFR1/CDC45/GINS1/MCM4/BCL6/BRCA2/TK1/CDK1,10
BP,GO:0140014,mitotic nuclear division,68/2867,281/18860,0.241992882562278,1.5919029526071,4.23253645191898,4.68331935572369e-05,0.0007694567125255,0.0005416128927743,ANLN/IGF1/TRIP13/EDN1/CDC14B/AURKA/TPX2/BIRC5/KIF4A/MISP/MYBL2/RGCC/CAV2/NCAPG/TTK/KAT2B/NEK2/CENPF/KIF14/DUSP1/NCAPH/KIF18A/ZWINT/KIF25/DLGAP5/PKMYT1/CDKN1C/CEP85/CCNB1/PSRC1/CDCA8/ESPL1/USP44/NUSAP1/KIF23/KNL1/KIF11/CENPE/TOM1L1/KIF2C/NUF2/ANKRD53/NFIB/MKI67/EPS8/SPC25/SKA1/FBXO43/BUB1B/CDC25C/RACGAP1/SPC24/MAD2L1/CHMP4C/PLK1/IGF2/CDT1/BUB1/CDK1/UBE2C/HASPIN/AURKB/CDCA2/KIF18B/PRC1/CDC14C/KIF4B/KIFC1,68
BP,GO:0030178,negative regulation of Wnt signaling pathway,49/2867,185/18860,0.264864864864865,1.74236182467783,4.29614961704087,4.81540655347515e-05,0.0007890257800155,0.0005553873638778,WNT11/SOX10/FERMT1/SFRP1/CAV1/RNF43/NHERF1/MDK/MDFI/TBX18/WNT5A/EGR1/LRP1/SOX9/BMP2/GSC/LRP4/RBMS3/SFRP2/TPBG/IGFBP1/GPC3/NOTCH1/HMGA2/LATS2/FOXO1/DAB2/APCDD1/SOX17/CTHRC1/MESP1/GREM1/IGFBP6/TMEM88/CDH2/SOSTDC1/NPPA/HIC1/SHISA3/TMEM64/SHISA2/SIAH2/TSKU/NOTUM/PRKN/TRABD2A/TLE1/APCDD1L/TMEM170B,49
BP,GO:0007548,sex differentiation,71/2867,297/18860,0.239057239057239,1.5725913947051,4.2112126026732,4.90793541820825e-05,0.0007998750511337,0.0005630240574295,FKBP4/SOX8/MAMLD1/PTPRN/FOXC1/YBX3/DMRT3/ASPM/HOXA9/ADCYAP1R1/LRP2/PGR/TESC/ESR1/TYRO3/BIK/SIX4/SFRP1/AMH/GATA3/BMP5/WNT5A/NR5A2/TCF21/KIF18A/INHBA/CNTFR/TNFAIP6/SOX9/STAT5A/KDR/PDGFRA/BRIP1/LHCGR/RBP4/IDH1/BMPR1B/BRCA2/OSR1/SFRP2/NOTCH1/HMGA2/CCNO/BMP6/ADAMTS1/KIT/NPR2/INHBB/RHOBTB3/DNAAF3/ADAM29/ADAM18/ZFPM2/DMRT2/STAT5B/LEP/FZD4/DMRTA1/BOK/IRX5/UMODL1/CSMD1/SLIT3/WT1/SYCP2/AKR1C3/ODAD3/NOTCH4/LGR4/MCIDAS/HOXA10,71
BP,GO:0001892,embryonic placenta development,29/2867,91/18860,0.318681318681319,2.0963828637355,4.43885109083411,4.96209597074235e-05,0.0008022495054825,0.0005646954121239,LLGL2/GRHL2/BMP5/MDFI/PCDH12/EPAS1/PKD2/OVOL2/E2F8/CDKN1C/LEF1/PLK4/RSPO3/EGFR/ADM/ST14/FZD5/EOMES/HEY1/E2F7/SPINT1/IGF2/SPINT2/KRT8/KRT19/ASCL2/SOCS3/WNT7B/CEBPA,29
BP,GO:0050873,brown fat cell differentiation,20/2867,53/18860,0.377358490566038,2.48237918802772,4.57557511841999,5.10059665792789e-05,0.0008181141710697,0.0005758623917366,ADRB1/PTGS2/PPARGC1A/ARL4A/SLC7A10/PIM1/NUDT7/ADRB2/FABP4/VSTM2A/LRG1/LEP/ADIPOQ/SLC2A4/FFAR4/ADRB3/LAMB3/MB/EBF2/CEBPA,20
BP,GO:0097205,renal filtration,15/2867,34/18860,0.441176470588235,2.90219331541476,4.70027524436971,5.35732649255166e-05,0.0008570312565321,0.0006032557393967,ADGRF5/MCAM/EDN1/CORO2B/RHPN2/JCHAIN/SULF1/ADORA1/TMEM63C/UMOD/CD34/F2R/KIRREL1/SULF2/AQP1,15
BP,GO:0030111,regulation of Wnt signaling pathway,82/2867,356/18860,0.230337078651685,1.51522752123153,4.15527193094576,5.46938187446808e-05,0.0008695846259714,0.0006120919307319,TMEM132A/ADGRA2/DEPDC1B/ASPM/WNT11/BAMBI/SOX10/SPEF1/FERMT1/SFRP1/CCN4/CAV1/KANK1/RNF43/WNT3/COL1A1/NHERF1/FOLR1/MDK/MDFI/PTK7/TBX18/WNT5A/TMEM9/EGR1/RECK/LRP1/SOX4/SOX9/BMP2/GSC/LRP4/MDFIC/SULF1/FGF2/LEF1/RBMS3/SFRP2/DAAM2/TPBG/RSPO3/EGFR/IGFBP1/GPC3/NOTCH1/HMGA2/LATS2/FOXO1/TCF7L1/DAB2/APCDD1/EDA/PLPP3/KLF15/SOX17/CTHRC1/MESP1/GREM1/GPRC5B/IGFBP6/TMEM88/ZEB2/CTNND2/CDH2/SOSTDC1/NPPA/HIC1/SHISA3/TMEM64/SHISA2/SIAH2/TSKU/NOTUM/PRKN/TRABD2A/LYPD6/FZD9/SULF2/TLE1/APCDD1L/LGR4/TMEM170B,82
BP,GO:0032835,glomerulus development,25/2867,74/18860,0.337837837837838,2.22240028657887,4.4608780624655,5.49301688391213e-05,0.0008695846259714,0.0006120919307319,FOXC1/EDN1/ACTA2/NID1/TCF21/TEK/EGR1/FOXJ1/PDGFRA/EDNRB/SULF1/PLCE1/ENPEP/OSR1/NOTCH1/KIRREL3/ANGPT1/KLF15/RET/CD34/ADIPOQ/WT1/SULF2/LGR4/AQP1,25
BP,GO:0019915,lipid storage,30/2867,96/18860,0.3125,2.05572026508546,4.39066164515473,5.59950700201067e-05,0.0008795711386362,0.0006191213372276,ABHD5/NR1H3/DGAT2/ACACB/APOB/TREM2/SQLE/CAV1/MEST/CRY2/ACVR1C/STAT5A/PPARG/CD36/IL6/PLIN2/CDS1/ABCA1/VSTM2A/STAT5B/LEP/LPL/CIDEA/PNPLA2/DGAT1/PPARA/CIDEC/CES1/PLIN5/SMIM22,30
BP,GO:0051056,regulation of small GTPase mediated signal transduction,74/2867,314/18860,0.235668789808917,1.55030114258674,4.16340173594823,5.67132304430374e-05,0.0008885559996474,0.0006254456911311,PLEKHG6/IGF1/DEF6/ARHGAP31/MYOC/PREX2/PSD/LPAR2/ARHGAP10/FERMT2/RAP1GAP/ADCYAP1R1/NRP1/DENND3/RASIP1/SIPA1L3/CADM4/MET/KANK1/ARHGAP21/FOXM1/ARFGEF3/RASGRF2/BCL6/WNT5A/ECT2/RHOU/SSX2IP/KIF14/TEK/PLEKHG1/IQSEC3/ARHGAP40/PSD4/CCR7/FGD3/STARD8/DOCK6/EPS8L1/VAV3/LRP4/ARHGEF4/SPRY2/ARHGAP20/FAM13A/FGD4/ERBB2/ARHGEF19/DOCK11/ARHGAP39/NOTCH1/EPS8/FGD5/CXCL13/KALRN/RACGAP1/SPRY1/DLC1/ABCA1/FBP1/ARHGEF40/COL3A1/PLEKHG5/RASGRP1/DOK7/F2R/CCDC125/CSF1/RASA3/RELN/KANK2/ARHGEF15/ITSN1/ARHGAP8,74
BP,GO:0035107,appendage morphogenesis,43/2867,157/18860,0.273885350318471,1.80170132787107,4.27085670505919,5.88188378184585e-05,0.0009168197823036,0.0006453402853766,CYP26B1/ALX4/PITX1/FGFR1/HOXA9/GRHL2/TBX5/MAP3K20/PCSK5/SALL4/WNT3/ZBTB16/WNT5A/MSX2/TWIST1/RECK/HOXC11/RUNX2/SOX9/GDF5/ALDH1A2/LRP4/TFAP2A/LEF1/FBN2/CRABP2/OSR1/AFF3/SFRP2/GPC3/NOTCH1/NPR2/FLVCR1/PKDCC/MSX1/OSR2/ZNF219/GREM1/COL3A1/HOXC10/PTCH1/ASPH/HOXA10,43
BP,GO:0035108,limb morphogenesis,43/2867,157/18860,0.273885350318471,1.80170132787107,4.27085670505919,5.88188378184585e-05,0.0009168197823036,0.0006453402853766,CYP26B1/ALX4/PITX1/FGFR1/HOXA9/GRHL2/TBX5/MAP3K20/PCSK5/SALL4/WNT3/ZBTB16/WNT5A/MSX2/TWIST1/RECK/HOXC11/RUNX2/SOX9/GDF5/ALDH1A2/LRP4/TFAP2A/LEF1/FBN2/CRABP2/OSR1/AFF3/SFRP2/GPC3/NOTCH1/NPR2/FLVCR1/PKDCC/MSX1/OSR2/ZNF219/GREM1/COL3A1/HOXC10/PTCH1/ASPH/HOXA10,43
BP,GO:0035909,aorta morphogenesis,16/2867,38/18860,0.421052631578947,2.76981256769409,4.62375055698697,6.08309728309831e-05,0.0009433456220396,0.0006640115589633,MYLK/EYA1/ENG/PROX1/LRP1/SOX4/EFNB2/DLL4/ACVRL1/FKBP10/NOTCH1/FOXH1/TGFBR2/ADAMTS9/HEY1/COL3A1,16
BP,GO:0001656,metanephros development,29/2867,92/18860,0.315217391304348,2.0735960934775,4.37052940922567,6.20515665598674e-05,0.000959825631342,0.0006756116728695,SOX8/SIX4/EYA1/TCF21/PKD2/EGR1/HOXC11/SOX9/FOXJ1/PDGFRA/OSR1/GPC3/KIF26B/SPRY1/SOX17/OSR2/RET/GREM1/UMOD/IRX1/CD34/IRX3/ADIPOQ/WT1/PTCH1/WNT7B/POU3F3/LGR4/AQP1,29
BP,GO:0006066,alcohol metabolic process,84/2867,368/18860,0.228260869565217,1.50156958493198,4.11406707581866,6.25696157015104e-05,0.0009633544233499,0.0006780955543099,CFTR/IGF1/HSD17B6/RETSAT/DGAT2/ALDH3A2/SCARF1/FGFR1/ADCYAP1R1/LIPE/MOXD1/LRP2/APOB/CETP/SULT2B1/SEC14L2/CYB5R3/ITPK1/SQLE/CYP3A5/CUBN/CYP27B1/ALDH2/BMP5/QKI/FGF1/ACADL/PECR/LEPR/PLA2G4A/DHDDS/CAT/MOGAT1/PCK1/BMP2/GNAI1/ALDH1A2/ACSS2/HSD17B7/RDH5/EDNRB/ITPKA/LHCGR/RBP4/IDH1/SORD/CYP11A1/PLPP2/AGTR1/SNCA/CYP39A1/VLDLR/TM7SF2/AKR1C2/DAB2/BMP6/ABCA5/PTH1R/PLPP3/DHRS3/GPR146/GPER1/ABCA1/ALDH1A1/ACAA2/DEGS2/PCSK9/SDR16C5/LEP/PNPLA2/TSKU/APOBR/DGAT1/INPP5J/AKR1C1/AKR1C3/ADH1B/SULT1C4/GK/CES1/MIR342/DISP3/CYP21A2/CEBPA,84
BP,GO:0008037,cell recognition,46/2867,172/18860,0.267441860465116,1.75931408732895,4.23557597398056,6.26431560666581e-05,0.0009633544233499,0.0006780955543099,PLXND1/CD9/VCAN/IGSF9/CD209/TREM2/NRP1/ACR/CNTNAP3/CRTAM/FOLR1/CD5/CD81/NEDD9/GZMK/PCDH12/PCSK4/COLEC11/CNR1/TNN/PAEP/CCR7/MASP1/LBP/ATP8B3/CD36/CCL21/FCN3/TNFRSF21/ZAN/FCGR1A/CLGN/ROBO4/ROBO3/NCAM2/ST6GALNAC6/FOLR2/ADAM18/CLEC7A/CNTNAP2/CDK5R1/NDN/COLEC10/PEAR1/C4B/C4A,46
BP,GO:1902903,regulation of supramolecular fiber organization,89/2867,395/18860,0.225316455696203,1.48220033290212,4.10071517902179,6.3458024489908e-05,0.0009716910097585,0.0006839635941972,FKBP4/CX3CL1/BAIAP2L1/TENM1/MYOC/CAPG/CYFIP2/SPTB/FERMT2/CAMSAP3/PAK3/EDN1/RAPGEF3/TPX2/TREM2/NRP1/SPEF1/MID1/RGCC/PYCARD/CORO2B/SFRP1/MET/CCL24/KANK1/CXCL12/CRYAB/SPTBN1/TACR1/RGS4/PROX1/ITGB1BP1/BBOF1/TGFB3/CLU/ARHGAP40/CCR7/MAP1B/RHPN2/INPP5K/KANK4/WASF3/PSRC1/ROCK2/BIN1/TMOD1/CCL21/DIAPH3/SLAIN1/MYLK3/HSPG2/OAZ3/ANKRD53/TMEFF2/SNCA/DAAM2/EPHA1/GSN/ADD3/ESAM/CDC42EP2/EPS8/PLEKHH2/SKA1/RHPN1/DMTN/LMOD1/DLC1/CFL2/S1PR1/PTGER4/SYNPO/CCL11/SYNPO2/CDK5R1/AURKB/CDH5/CAV3/KIRREL1/TACSTD2/INPP5J/PRKN/KANK3/EVL/KANK2/OCLN/CYRIA/ARHGEF15/SHANK3,89
BP,GO:0050730,regulation of peptidyl-tyrosine phosphorylation,26/2867,79/18860,0.329113924050633,2.16501172221658,4.39331853439184,6.51339998494765e-05,0.0009899116016385,0.0006967888867907,GPRC5A/FGFR3/PTK6/ANGPT4/SFRP1/CADM4/NEDD9/THBS4/CD80/IL6/ENPP2/FGF7/SFRP2/EGFR/IL18/ANGPT1/KIT/DMTN/IL20/GPRC5B/VEGFB/CSPG4/DOK7/ERBB4/EFNA5/TNFRSF18,26
BP,GO:0048771,tissue remodeling,51/2867,197/18860,0.258883248730964,1.70301293026369,4.1996578171681,6.52056703088838e-05,0.0009899116016385,0.0006967888867907,PDK4/IGF1/FLT4/FOXC1/TIE1/TIMP1/SFRP1/CAV1/HOXA3/MDK/IL23A/VDR/THBS4/NPR3/EPAS1/LEPR/SPP1/TNFSF11/NDP/GDF5/DLL4/PPARG/ROCK2/TMBIM1/IL6/ACVRL1/P3H4/EPHA2/RSPO3/IL18/ADAM8/RUNX1/NPR2/CBS/LOC102724560/PTH1R/DDR2/CTHRC1/DCSTAMP/GREM1/ADRB2/UMOD/S1PR1/CSPG4/LEP/TMEM64/F2R/BGN/RUFY4/SIGLEC15/LGR4,51
BP,GO:1990266,neutrophil migration,32/2867,106/18860,0.30188679245283,1.98590335042218,4.30971476215225,6.82698519979477e-05,0.0010298075193437,0.0007248712246876,CX3CL1/DPEP1/DAPK2/EDN1/MDK/IL23A/THBS4/TNFAIP6/XG/CCR7/EDN2/LBP/VAV3/C5AR2/CCL21/CXCL9/ITGA9/ADAM8/CCL28/MCOLN2/CXADR/CXCL13/CXCL3/PPBP/CXCL10/UMOD/GP2/SAA1/FUT7/CXCR2/FAM3D/ITGA1,32
BP,GO:0048483,autonomic nervous system development,18/2867,46/18860,0.391304347826087,2.57411928845483,4.52568366702432,6.87981465370273e-05,0.0010352077544519,0.0007286723962298,SOX8/KIF26A/SEMA3A/NRP1/SOX10/GATA3/SLC6A4/TLX2/FN1/SOX4/EDNRB/TFAP2A/ACKR3/GFRA3/RET/INSM1/SOX11/PLXNA4,18
BP,GO:0000022,mitotic spindle elongation,8/2867,12/18860,0.666666666666667,4.38553656551564,4.96699477723061,7.85840615055178e-05,0.0011680012466798,0.0008221444087503,BIRC5/KIF4A/CDCA8/KIF23/RACGAP1/AURKB/PRC1/KIF4B,8
BP,GO:0030900,forebrain development,93/2867,419/18860,0.221957040572792,1.46010107610843,4.03251725769719,7.91921087824968e-05,0.0011741678763141,0.0008264850377428,SEMA3G/FYN/ATP1A2/CDH1/DNAH5/ATP2B4/ASPM/KIF26A/PITX1/SEMA3A/WDR62/FGFR1/DCT/LRP2/TYRO3/NRP1/SUN2/E2F1/PTPRS/EZH2/LHX6/CXCL12/EZH1/SLC1A2/MDK/WNT5A/OTX1/DLX2/TNR/SLC2A1/PROX1/KIF14/FILIP1/INHBA/STIL/BMP2/AVPR2/BCL11B/FOXP2/ALDH1A2/ATP1B2/GSC/EMX1/TUBB2A/TUBB2B/FGF2/LEF1/SSTR1/SLC6A3/EGFR/TACC1/NFIB/NTRK2/NOTCH1/FEZ1/KIRREL3/HMGA2/SLC7A11/SEMA3D/GRIA1/LMX1A/INHBB/MSX1/CCDC141/EOMES/DLC1/PTCHD1/AVPR1A/DPCD/COL3A1/P2RY12/ZEB2/FOS/EMX2/CDH2/ID4/NDNF/CNTNAP2/CDK5R1/KCNA2/ERBB4/TSKU/PCDH9/DRD1/LYPD6/WNT7B/RELN/PAX5/FAT4/POU3F3/PLXNA4/AQP1/SHANK3,93
BP,GO:0032963,collagen metabolic process,34/2867,116/18860,0.293103448275862,1.92812383483877,4.24533523988516,7.94672628775723e-05,0.0011753807567707,0.0008273387721791,VIM/FAP/MMP11/MMP9/RGCC/VSIR/COL1A1/TNS2/MYB/TGFB3/INHBA/ID1/CTSL/IL6/MMP13/ADAMTS14/CBX8/P3H4/NOTCH1/MMP3/ADAMTS3/CREB3L1/RUNX1/CYGB/DDR2/KLF15/COL1A2/LARP6/MFAP4/MMP10/TNXB/F2R/TMPRSS6/MMP1,34
BP,GO:0045926,negative regulation of growth,57/2867,229/18860,0.248908296943231,1.63739465655715,4.10881213505358,8.2172158575165e-05,0.0012095025471632,0.0008513567595464,SEMA3G/FHL1/CDH1/ADRB1/FSTL4/FGFR3/TBX5/TLL2/NRP1/PTK6/SFRP1/PTPRS/WNT3/SLC6A4/CRYAB/CYP27B1/BCL6/WNT5A/HYAL1/TNR/RGS4/SPP1/SOCS2/INHBA/CDKN2C/GDF15/PSRC1/CCN3/RBP4/ACVRL1/ESR2/SFRP2/GPC3/DAB2/SCGB3A1/MSX1/TRIM46/PI16/SOX17/DCSTAMP/FBP1/ADRB2/NPR1/NPPA/RGMA/CAV3/SLIT3/WT1/PTCH1/PPARA/MT1X/DCUN1D3/ADRB3/TRIM40/MT1A/MT1M/MEG3,57
BP,GO:0033559,unsaturated fatty acid metabolic process,35/2867,121/18860,0.289256198347107,1.90281545197993,4.21819518124226,8.45429415637571e-05,0.0012413926129615,0.0008738038582676,ACSL4/PTGS2/MGLL/EDN1/GSTP1/SCD/PLA2G3/EHHADH/PLA2G4A/ELOVL3/PTGIS/EDN2/EPHX1/AKR1C2/ACSL1/CYP2U1/ACOX1/ABHD6/ELOVL7/FABP5/CTHRC1/FAAH2/AVPR1A/GPX4/PLA2G4F/CYP4F11/ABCD2/CYP4Z1/CYP4F12/AKR1C1/AKR1C3/ELOVL2/FADS3/MIF/GSTA1,35
BP,GO:0046660,female sex differentiation,36/2867,126/18860,0.285714285714286,1.87951567093527,4.19393605710892,8.9229246635729e-05,0.0012945694279202,0.00091123448706,PTPRN/FOXC1/ADCYAP1R1/LRP2/PGR/ESR1/TYRO3/SFRP1/AMH/WNT5A/NR5A2/INHBA/TNFAIP6/STAT5A/KDR/PDGFRA/LHCGR/RBP4/IDH1/BMPR1B/BRCA2/NOTCH1/ADAMTS1/KIT/NPR2/INHBB/ZFPM2/STAT5B/LEP/FZD4/DMRTA1/UMODL1/CSMD1/SLIT3/WT1/NOTCH4,36
BP,GO:0008202,steroid metabolic process,79/2867,345/18860,0.228985507246377,1.5063364725032,4.01878811410856,9.12037547290134e-05,0.0013169302256476,0.0009269740291872,CFTR/HSD17B6/DGAT2/SCARF1/FGFR1/LIPE/LRP2/APOB/HSD17B2/CETP/SULT2B1/ESR1/SEC14L2/CYB5R3/DHRS2/STS/SQLE/CYP3A5/CUBN/CYP27B1/BMP5/QKI/PDE8B/PRLR/FGF1/NR3C1/ACADL/LEPR/NR5A2/HSD11B1/PROX1/SPP1/EGR1/CAT/INHBA/PCK1/BMP2/NR1D1/STAT5A/GNAI1/HSD17B7/PDGFRA/RDH5/EDNRB/LHCGR/CYP11A1/RORC/NR1I2/AGTR1/CYP39A1/VLDLR/ADM/TM7SF2/AKR1C2/DAB2/BMP6/ABCA5/CYP2U1/UGT2B4/KIT/FGFR4/GPR146/ABCA1/ACAA2/PCSK9/FAXDC2/STAT5B/LEP/TSKU/APOBR/AKR1C1/AKR1C3/UGT2B15/HSD17B11/CES1/MIR342/DISP3/CYP21A2/CEBPA,79
BP,GO:0030850,prostate gland development,19/2867,51/18860,0.372549019607843,2.4507410219058,4.39238433988805,9.56628044434536e-05,0.0013665593430277,0.0009619074690968,FKBP4/IGF1/TNC/HOXA9/ESR1/SFRP1/PRLR/WNT5A/SOX9/STAT5A/FOXA1/SERPINF1/SULF1/NOTCH1/HOXB13/ID4/PTCH1/SERPINB5/HOXA10,19
BP,GO:0035272,exocrine system development,19/2867,51/18860,0.372549019607843,2.4507410219058,4.39238433988805,9.56628044434536e-05,0.0013665593430277,0.0009619074690968,PLXND1/IGF1/FOXC1/POLB/FGFR1/NRP1/SOX10/XBP1/ESRP2/NR5A2/TGFB3/SOX9/FGF7/IGSF3/EGFR/NFIB/EDA/IGF2/RAB26,19
BP,GO:0001990,regulation of systemic arterial blood pressure by hormone,18/2867,47/18860,0.382978723404255,2.51935079295579,4.41556381988359,9.57648100229973e-05,0.0013665593430277,0.0009619074690968,RPS6KA2/EDN1/CMA1/PCSK5/TACR1/AVPR2/EDN2/ACE2/EDNRB/ENPEP/AGTR1/CORIN/AVPR1A/ANPEP/OXTR/F2R/MME/SUCNR1,18
BP,GO:0055078,sodium ion homeostasis,18/2867,47/18860,0.382978723404255,2.51935079295579,4.41556381988359,9.57648100229973e-05,0.0013665593430277,0.0009619074690968,ATP1A2/SLC12A3/EDN1/SLC1A3/UPK3A/ATP1A3/SCNN1A/ATP1B2/SPX/EDNRB/FXYD2/ATP1B1/AGTR1/CORIN/TMPRSS3/UMOD/NPR1/CYP4F12,18
BP,GO:0007093,mitotic cell cycle checkpoint signaling,38/2867,136/18860,0.279411764705882,1.83805576642935,4.15289800273936,9.73680230202983e-05,0.0013829983628651,0.0009734787309281,FOXN3/TRIP13/CDC14B/ORC1/BIRC5/MAP3K20/CLSPN/CDC6/TTK/CENPF/DUSP1/ZWINT/CCNB1/CDCA8/USP44/IER3/KNL1/BARD1/TICRR/NUF2/DTL/FANCD2/SPC25/SKA1/EME1/BUB1B/BRSK1/SPC24/MAD2L1/CHMP4C/PLK1/BUB1/CDK1/HASPIN/AURKB/FOXO4/MUC1/BLM,38
BP,GO:1900046,regulation of hemostasis,24/2867,72/18860,0.333333333333333,2.19276828275782,4.29329037409065,9.78268294179967e-05,0.0013829983628651,0.0009734787309281,TFPI/CD9/F7/FAP/EDN1/COMP/CAV1/SERPINE1/PROC/F3/PLAU/TSPAN8/F12/EMILIN2/PDGFRA/CD36/ADAMTS18/SERPING1/ANGPT1/KLKB1/C1QTNF1/ANO6/F2R/PROS1,24
BP,GO:0050767,regulation of neurogenesis,85/2867,378/18860,0.224867724867725,1.47924844471758,3.98511021662976,9.85427518295257e-05,0.0013898872119992,0.0009783277230114,PLXND1/SOX8/ABCC8/CX3CL1/TNFRSF12A/SEMA3G/TNFRSF1B/CDH1/FSTL4/CAMK2B/ASPM/HES2/WDR62/DCT/LRP2/TREM2/NRP1/SOX10/E2F1/SLC7A5/METRN/PTPRS/PTPRZ1/EZH2/CXCL12/NEURL1/WNT3/MDK/QKI/WNT5A/TLX2/FN1/DLX2/TNR/PROX1/MYB/SPP1/CXCR4/BMP2/NR1D1/DLL4/GFAP/MAP1B/SERPINF1/BHLHE40/LRP4/PLXNC1/IL6/BIN1/TRPC6/ITPKA/FGF2/LEF1/NTRK3/CRABP2/CERS2/DAAM2/TTBK1/DYNLT1/NTRK2/NOTCH1/HMGA2/VEGFC/ROBO3/CHODL/KIT/TRIM46/HEY1/GPER1/SPINT1/ZEB2/MAP6/CCL11/ID4/FZD4/SOX11/CDH4/RGMA/ASCL2/EFNA5/RELN/MME/XRCC2/L1CAM/SHANK3,85
BP,GO:0050954,sensory perception of mechanical stimulus,51/2867,200/18860,0.255,1.67746773630973,4.07808246341031,9.89208144367991e-05,0.0013919898864844,0.000979807774575,USH1C/FYN/COL11A1/MYO3B/FGFR1/SLC1A3/LRP2/EPYC/BIRC5/SLC26A4/SLC52A3/CEMIP/EYA1/HPN/CXCL12/CDH23/COL1A1/MYH1/NHERF1/SOBP/CLIC5/ELMOD3/PHF24/PAX3/SPRY2/TFAP2A/LRIG3/PTPRQ/DIAPH3/TMC2/THRB/CCDC50/MARVELD2/CACNA1D/KIT/NPR2/TMPRSS3/GJB2/SCN11A/SCN9A/FZD4/TPRN/KCNE1/SPNS2/SLITRK6/ESPN/MYO6/LHFPL5/MIR342/PKHD1L1/ASIC3,51
BP,GO:0048565,digestive tract development,39/2867,141/18860,0.276595744680851,1.81953112824585,4.13563208794495,0.00010080672428,0.0014152519096963,0.0009961816803171,CPS1/ALX4/WNT11/PCSK5/SOX10/PTK6/SFRP1/HOXA5/RARRES2/AGR2/NKX3-2/WNT5A/MYB/TCF21/SPDEF/SOX9/OVOL2/ALDH1A2/ASS1/PYY/CCNB1/PDGFRA/EDNRB/MYOCD/SFRP2/EGFR/NOTCH1/DNAAF1/KIT/NPR2/PKDCC/FZD5/SOX17/RET/CLMP/RBPMS2/COL3A1/SOX11/LGR4,39
BP,GO:0061437,renal system vasculature development,14/2867,32/18860,0.4375,2.87800837111964,4.50172152546624,0.0001060864271702,0.0014825273350989,0.0010435361801503,EDN1/NRP1/ACTA2/TCF21/PKD2/TEK/EGR1/PDGFRA/OSR1/NOTCH1/ANGPT1/CD34/WT1/AQP1,14
BP,GO:0061440,kidney vasculature development,14/2867,32/18860,0.4375,2.87800837111964,4.50172152546624,0.0001060864271702,0.0014825273350989,0.0010435361801503,EDN1/NRP1/ACTA2/TCF21/PKD2/TEK/EGR1/PDGFRA/OSR1/NOTCH1/ANGPT1/CD34/WT1/AQP1,14
BP,GO:0016042,lipid catabolic process,80/2867,352/18860,0.227272727272727,1.49506928369851,3.96977393636952,0.0001075893373466,0.001496648928444,0.0010534762286257,CYP26B1/ABHD5/DPEP1/CPS1/HSD17B6/MGLL/SCARF1/PLD1/ACACB/LIPE/PAFAH1B3/APOB/ECHDC1/CYP26A1/STS/ETFB/RARRES2/CYP27B1/GPLD1/EHHADH/AADAC/ACADL/PLA2G4A/PRDX6/HSD11B1/SPP1/TWIST1/ACADS/PCK1/THRA/ECHS1/PLAAT4/PLAAT2/LPIN1/ENPP2/PLCE1/IDH1/HADH/PLCZ1/NUDT7/PLPP2/CYP39A1/ADRA2A/PDE3B/ACOXL/ACOX1/PLPP3/ADORA1/ABHD6/LIPH/ETNPPL/ENPP6/FAAH2/PLIN1/ACAA2/ABHD15/PLA2G4F/ABCD2/LEP/LPL/CIDEA/PLAAT3/PNPLA2/ADIPOQ/HCAR2/PLCXD3/IRS2/CYP4F12/PPARA/CIDEC/CYP26C1/PLA2G2C/PLA2G2A/AKR1C3/CLPSL2/HSD17B11/CES1/CLPSL1/CPT1B/PLIN5,80
BP,GO:0002070,epithelial cell maturation,12/2867,25/18860,0.48,3.15758632717126,4.57049861276457,0.0001109889071413,0.0015334126511639,0.0010793538457643,PGR/XBP1/HOXA5/EPAS1/KDR/FOXA1/HOXB13/FZD5/TMEM79/KCNE1/BHLHA15/CEBPA,12
BP,GO:0006865,amino acid transport,44/2867,166/18860,0.265060240963855,1.74364706821706,4.07453453400666,0.0001119066774004,0.0015425866029871,0.0010858112988013,ABCC8/SLC38A5/ATP1A2/LLGL2/SLC1A3/SLC7A8/SLC7A5/SLC6A2/SLC17A7/SLC1A1/SLC6A4/NHERF1/SLC1A2/SLC6A12/SLC38A1/SLC1A4/KMO/RGS4/KCNJ8/ACE2/SLC7A10/GFAP/STXBP1/SLC6A3/SFXN5/SNCA/NTRK2/SLC7A11/SFXN2/SLC1A7/SLC22A15/ADORA1/NPY5R/SLC7A13/AVPR1A/TTYH1/TRH/LRRC8E/LRRC8C/LEP/F2R/SLC25A18/ABAT/SLC38A3,44
BP,GO:0042180,ketone metabolic process,58/2867,237/18860,0.244725738396624,1.60988051139182,4.00038983686642,0.0001177902140157,0.0016163582641121,0.0011377384340596,PDK4/PDK2/MLXIPL/FMO1/HSD17B6/NR1H3/AIFM2/DGAT2/PTGS2/ACACB/EDN1/FMO2/PLA2G3/TRIB3/CAV1/PPARGC1A/BMP5/KAT2B/ACADL/KMO/PROX1/EGR1/INHBA/TWIST1/SOX9/BMP2/NR1D1/EDN2/GDF15/PPARG/EDNRB/CYP11A1/SNCA/ADM/AKR1C2/DAB2/BMP6/FGFR4/COQ8A/FABP5/AVPR1A/ANGPTL4/CYP4F11/ABCD2/STAT5B/ADIPOQ/IRS2/CYP4F12/PPARA/AKR1C1/AKR1C3/VKORC1L1/SULT1C4/CES1/MIR342/PLIN5/CYP21A2/NME1,58
BP,GO:0002067,glandular epithelial cell differentiation,15/2867,36/18860,0.416666666666667,2.74096035344727,4.42682529174209,0.0001188967565339,0.0016205681232514,0.0011407017118496,PGR/XBP1/CAV1/NR5A2/PROX1/SPDEF/SOX9/BMP2/FOXA1/FGF2/NFIB/NOTCH1/FZD5/INSM1/BHLHA15,15
BP,GO:0006636,unsaturated fatty acid biosynthetic process,21/2867,60/18860,0.35,2.30240669689571,4.27810588485863,0.0001194538942707,0.0016245195151502,0.0011434830571312,ACSL4/PTGS2/EDN1/SCD/PLA2G3/EHHADH/PLA2G4A/ELOVL3/PTGIS/EDN2/ACOX1/ELOVL7/FABP5/CTHRC1/AVPR1A/PLA2G4F/ABCD2/AKR1C3/ELOVL2/FADS3/MIF,21
BP,GO:0150115,cell-substrate junction organization,32/2867,109/18860,0.293577981651376,1.93124546004358,4.1283205240336,0.0001229117488814,0.0016604011587786,0.0011687397876096,MYOC/GPM6B/LAMA3/COL17A1/FERMT2/CAMSAP3/TNS1/ITGA6/SORBS1/NRP1/CORO2B/SFRP1/FN1/RHOU/ITGB1BP1/TEK/KDR/ROCK2/LAMC1/THSD1/TLN1/ACVRL1/CDH11/DST/DMTN/DLC1/GREM1/FAM107A/PEAK1/EFNA5/APOD/STON1,32
BP,GO:0002687,positive regulation of leukocyte migration,41/2867,152/18860,0.269736842105263,1.77441117617902,4.05870917706731,0.0001246476328917,0.0016798842405866,0.0011824537342507,CX3CL1/DAPK2/F7/EDN1/TREM2/PYCARD/CCL24/SERPINE1/RARRES2/CXCL12/CCL8/MDK/IL23A/NEDD9/CCR6/THBS4/WNT5A/TACR1/XG/CCR7/EDN2/LBP/PLVAP/LYVE1/IL6/CCL21/VEGFC/ADAM8/JAM2/CXCL13/VEGFD/CXCL10/P2RY12/VEGFB/SELP/ANO6/FUT7/ASCL2/CSF1/TNFRSF18/S100A14,41
BP,GO:0141156,cAMP/PKA signal transduction,20/2867,56/18860,0.357142857142857,2.34939458866909,4.28169832063942,0.0001251830171057,0.0016798842405866,0.0011824537342507,PRKAR2B/EDN1/ADCYAP1R1/PDE8B/RAMP3/PDE11A/PDE6B/PDE5A/PDE3B/PDE1C/PDE9A/SCN11A/ADRB2/PDE7B/PDE3A/SFN/ADIPOQ/NPY2R/PDE2A/MIF,20
BP,GO:0071774,response to fibroblast growth factor,36/2867,128/18860,0.28125,1.85014823857691,4.08616385387711,0.0001268477206759,0.0016900283471387,0.0011895940695091,CPS1/TNC/NGFR/FGFR3/FGFR1/GATA3/COL1A1/FGF6/FGF1/WNT5A/HYAL1/ITGB1BP1/NR4A1/RUNX2/ZFP36/DLL4/POSTN/KL/KLB/SPRY2/SULF1/FGF2/FGF7/SNCA/CXCL13/CREB3L1/NPR2/FGFR4/SPRY1/SHCBP1/NDNF/NRXN1/SHISA2/LRIT3/FLRT2/SULF2,36
BP,GO:0010742,macrophage derived foam cell differentiation,16/2867,40/18860,0.4,2.63132193930938,4.37288515057307,0.0001270509877681,0.0016900283471387,0.0011895940695091,NR1H3/APOB/CETP/PLA2G3/WNT5A/PPARG/CD36/AGTR1/IL18/ABCA5/ABCA1/LPL/ADIPOQ/CSF1/PPARA/PLA2G2A,16
BP,GO:0035136,forelimb morphogenesis,16/2867,40/18860,0.4,2.63132193930938,4.37288515057307,0.0001270509877681,0.0016900283471387,0.0011895940695091,ALX4/HOXA9/TBX5/WNT3/ZBTB16/MSX2/TWIST1/RECK/RUNX2/GDF5/ALDH1A2/TFAP2A/CRABP2/OSR1/MSX1/OSR2,16
BP,GO:0072210,metanephric nephron development,16/2867,40/18860,0.4,2.63132193930938,4.37288515057307,0.0001270509877681,0.0016900283471387,0.0011895940695091,SOX8/TCF21/PKD2/EGR1/SOX9/PDGFRA/OSR1/KIF26B/RET/GREM1/IRX1/CD34/ADIPOQ/WT1/LGR4/AQP1,16
BP,GO:0022409,positive regulation of cell-cell adhesion,78/2867,343/18860,0.227405247813411,1.49594104421379,3.92464163633874,0.0001277118850815,0.0016944619421554,0.0011927148327481,CX3CL1/FYN/IGF1/PRKCZ/FSTL3/RAP1GAP/PKP1/CEACAM6/GP6/SIRPG/CD209/EFNB1/LGALS1/XBP1/PYCARD/IL4I1/CAV1/GATA3/VSIR/ZBTB16/CD5/MDK/CD81/IL23A/BCL6/WNT5A/HHLA2/NR5A2/TNFSF4/GPAM/TNFSF11/CD80/PCK1/SOX4/EFNB2/CCR7/STAT5A/FOXA1/EMILIN2/VTCN1/ANXA1/IL6/CCL21/MMRN1/LEF1/CD27/SKAP1/IL18/ANK3/ADAM8/CXCL13/RUNX1/TNFRSF13C/PLPP3/KIF26B/TGFBR2/ICOS/IGF2/RHOH/YWHAG/RASGRP1/STAT5B/SELP/LEP/CHST2/SOX12/FUT7/PKP3/PDCD1LG2/SIRPA/CARD11/CR1/BTNL2/HLA-E/MFSD2B/HLA-DQB2/HLA-DQA1/HLA-DQA2,78
BP,GO:0071560,cellular response to transforming growth factor beta stimulus,72/2867,311/18860,0.231511254019293,1.52295160474498,3.9372197234868,0.0001279417719113,0.0016944619421554,0.0011927148327481,FYN/FUT8/TGFBR3/FERMT2/EDN1/LTBP4/BAMBI/XBP1/FERMT1/RGCC/SFRP1/CAV2/CAV1/ASPN/ENG/ACTA2/COL1A1/FOLR1/SOX6/NR3C1/WNT5A/ITGB6/TGFB3/SMAD9/FMOD/NDP/SOX9/BMP2/OVOL2/GDF5/ID1/WFIKKN1/RASL11B/CDKN1C/GDF15/PPARG/POSTN/SOX5/COL4A2/SPRY2/SMAD6/FBN2/ACVRL1/MYOCD/CDKN2B/LATS2/DAB2/FOXH1/DDR2/CLDN1/TGFBR2/SPRY1/COL1A2/COL3A1/NPNT/ZEB2/FOS/LRG1/PDE3A/WFIKKN2/CIDEA/SOX11/JUN/CDH5/PENK/CAV3/TSKU/CLDN5/PDE2A/PPARA/SLC2A10/MIR342,72
BP,GO:0060349,bone morphogenesis,30/2867,100/18860,0.3,1.97349145448204,4.13260535986978,0.0001287456585856,0.0016977111898956,0.0011950019457712,CYP26B1/FOXN3/FOXC1/FGFR3/COMP/COL1A1/GHR/PAPPA2/MSX2/TWIST1/RUNX2/SOX9/TFAP2A/MMP13/BMPR1B/BMP6/NPR2/CBS/LOC102724560/DHRS3/ALPL/MSX1/TGFBR2/POC1A/OSR2/FREM1/COL3A1/PHOSPHO1/ATG9B/TSKU,30
BP,GO:0060395,SMAD protein signal transduction,30/2867,100/18860,0.3,1.97349145448204,4.13260535986978,0.0001287456585856,0.0016977111898956,0.0011950019457712,TGFBR3/XBP1/AMH/ENG/BMP5/TTK/SPTBN1/TGFB3/SMAD9/INHBA/LRP1/RUNX2/BMP2/OVOL2/GDF5/GDF15/PPARG/CCN3/SMAD6/ACVRL1/DAB2/BMP6/TGFBR2/TBX20/BMPER/GREM1/ATOH8/FOS/JUN/MIR23A,30
BP,GO:0000070,mitotic sister chromatid segregation,49/2867,192/18860,0.255208333333333,1.67883821648645,4.00291354326947,0.0001311151299167,0.0017214878504621,0.0012117380996058,TRIP13/TPX2/BIRC5/KIF4A/MISP/MYBL2/NCAPG/TTK/KAT2B/NEK2/CENPF/KIF14/DUSP1/NCAPH/KIF18A/ZWINT/KIF25/DLGAP5/CCNB1/PSRC1/CDCA8/ESPL1/USP44/NUSAP1/KIF23/KNL1/KIF11/CENPE/KIF2C/NUF2/ANKRD53/SPC25/SKA1/BUB1B/RACGAP1/SPC24/MAD2L1/CHMP4C/PLK1/CDT1/BUB1/CDK1/UBE2C/HASPIN/AURKB/KIF18B/PRC1/KIF4B/KIFC1,49
BP,GO:0042886,amide transport,77/2867,338/18860,0.227810650887574,1.49860790922206,3.9163525635686,0.0001323722868505,0.0017305185629338,0.0012180947278943,CFTR/ABCC8/MGST1/MLXIPL/SLC38A5/NNAT/PTPRN/ACSL4/EDN1/RAPGEF3/LRP2/SLC15A1/CD209/UPK3A/PLTP/CA2/TFR2/NHERF1/FOLR1/GPLD1/PDE8B/PASK/ECRG4/GPR68/CRHR1/TNFSF11/ACVR1C/SOX4/NR1D1/GNAI1/GNAZ/KCNA5/GRP/HNF1A/IL6/BLK/IL1RN/CCN3/RBP4/HADH/ILDR2/ABCA12/ILDR1/CRHBP/HMGA2/ADRA2A/FOXO1/SLC7A11/KCNB1/INHBB/ADORA1/F2RL2/GPER1/ABCA1/AQP7/FOLR2/UMOD/GPR27/TRH/ABCD2/LEP/ABAT/BMP8A/ADRA2C/EFNA5/NPY2R/PRKN/IRS2/FFAR4/KCNJ11/SLC38A3/SLC15A5/FAM3D/POU3F3/ITSN1/AQP1/DOC2B,77
BP,GO:0015908,fatty acid transport,34/2867,119/18860,0.285714285714286,1.87951567093527,4.07501198571784,0.0001381088157326,0.0017977804943019,0.0012654397294114,ACSL4/PTGS2/EDN1/PLA2G3/SLCO4A1/SLC27A6/PLA2G4A/SLC2A1/TNFSF11/LYPLA1/KCNJ8/PPARG/SPX/ANXA1/CD36/CRABP2/PMP2/PLIN2/ACSL1/RBP7/FABP7/FABP5/PLA2G4F/FABP4/ABCD2/LEP/IRS2/PPARA/PLA2G2C/PLA2G2A/ACSL5/NMB/CPT1B/MIF,34
BP,GO:0030510,regulation of BMP signaling pathway,35/2867,124/18860,0.282258064516129,1.85677959427073,4.05274917710467,0.0001446854124635,0.0018793645777054,0.0013228659506623,FSTL4/FSTL3/LRP2/BAMBI/CHRDL1/ZNF423/SFRP1/CAV1/ENG/WNT5A/MSX2/TNFAIP6/GDF5/KDR/PPARG/SULF1/SMAD6/ACVRL1/PCSK6/SFRP2/SCUBE3/GPC3/NOTCH1/CRIM1/MSX1/FSTL1/TBX20/BMPER/RBPMS2/GREM1/SOSTDC1/SOX11/CDH5/RGMA/TMPRSS6,35
BP,GO:0048387,negative regulation of retinoic acid receptor signaling pathway,7/2867,10/18860,0.7,4.60481339379142,4.82764491128611,0.0001460879481026,0.0018815013485502,0.0013243700023128,CYP26B1/CYP26A1/EZH2/DHRS3/PRAME/CYP26C1/ZNF536,7
BP,GO:0048865,stem cell fate commitment,7/2867,10/18860,0.7,4.60481339379142,4.82764491128611,0.0001460879481026,0.0018815013485502,0.0013243700023128,EDN1/SFRP1/SOX9/GSC/SFRP2/SOX17/SOX18,7
BP,GO:0042310,vasoconstriction,27/2867,87/18860,0.310344827586207,2.04154288394693,4.12266598844224,0.0001469699259697,0.0018888587314377,0.0013295487906242,ATP1A2/EDN1/COMP/CAV1/ACTA2/SLC6A4/TACR1/ADRA1A/AVPR2/EDN2/KCNA5/ACE2/EDNRB/ITGA9/AGTR1/ADD3/ADM/ADRA2A/SVEP1/AVPR1A/ADRA1B/LEP/HTR1D/OXTR/F2R/ADRA2C/KEL,27
BP,GO:1904375,regulation of protein localization to cell periphery,42/2867,158/18860,0.265822784810127,1.74866331409801,4.00109881863333,0.0001477418677565,0.0018947738693924,0.001333712397136,CAMK2B/ATP2B4/GPC4/EPB41L2/PKP1/EZR/SORBS1/TREM2/MISP/VTI1B/ZDHHC2/AGR2/SPTBN1/VAMP8/RHOQ/PLS1/LYPLA1/RAMP3/LRP1/WNK4/GNAI1/CD36/TMBIM1/EPHA2/KIF2C/STAC/SNCA/EGFR/LYPD1/DAB2/PID1/PKDCC/GPER1/PLK1/MRAP/PRNP/LRRC15/SFN/AKAP5/NRXN1/GPC6/SAPCD2,42
BP,GO:0030326,embryonic limb morphogenesis,36/2867,129/18860,0.27906976744186,1.83580600416934,4.03299856965366,0.0001505617464536,0.0019187942488292,0.0013506201022486,CYP26B1/ALX4/PITX1/FGFR1/HOXA9/GRHL2/TBX5/MAP3K20/SALL4/WNT3/ZBTB16/WNT5A/MSX2/TWIST1/RECK/HOXC11/RUNX2/GDF5/ALDH1A2/LRP4/TFAP2A/LEF1/FBN2/CRABP2/OSR1/AFF3/SFRP2/GPC3/NOTCH1/FLVCR1/MSX1/OSR2/GREM1/HOXC10/PTCH1/HOXA10,36
BP,GO:0035113,embryonic appendage morphogenesis,36/2867,129/18860,0.27906976744186,1.83580600416934,4.03299856965366,0.0001505617464536,0.0019187942488292,0.0013506201022486,CYP26B1/ALX4/PITX1/FGFR1/HOXA9/GRHL2/TBX5/MAP3K20/SALL4/WNT3/ZBTB16/WNT5A/MSX2/TWIST1/RECK/HOXC11/RUNX2/GDF5/ALDH1A2/LRP4/TFAP2A/LEF1/FBN2/CRABP2/OSR1/AFF3/SFRP2/GPC3/NOTCH1/FLVCR1/MSX1/OSR2/GREM1/HOXC10/PTCH1/HOXA10,36
BP,GO:0097237,cellular response to toxic substance,37/2867,134/18860,0.276119402985075,1.81639760735909,4.01550176384891,0.0001557385266547,0.0019806161161807,0.0013941358970528,MGST1/AIFM2/GSTO2/PTGS2/EDN1/GSTP1/GSR/AMBP/SOD3/ALDH2/TPO/OPRD1/PRDX6/CAT/PRXL2A/CD36/PIM1/FBLN5/CDH13/SLC22A3/CLIC2/PINK1/CYGB/ALB/SLC29A4/ALDH1A1/GPX4/PRKN/MTARC1/HBA2/ADH5/MB/HBA1/GPX3/GSTA1/HBB/HP,37
BP,GO:0170062,nutrient storage,30/2867,101/18860,0.297029702970297,1.95395193513073,4.06996380172431,0.0001568478822328,0.0019905600753512,0.0014011353505689,ABHD5/NR1H3/DGAT2/ACACB/APOB/TREM2/SQLE/CAV1/MEST/CRY2/ACVR1C/STAT5A/PPARG/CD36/IL6/PLIN2/CDS1/ABCA1/VSTM2A/STAT5B/LEP/LPL/CIDEA/PNPLA2/DGAT1/PPARA/CIDEC/CES1/PLIN5/SMIM22,30
BP,GO:0048738,cardiac muscle tissue development,61/2867,255/18860,0.23921568627451,1.57363370880267,3.90479398160188,0.0001576572300796,0.0019961570616769,0.0014050750133274,IGF1/FOXC1/COL11A1/ERBB3/TGFBR3/FGFR1/NEBL/EDN1/LRP2/TBX5/DSP/SGCG/NDRG4/ENG/SOX6/BMP5/POPDC1/TBX18/RGS4/PROX1/MSX2/ADRA1A/KCNJ8/EFNB2/BMP2/DLL4/ALDH1A2/TNNI3/MYH11/CCNB1/PDGFRA/ALPK3/PIM1/RBP4/FGF2/MYLK3/MYOCD/NOTCH1/CXADR/RUNX1/MYL3/FOXH1/MSX1/ADAMTS9/PI16/TBX20/HEY1/MESP1/GREM1/ZFPM2/CDK1/S1PR1/NPPA/IRX3/ERBB4/CAV3/WT1/PPARA/KCNJ11/PLN/MIR23A,61
BP,GO:0015800,acidic amino acid transport,24/2867,74/18860,0.324324324324324,2.13350427511572,4.13647183340079,0.0001585639150403,0.0019961570616769,0.0014050750133274,ABCC8/ATP1A2/SLC1A3/SLC17A7/SLC1A1/NHERF1/SLC1A2/SLC1A4/KMO/KCNJ8/STXBP1/SNCA/NTRK2/SLC7A11/SLC1A7/ADORA1/NPY5R/SLC7A13/AVPR1A/TTYH1/TRH/F2R/SLC25A18/ABAT,24
BP,GO:0035115,embryonic forelimb morphogenesis,14/2867,33/18860,0.424242424242424,2.79079599623722,4.3593398897527,0.0001586023788106,0.0019961570616769,0.0014050750133274,ALX4/HOXA9/TBX5/WNT3/MSX2/TWIST1/RECK/RUNX2/ALDH1A2/TFAP2A/CRABP2/OSR1/MSX1/OSR2,14
BP,GO:0033273,response to vitamin,28/2867,92/18860,0.304347826086957,2.00209277990931,4.0794447669608,0.0001623168458101,0.0020386861687607,0.0014350108269214,CYP26B1/TNC/F7/GSTP1/CYP26A1/SFRP1/COL1A1/FOLR1/CYP27B1/VDR/BCHE/SPP1/CAT/ALDH1A2/MAP1B/POSTN/KL/PIM1/CBS/LOC102724560/ALPL/ABCA1/FOLR2/CXCL10/LEP/PENK/KANK2/CEBPA,28
BP,GO:0043954,cellular component maintenance,26/2867,83/18860,0.313253012048193,2.06067380789289,4.1003034228722,0.0001634164466545,0.0020437060152629,0.001438544246724,FYN/FERMT2/CAMSAP3/PKP1/TREM2/CBLN1/VDR/NEDD9/ELMOD3/CSMD2/ADGRB3/ITPKA/KIFC3/MYOCD/CBLN2/CLDN1/INAVA/CLDN3/ZNF804A/PRNP/TPRN/F2R/KIRREL1/PLXNA4/CHCHD10/GRIN2B,26
BP,GO:0051304,chromosome separation,26/2867,83/18860,0.313253012048193,2.06067380789289,4.1003034228722,0.0001634164466545,0.0020437060152629,0.001438544246724,TRIP13/BIRC5/NCAPG/TTK/CENPF/DUSP1/NCAPH/ZWINT/DLGAP5/CCNB1/CDCA8/ESPL1/USP44/KNL1/NUF2/SPC25/SKA1/BUB1B/SPC24/MAD2L1/PLK1/BUB1/UBE2C/HASPIN/AURKB/MAPK15,26
BP,GO:0016049,cell growth,106/2867,499/18860,0.212424849699399,1.39739541867132,3.80919470271343,0.0001637250912046,0.0020437060152629,0.001438544246724,TNFRSF12A/SEMA3G/IGF1/FHL1/CDH1/TNC/FSTL4/CYFIP2/IL17RB/KIF26A/PRKCZ/SYT1/ACSL4/SEMA3A/EDN1/AURKA/LTBP4/NRP1/XBP1/SGK2/PAK5/SYT17/SFRP1/PTPRS/HPN/CXCL12/WNT3/TMEM97/CRYAB/CYP27B1/BCL6/WNT5A/HYAL1/CISH/FN1/TNR/PAPPA2/RGS4/PTCH2/KIF14/SPP1/TNN/SOCS2/ADRA1A/INHBA/CDKN2C/NRN1/SOX9/EDN2/KRT17/MAP1B/POSTN/PSRC1/EMX1/CCN3/PAK6/CPNE8/ACVRL1/ESR2/NTRK3/MYOCD/RNF157/ERBB2/CRABP2/AGTR1/SFRP2/EGFR/IGFBP1/DAB2/NPR2/S100B/SCGB3A1/LMX1A/MSX1/TRIM46/TGFBR2/PI16/SOX17/DCSTAMP/FBP1/AVPR1A/FAM107A/NPR1/ZEB2/ALCAM/NPPA/SFN/CDH4/RGMA/CAV3/NDN/SLIT3/EFNA5/WT1/PRKN/PPARA/TEAD1/DCUN1D3/NANOS1/SLC9A6/L1CAM/SLC44A4/TRIM40/MIR23A/MEG3/PLXNA4,106
BP,GO:0044344,cellular response to fibroblast growth factor stimulus,34/2867,120/18860,0.283333333333333,1.86385304034415,4.01933221478706,0.0001649473540327,0.0020547437810764,0.0014463136198086,CPS1/NGFR/FGFR3/FGFR1/GATA3/COL1A1/FGF6/FGF1/WNT5A/HYAL1/ITGB1BP1/NR4A1/RUNX2/ZFP36/DLL4/POSTN/KL/KLB/SPRY2/SULF1/FGF2/FGF7/SNCA/CXCL13/CREB3L1/FGFR4/SPRY1/SHCBP1/NDNF/NRXN1/SHISA2/LRIT3/FLRT2/SULF2,34
BP,GO:0090102,cochlea development,20/2867,57/18860,0.350877192982456,2.30817713974507,4.18792232960658,0.0001655442920864,0.0020579626821951,0.001448579372148,MYO3B/MCM2/EYA1/HPN/GATA3/CDH23/SOBP/PTK7/TBX18/WNT5A/SOX9/NTRK3/CCNA2/GRHL3/CTHRC1/GABRB3/KCNK3/NECTIN3/FZD2/SLITRK6,20
BP,GO:0030193,regulation of blood coagulation,23/2867,70/18860,0.328571428571429,2.16144302157556,4.12184586041618,0.0001732292800699,0.0021407249273004,0.0015068348896505,TFPI/CD9/F7/FAP/EDN1/CAV1/SERPINE1/PROC/F3/PLAU/TSPAN8/F12/EMILIN2/PDGFRA/CD36/ADAMTS18/SERPING1/ANGPT1/KLKB1/C1QTNF1/ANO6/F2R/PROS1,23
BP,GO:0050731,positive regulation of peptidyl-tyrosine phosphorylation,19/2867,53/18860,0.358490566037736,2.35826022862633,4.19246422011012,0.000173258210928,0.0021407249273004,0.0015068348896505,FGFR3/ANGPT4/NEDD9/THBS4/CD80/IL6/ENPP2/FGF7/IL18/ANGPT1/KIT/IL20/GPRC5B/VEGFB/CSPG4/DOK7/ERBB4/EFNA5/TNFRSF18,19
BP,GO:0007605,sensory perception of sound,45/2867,174/18860,0.258620689655172,1.70128573662245,3.93477284839384,0.0001743797914543,0.0021458598223702,0.0015104492909905,USH1C/COL11A1/MYO3B/FGFR1/SLC1A3/LRP2/EPYC/BIRC5/SLC26A4/SLC52A3/CEMIP/EYA1/HPN/CDH23/COL1A1/MYH1/NHERF1/SOBP/CLIC5/ELMOD3/PAX3/SPRY2/TFAP2A/LRIG3/PTPRQ/DIAPH3/TMC2/THRB/CCDC50/MARVELD2/CACNA1D/KIT/NPR2/TMPRSS3/GJB2/FZD4/TPRN/KCNE1/SPNS2/SLITRK6/ESPN/MYO6/LHFPL5/MIR342/PKHD1L1,45
BP,GO:0048639,positive regulation of developmental growth,45/2867,174/18860,0.258620689655172,1.70128573662245,3.93477284839384,0.0001743797914543,0.0021458598223702,0.0015104492909905,TNFRSF12A/IGF1/YBX3/SYT1/TGFBR3/ACACB/FGFR1/EDN1/TBX5/EZR/NRP1/SYT17/AGR2/CXCL12/WNT3/GHR/FN1/PROX1/GPAM/PLS1/STAT5A/MAP1B/CCNB1/PIM1/FGF2/CPNE8/NTRK3/RNF157/SLC6A3/CRABP2/NOTCH1/HMGA2/TBX20/IGF2/ZFPM2/CDK1/STAT5B/LEP/ERBB4/CDH4/EFNA5/CSF1/WT1/PRKN/L1CAM,45
BP,GO:0019755,one-carbon compound transport,12/2867,26/18860,0.461538461538462,3.03614069920313,4.39877131100162,0.0001776931496372,0.0021641900549105,0.0015233517585495,UPK3A/CA2/RHBG/RHCG/AQP7/UMOD/HBA2/HBG2/POU3F3/HBA1/AQP1/HBB,12
BP,GO:0046545,development of primary female sexual characteristics,32/2867,111/18860,0.288288288288288,1.8964482445473,4.01056781328584,0.0001785257026756,0.0021641900549105,0.0015233517585495,PTPRN/FOXC1/ADCYAP1R1/PGR/ESR1/SFRP1/AMH/NR5A2/INHBA/TNFAIP6/STAT5A/KDR/PDGFRA/LHCGR/IDH1/BMPR1B/BRCA2/NOTCH1/ADAMTS1/KIT/NPR2/INHBB/ZFPM2/STAT5B/LEP/FZD4/DMRTA1/UMODL1/CSMD1/SLIT3/WT1/NOTCH4,32
BP,GO:0060976,coronary vasculature development,18/2867,49/18860,0.36734693877551,2.41652014834535,4.20361625398244,0.000178717454773,0.0021641900549105,0.0015233517585495,PLXND1/ABCC9/TGFBR3/LRP2/TBX5/NRP1/PTK7/KCNJ8/APLNR/SMAD6/FGF2/MYOCD/GPC3/NOTCH1/GPER1/MESP1/VEGFB/APELA,18
BP,GO:0090077,foam cell differentiation,16/2867,41/18860,0.390243902439024,2.56714335542379,4.25314893559691,0.000179160465465,0.0021652414901835,0.0015240918533339,NR1H3/APOB/CETP/PLA2G3/WNT5A/PPARG/CD36/AGTR1/IL18/ABCA5/ABCA1/LPL/ADIPOQ/CSF1/PPARA/PLA2G2A,16
BP,GO:0003176,aortic valve development,17/2867,45/18860,0.377777777777778,2.48513738712553,4.22307685266974,0.0001810267765746,0.002183455902375,0.0015369127961064,TNFRSF1B/TIE1/GATA3/TWIST1/SOX9/BMP2/DLL4/ROCK2/SMAD6/CDH11/NOTCH1/ADAMTS5/TGFBR2/TBX20/HEY1/NPPA/SLIT3,17
BP,GO:0001701,in utero embryonic development,93/2867,429/18860,0.216783216783217,1.42606608598935,3.77954370101065,0.0001926061593834,0.0023185204809747,0.001631983403635,SOX8/IGF1/FUT8/C6/FOXC1/YBX3/TIE1/POLB/LLGL2/CAMSAP3/FGFR1/EDN1/GRHL2/APOB/HSD17B2/SOX10/GINS1/SALL4/ASF1B/GATA3/BMP5/MDFI/PCDH12/EPAS1/NR5A2/NEK2/MYB/PKD2/TGFB3/TWIST1/NECAB1/STIL/ACVR1C/BMP2/OVOL2/KLF2/E2F8/CDKN1C/INPP5K/PEMT/CCNB1/PDGFRA/EMX1/KLF4/LEF1/ACVRL1/BRCA2/DIAPH3/FKBP10/PLK4/ETNK2/RSPO3/EGFR/GINS4/NOTCH1/ST8SIA6/ADM/ST14/LATS2/ANGPT1/ADAMTS3/SLC34A2/PTH1R/FLVCR1/MSX1/FZD5/EOMES/TGFBR2/PRICKLE2/HEY1/SOX17/E2F7/SPINT1/TMEM100/IGF2/SPINT2/COL3A1/ZFPM2/KRT8/KRT19/RRM2/ARNT2/ASCL2/SOCS3/MAFF/PTCH1/WNT7B/FBLL1/XRCC2/PLPP4/SOX18/ARHGDIG/CEBPA,93
BP,GO:0016331,morphogenesis of embryonic epithelium,41/2867,155/18860,0.264516129032258,1.74006773405943,3.91711814781335,0.0001974160314825,0.0023623859357917,0.0016628598590476,SOX8/LLGL2/CELSR1/LRP2/GRHL2/SIX4/SALL4/SFRP1/GATA3/FOLR1/BMP5/PTK7/TBX18/WNT5A/TWIST1/STIL/SOX9/OVOL2/ALDH1A2/TFAP2A/SULF1/OSR1/SFRP2/ADM/ST14/VEGFC/GRHL3/DLC1/CTHRC1/RET/SPINT1/GREM1/SPINT2/ZEB2/IRX1/KDF1/SOX11/IRX3/RGMA/PTCH1/WNT7B,41
BP,GO:1902893,regulation of miRNA transcription,24/2867,75/18860,0.32,2.10505755144751,4.05992617758679,0.0001999522534321,0.0023865495990937,0.0016798684202415,NGFR/ESR1/GATA3/NR3C1/MYB/EGR1/TWIST1/SOX9/BMP2/FOXA1/PPARG/IL6/KLF4/SMAD6/FGF2/MYOCD/EGFR/NFIB/ATOH8/FOS/JUN/WT1/PPARA/TEAD1,24
BP,GO:0008585,female gonad development,31/2867,107/18860,0.289719626168224,1.9058640214624,3.97857666507536,0.0002027256499136,0.0024039709844358,0.0016921311593374,PTPRN/FOXC1/PGR/ESR1/SFRP1/AMH/NR5A2/INHBA/TNFAIP6/STAT5A/KDR/PDGFRA/LHCGR/IDH1/BMPR1B/BRCA2/NOTCH1/ADAMTS1/KIT/NPR2/INHBB/ZFPM2/STAT5B/LEP/FZD4/DMRTA1/UMODL1/CSMD1/SLIT3/WT1/NOTCH4,31
BP,GO:0051937,catecholamine transport,21/2867,62/18860,0.338709677419355,2.22813551312488,4.10104486034219,0.0002028684183279,0.0024039709844358,0.0016921311593374,SYT1/OPRK1/SLC6A2/CXCL12/SLC6A3/SNCA/SLC22A3/CHRNA6/ADRA2A/KCNB1/PINK1/SLC29A4/RAB3B/SNCG/KCNA2/MAPK15/ABAT/ADRA2C/DRD1/NPY2R/PRKN,21
BP,GO:0035929,steroid hormone secretion,13/2867,30/18860,0.433333333333333,2.85059876758516,4.29492855713498,0.0002101167845536,0.0024801940452459,0.0017457838103436,POMC/SPP1/ECRG4/CRHR1/CRY2/INHBA/WNK4/AGTR1/DAB2/BMP6/KCNK9/C1QTNF1/FZD4,13
BP,GO:0060512,prostate gland morphogenesis,13/2867,30/18860,0.433333333333333,2.85059876758516,4.29492855713498,0.0002101167845536,0.0024801940452459,0.0017457838103436,IGF1/TNC/ESR1/SFRP1/WNT5A/SOX9/STAT5A/FOXA1/SULF1/NOTCH1/HOXB13/ID4/SERPINB5,13
BP,GO:0055001,muscle cell development,51/2867,206/18860,0.247572815533981,1.62860945272789,3.84093307060319,0.0002177152464707,0.0025599438748465,0.0018019189186675,IGF1/NEBL/EDN1/CACNA1S/TBX5/SIX4/MYL9/MYOM1/TNNT1/COMP/CAV2/ENG/POPDC1/TBX18/SDC1/RGS4/PROX1/ADRA1A/LDB3/WFIKKN1/FLNC/TNNT3/RAMP2/MYH11/CCNB1/PDGFRA/ALPK3/BIN1/TMOD1/MYLK3/SYPL2/ANK2/NOTCH1/ADM/UCHL1/PGM5/CXADR/LMOD1/PI16/CFL2/CDK1/KRT19/WFIKKN2/CSRP2/NPPA/CAV3/PPARA/DNER/KEL/DMD/MIR23A,51
BP,GO:0014059,regulation of dopamine secretion,11/2867,23/18860,0.478260869565217,3.14614579700035,4.36039144974778,0.0002242478015375,0.0026316648369633,0.0018524025873812,SYT1/OPRK1/CXCL12/SNCA/CHRNA6/PINK1/SNCG/KCNA2/ABAT/NPY2R/PRKN,11
BP,GO:0072028,nephron morphogenesis,25/2867,80/18860,0.3125,2.05572026508546,4.0063996179062,0.0002258455999201,0.0026412922145635,0.0018591792022927,SOX8/WNT11/SIX4/EYA1/GATA3/FGF1/TCF21/PKD2/SOX9/BMP2/WNK4/FGF2/OSR1/GPC3/KIF26B/GREM1/NPNT/IRX1/IRX3/ERBB4/TACSTD2/WT1/PTCH1/LGR4/HOXB7,25
BP,GO:0051495,positive regulation of cytoskeleton organization,48/2867,191/18860,0.25130890052356,1.65318655872841,3.84150677203109,0.0002259371527509,0.0026412922145635,0.0018591792022927,CX3CL1/BAIAP2L1/TENM1/MYOC/FERMT2/EDN1/RAPGEF3/NRP1/RGCC/PYCARD/SFRP1/MET/CCL24/TACR1/PROX1/ITGB1BP1/TGFB3/STIL/CCR7/MAP1B/NES/WASF3/PSRC1/ROCK2/BIN1/CCL21/SLAIN1/MYLK3/PLK4/ANKRD53/EPHA1/GSN/ADD3/CDC42EP2/SKA1/LMOD1/CFL2/SYNPO/CCL11/SYNPO2/CDK5R1/AURKB/MAPK15/CAV3/KIRREL1/EVL/OCLN/ARHGEF15,48
BP,GO:0051347,positive regulation of transferase activity,42/2867,161/18860,0.260869565217391,1.71607952563655,3.86343145806228,0.0002304231192824,0.0026731720269424,0.0018816190837344,TENM1/IGF1/TRAF4/FGFR1/CDC14B/TPX2/CLSPN/EEF1A2/FLT1/CEMIP/EZH2/MMD/NEDD9/SASH1/PRLR/FGF1/WNT5A/ECT2/KIF14/ITGB1BP1/CHTF18/PLAAT4/CAMK1/PIM1/FGF2/CENPE/TOM1L1/CARD14/ERBB2/HMGA2/ANGPT1/DDR2/NEK10/MST1R/PLK1/GPRC5B/RASGRP1/CIMAP3/LEP/UBE2C/DOK7/ADIPOQ,42
BP,GO:0046320,regulation of fatty acid oxidation,14/2867,34/18860,0.411764705882353,2.70871376105378,4.22219178550932,0.0002321227585302,0.0026877604744864,0.0018918877462164,PDK4/FMO1/DGAT2/ACACB/FMO2/PPARGC1A/ACADL/TWIST1/SOX9/GDF15/ABCD2/IRS2/PPARA/PLIN5,14
BP,GO:0002920,regulation of humoral immune response,18/2867,50/18860,0.36,2.36818974537844,4.10152292704853,0.0002399198042377,0.0027727613877593,0.001951719039877,CFH/TREM2/FCER2/CR2/CLU/CCR7/MASP1/FOXJ1/SUSD4/SERPING1/VSIG4/CXCL13/KLK5/EVPL/KLK7/A2M/SPNS2/CR1,18
BP,GO:0007157,heterophilic cell-cell adhesion via plasma membrane cell adhesion molecules,17/2867,46/18860,0.369565217391304,2.43111266131845,4.11453137287853,0.0002468159734931,0.0028416558766383,0.0020002131823161,SCARF1/CEACAM6/CD209/CBLN1/CRTAM/NECTIN4/CXADR/CADM3/UMOD/NLGN1/ALCAM/CDH2/SELP/NECTIN3/CDH4/NRXN1/FAT4,17
BP,GO:0061614,miRNA transcription,24/2867,76/18860,0.31578947368421,2.07735942577056,3.98457109442903,0.0002506125253329,0.0028529467069271,0.0020081606849566,NGFR/ESR1/GATA3/NR3C1/MYB/EGR1/TWIST1/SOX9/BMP2/FOXA1/PPARG/IL6/KLF4/SMAD6/FGF2/MYOCD/EGFR/NFIB/ATOH8/FOS/JUN/WT1/PPARA/TEAD1,24
BP,GO:0033674,positive regulation of kinase activity,37/2867,137/18860,0.27007299270073,1.77662247727093,3.86269777052738,0.0002529813165186,0.0028691668341738,0.0020195778704801,TENM1/IGF1/TRAF4/FGFR1/TPX2/CLSPN/EEF1A2/FLT1/CEMIP/EZH2/MMD/NEDD9/SASH1/PRLR/FGF1/WNT5A/ECT2/KIF14/ITGB1BP1/CAMK1/PIM1/FGF2/CENPE/TOM1L1/CARD14/ERBB2/HMGA2/ANGPT1/DDR2/NEK10/MST1R/GPRC5B/RASGRP1/CIMAP3/LEP/DOK7/ADIPOQ,37
BP,GO:0098773,skin epidermis development,37/2867,137/18860,0.27007299270073,1.77662247727093,3.86269777052738,0.0002529813165186,0.0028691668341738,0.0020195778704801,CYP26B1/ALX4/NGFR/FERMT1/LSR/MET/WNT5A/MSX2/INHBA/SOX9/TGM3/KRT17/LRP4/KLF4/FGF7/ABCA12/EGFR/UGCG/NOTCH1/IL18/APCDD1/GRHL3/EDA/CLDN1/TMEM79/FOXQ1/DNASE1L2/LDB2/SOSTDC1/DSG4/KDF1/SFN/PKP3/CLDN4/CYSRT1/SOX18/LGR4,37
BP,GO:0021537,telencephalon development,67/2867,291/18860,0.230240549828179,1.51459252520385,3.74562174811872,0.0002541144291291,0.0028766510515378,0.0020248459363124,FYN/ATP1A2/DNAH5/ATP2B4/ASPM/KIF26A/SEMA3A/WDR62/SUN2/PTPRS/EZH2/LHX6/CXCL12/EZH1/SLC1A2/MDK/WNT5A/DLX2/TNR/SLC2A1/PROX1/KIF14/FILIP1/INHBA/BMP2/AVPR2/BCL11B/FOXP2/ATP1B2/EMX1/TUBB2A/TUBB2B/LEF1/EGFR/TACC1/NFIB/NTRK2/FEZ1/KIRREL3/SLC7A11/GRIA1/LMX1A/CCDC141/EOMES/AVPR1A/DPCD/COL3A1/P2RY12/ZEB2/FOS/EMX2/CDH2/ID4/CNTNAP2/CDK5R1/KCNA2/ERBB4/TSKU/DRD1/LYPD6/RELN/PAX5/FAT4/POU3F3/PLXNA4/AQP1/SHANK3,67
BP,GO:0072080,nephron tubule development,29/2867,99/18860,0.292929292929293,1.92697818787808,3.91532059511261,0.0002606379694,0.0029450152713433,0.0020729668276483,SOX8/WNT11/SIX4/EYA1/GATA3/FGF1/TCF21/PKD2/SOX9/BMP2/WNK4/FGF2/OSR1/GPC3/NOTCH1/KIF26B/GREM1/NPNT/UMOD/IRX1/IRX3/TACSTD2/WT1/PTCH1/WNT7B/POU3F3/LGR4/AQP1/HOXB7,29
BP,GO:0051591,response to cAMP,27/2867,90/18860,0.3,1.97349145448204,3.91948918154272,0.0002736359127828,0.003074736994098,0.0021642766523248,CFTR/CPS1/RAPGEF3/EZR/HCN2/COL1A1/PKD2/DUSP1/FOSB/CDO1/ASS1/INPP5K/SLC6A3/CNGA3/CRHBP/DMTN/INHBB/FBP1/GPD1/FOS/PER1/KCNE1/ADIPOQ/PENK/WT1/PDE2A/AQP1,27
BP,GO:1905477,positive regulation of protein localization to membrane,27/2867,90/18860,0.3,1.97349145448204,3.91948918154272,0.0002736359127828,0.003074736994098,0.0021642766523248,FYN/ATP2B4/PKP1/EZR/SORBS1/TREM2/ZDHHC2/AGR2/CD81/SPTBN1/PLS1/RAMP3/LRP1/TNFAIP6/LRP4/DSG3/CD36/EPHA2/STAC/EGFR/FARP1/GPER1/PRNP/DOK7/AKAP5/NRXN1/PRKN,27
BP,GO:0061326,renal tubule development,30/2867,104/18860,0.288461538461538,1.89758793700196,3.88625928836079,0.0002768652998538,0.0030956774318065,0.0021790164172247,SOX8/WNT11/SIX4/EYA1/GATA3/FGF1/TCF21/PKD2/SOX9/BMP2/WNK4/FGF2/OSR1/GPC3/NOTCH1/KIF26B/GREM1/NPNT/UMOD/IRX1/IRX3/TACSTD2/WT1/PTCH1/COL4A1/WNT7B/POU3F3/LGR4/AQP1/HOXB7,30
BP,GO:0006941,striated muscle contraction,51/2867,208/18860,0.245192307692308,1.61294974645166,3.7635877122226,0.0002796315741363,0.0031183871378307,0.0021950015524163,SCN4A/ATP1A2/ABCC9/CACNA1S/DSP/SNTA1/JPH1/TNNT1/CAV1/ADGRD1/FGF12/CASQ2/ADRA1A/KCNJ8/TNNI3/KCNA5/ACE2/HRC/TNNT3/SCN2A/BIN1/ATP1B1/STAC/ANK2/GSN/KCNE4/SCN3A/CACNA2D1/CLIC2/CACNA1D/MYL3/CCDC78/KCNJ3/ADORA1/PGAM2/CA3/SCN11A/SCN9A/ADRA1B/VEGFB/NPPA/SCN4B/KCNE1/SYNM/CAV3/SCN8A/MB/ASPH/PLN/RYR3/DMD,51
BP,GO:0045860,positive regulation of protein kinase activity,35/2867,128/18860,0.2734375,1.79875523194977,3.83914782009294,0.0002837019335525,0.0031528776125522,0.0022192790529995,TENM1/IGF1/TRAF4/FGFR1/TPX2/CLSPN/FLT1/CEMIP/EZH2/MMD/NEDD9/SASH1/PRLR/FGF1/WNT5A/ECT2/KIF14/ITGB1BP1/CAMK1/PIM1/FGF2/CENPE/TOM1L1/CARD14/ERBB2/HMGA2/ANGPT1/DDR2/NEK10/MST1R/GPRC5B/RASGRP1/LEP/DOK7/ADIPOQ,35
BP,GO:0072091,regulation of stem cell proliferation,28/2867,95/18860,0.294736842105263,1.93886879738586,3.88419148828543,0.0002950165756102,0.0032726382538954,0.0023035773719855,FERMT2/FGFR1/WNT11/FERMT1/HOXA3/WNT5A/EPCAM/CDKN2C/RUNX2/SOX9/OVOL2/KDR/PIM1/FGF2/NFIB/NOTCH1/HMGA2/VEGFC/TGFBR2/SOX17/OSR2/KDF1/SFN/SOX11/PTCH1/SOX18/ATXN1L/CEBPA,28
BP,GO:0001885,endothelial cell development,22/2867,68/18860,0.323529411764706,2.12827509797082,3.94630970525106,0.0003048468462561,0.0033738347683832,0.0023748085875408,TNMD/RAPGEF3/EZR/PPP1R16B/TJP3/PTPRS/MET/AMOTL2/PROC/ID1/ROCK2/EDNRB/MARVELD2/ROBO4/CLDN1/CLDN3/FASN/CDH5/CLDN5/PDE2A/SOX18/NOTCH4,22
BP,GO:0035148,tube formation,40/2867,153/18860,0.261437908496732,1.71981826098652,3.7850769269482,0.0003052490742903,0.0033738347683832,0.0023748085875408,SOX8/CELSR1/LRP2/GRHL2/SIX4/SALL4/SFRP1/GATA3/FOLR1/BMP5/PTK7/WNT5A/PROX1/ITGB1BP1/TWIST1/STIL/SOX9/OVOL2/FGF2/OSR1/SFRP2/NFIB/NOTCH1/ADM/ST14/GRHL3/EDA/DLC1/CTHRC1/RET/SPINT1/GREM1/SPINT2/ATOH8/ZEB2/IRX1/MMRN2/IRX3/RGMA/PTCH1,40
BP,GO:0061351,neural precursor cell proliferation,43/2867,168/18860,0.255952380952381,1.68373278854618,3.76895862509343,0.0003059770977896,0.003375743697756,0.0023761522638554,CX3CL1/IGF1/ASPM/LIMS2/WDR62/FGFR1/DCT/LRP2/SOX10/PTPRZ1/SLC6A4/MDK/WNT5A/ARTN/PROX1/KIF14/DLL4/NES/SOX5/EMX1/FGF2/LEF1/NTRK3/NFIB/NOTCH1/HMGA2/VEGFC/FOXO1/PDE9A/RACGAP1/MELK/SPINT1/SPINT2/ZEB2/EMX2/CDH2/SHCBP1/ID4/INSM1/DBX2/FZD9/POU3F3/DISP3,43
BP,GO:0006081,aldehyde metabolic process,24/2867,77/18860,0.311688311688312,2.05038073192939,3.91036987009408,0.000312262474278,0.0034388470672762,0.0024205700952334,ALDH3A2/ALDH3A1/ALDH2/BMP5/AGXT2/PCK1/BMP2/ALDH1A2/EDNRB/ALDOB/RBP4/IDH1/DAB2/BMP6/PDXK/AKR7A3/ALPL/TKT/ALDH1A1/SDR16C5/AKR1C1/AKR1C3/ADH5/HOGA1,24
BP,GO:0050769,positive regulation of neurogenesis,56/2867,235/18860,0.238297872340426,1.56759604895027,3.70709198306562,0.0003175882880164,0.0034834576847733,0.0024519710632122,PLXND1/SOX8/CX3CL1/TNFRSF12A/TNFRSF1B/CAMK2B/ASPM/WDR62/DCT/LRP2/NRP1/SOX10/E2F1/SLC7A5/METRN/PTPRZ1/CXCL12/NEURL1/WNT3/MDK/QKI/FN1/MYB/CXCR4/BMP2/GFAP/MAP1B/SERPINF1/PLXNC1/IL6/BIN1/ITPKA/FGF2/NTRK3/CRABP2/TTBK1/NTRK2/NOTCH1/VEGFC/ROBO3/CHODL/KIT/GPER1/SPINT1/ZEB2/MAP6/ID4/FZD4/SOX11/CDH4/EFNA5/RELN/MME/XRCC2/L1CAM/SHANK3,56
BP,GO:0042220,response to cocaine,18/2867,51/18860,0.352941176470588,2.32175465233181,4.00185446500278,0.0003186054404892,0.0034834576847733,0.0024519710632122,FYN/CACNG4/SLC1A3/OPRK1/SLC1A1/SLC6A4/SLC1A2/RGS4/FOSB/PPP1R1B/SLC6A3/SNCA/CCNA2/CRHBP/SDK1/GRIA1/ABAT/DRD1,18
BP,GO:0141161,regulation of cAMP/PKA signal transduction,17/2867,47/18860,0.361702127659574,2.3793868600138,4.00879819258238,0.0003324116327929,0.0035942882842915,0.0025299836149721,PRKAR2B/ADCYAP1R1/PDE8B/RAMP3/PDE11A/PDE6B/PDE5A/PDE3B/PDE1C/PDE9A/ADRB2/PDE7B/PDE3A/ADIPOQ/NPY2R/PDE2A/MIF,17
BP,GO:0086003,cardiac muscle cell contraction,27/2867,91/18860,0.296703296703297,1.95180473520201,3.8535074077296,0.0003334723790657,0.0035942882842915,0.0025299836149721,SCN4A/ATP1A2/ABCC9/DSP/SNTA1/CAV1/FGF12/CASQ2/KCNJ8/KCNA5/SCN2A/BIN1/ANK2/GSN/KCNE4/SCN3A/CACNA2D1/CACNA1D/KCNJ3/ADORA1/SCN11A/SCN9A/SCN4B/KCNE1/CAV3/SCN8A/PLN,27
BP,GO:0007595,lactation,16/2867,43/18860,0.372093023255814,2.44774133889245,4.02400228713992,0.0003409115740252,0.0036406507221933,0.0025626176718324,XBP1/CAV1/NEURL1/VDR/SLC29A1/PRLR/SOCS2/STAT5A/CDO1/SLC6A3/HK2/STAT5B/ERBB4/OXTR/PPARA/NME1,16
BP,GO:0051154,negative regulation of striated muscle cell differentiation,16/2867,43/18860,0.372093023255814,2.44774133889245,4.02400228713992,0.0003409115740252,0.0036406507221933,0.0025626176718324,XBP1/EZH2/SOX6/RGS4/BMP2/CCN3/RPL3L/MYOCD/NOTCH1/PLPP7/MSX1/PI16/TRIM72/BHLHA15/CAV3/PPARA,16
BP,GO:0048384,retinoic acid receptor signaling pathway,15/2867,39/18860,0.384615384615385,2.53011724933594,4.04989604218627,0.0003419660408574,0.0036406507221933,0.0025626176718324,CYP26B1/CYP26A1/EZH2/VDR/THRA/KLF2/ALDH1A2/PPARG/RXRG/THRB/DHRS3/PRAME/CYP26C1/AKR1C3/ZNF536,15
BP,GO:0051954,positive regulation of amine transport,15/2867,39/18860,0.384615384615385,2.53011724933594,4.04989604218627,0.0003419660408574,0.0036406507221933,0.0025626176718324,SYT1/OPRK1/SLC7A5/CXCL12/KMO/ACE2/STXBP1/KCNB1/PINK1/AVPR1A/RAB3B/TRH/ABAT/NPY2R/SLC38A3,15
BP,GO:0090130,tissue migration,31/2867,110/18860,0.281818181818182,1.85388591178616,3.80280243102621,0.000347569138994,0.0036873870784378,0.0025955149260785,ANLN/GRHL2/FAT2/EPB41L4B/MMP9/FERMT1/KANK1/ACTA2/SASH1/WNT5A/TACR1/PROX1/SOX9/RAB25/ENPP2/FGF7/MARVELD3/DAAM2/KIT/ACTG2/TGFBR2/ZEB2/LRG1/JUN/TACSTD2/IRS2/NANOS1/EVL/KANK2/OCLN/APELA,31
BP,GO:0048251,elastic fiber assembly,7/2867,11/18860,0.636363636363636,4.18619399435584,4.47540773516065,0.0003488070237872,0.0036876485175695,0.0025956989504714,LTBP4/MYH11/FBLN5/MFAP4/TNXB/COL3A1/THSD4,7
BP,GO:0008584,male gonad development,40/2867,154/18860,0.25974025974026,1.70865060994116,3.73861090814754,0.0003527912107907,0.003707733015729,0.0026098362280739,SOX8/MAMLD1/YBX3/ASPM/HOXA9/LRP2/TESC/ESR1/BIK/SIX4/SFRP1/AMH/GATA3/WNT5A/NR5A2/TCF21/KIF18A/INHBA/SOX9/PDGFRA/BRIP1/LHCGR/RBP4/SFRP2/HMGA2/CCNO/KIT/INHBB/RHOBTB3/DNAAF3/ADAM29/ADAM18/ZFPM2/BOK/CSMD1/WT1/AKR1C3/ODAD3/MCIDAS/HOXA10,40
BP,GO:0007272,ensheathment of neurons,41/2867,159/18860,0.257861635220126,1.69629244515227,3.73306918012551,0.0003531464741087,0.003707733015729,0.0026098362280739,CD9/CLDN11/IGF1/TNFRSF1B/MYOC/GPM6B/BCAS1/ERBB3/SOX10/NDRG1/PTPRZ1/QKI/KIF14/B4GALT6/CLU/CXCR4/HYCC1/PLP1/WASF3/LPIN1/SCN2A/NTRK3/ITGAX/ERBB2/MALL/ANK2/TNFRSF21/MAL2/NTRK2/LGI4/JAM2/MPZ/S100B/TPPP/ORMDL3/ID4/ABCD2/UGT8/CLDN5/SCN8A/KEL,41
BP,GO:0008366,axon ensheathment,41/2867,159/18860,0.257861635220126,1.69629244515227,3.73306918012551,0.0003531464741087,0.003707733015729,0.0026098362280739,CD9/CLDN11/IGF1/TNFRSF1B/MYOC/GPM6B/BCAS1/ERBB3/SOX10/NDRG1/PTPRZ1/QKI/KIF14/B4GALT6/CLU/CXCR4/HYCC1/PLP1/WASF3/LPIN1/SCN2A/NTRK3/ITGAX/ERBB2/MALL/ANK2/TNFRSF21/MAL2/NTRK2/LGI4/JAM2/MPZ/S100B/TPPP/ORMDL3/ID4/ABCD2/UGT8/CLDN5/SCN8A/KEL,41
BP,GO:0098801,regulation of renal system process,11/2867,24/18860,0.458333333333333,3.015056388792,4.18221824109556,0.0003573368301629,0.0037251343401051,0.0026220848464563,EDN1/CORO2B/NHERF1/INPP5K/SPX/AGTR1/CORIN/ADORA1/NPR1/ADIPOQ/F2R,11
BP,GO:0061029,eyelid development in camera-type eye,8/2867,14/18860,0.571428571428571,3.75903134187055,4.3723937670428,0.0003578678161903,0.0037251343401051,0.0026220848464563,INHBA/TWIST1/TFAP2A/EGFR/GRHL3/OSR2/SOX11/JUN,8
BP,GO:0033555,multicellular organismal response to stress,29/2867,101/18860,0.287128712871287,1.8888202039597,3.79208419537561,0.0003780120632679,0.0039213913525694,0.0027602281968458,MAPK8IP2/ATP1A2/ADRB1/ADCYAP1R1/SLC6A2/SLC1A1/MDK/PDE8B/THBS4/TACR1/CRHR1/GRPR/GRP/EDNRB/LYPD1/ADRA2A/TMEM45B/SCN3A/GRIA1/TMEM74/RET/SCN11A/UMOD/SCN9A/PENK/LPAR5/DRD1/NPY2R/RELN,29
BP,GO:0048645,animal organ formation,22/2867,69/18860,0.318840579710145,2.09743053133357,3.86664984935477,0.0003840624280478,0.0039706045920122,0.0027948689044302,FGFR1/LRP2/WNT11/TBX5/EYA1/HOXA3/NKX3-2/FOLR1/FGF1/WNT5A/HOXC11/BMP2/PIM1/SULF1/FGF2/NOTCH1/FOXH1/TGFBR2/SPRY1/SOX17/MESP1/WT1,22
BP,GO:1905330,regulation of morphogenesis of an epithelium,22/2867,69/18860,0.318840579710145,2.09743053133357,3.86664984935477,0.0003840624280478,0.0039706045920122,0.0027948689044302,SOX8/FGFR1/ESR1/SIX4/SFRP1/GATA3/MDK/FGF1/WNT5A/SOX9/SULF1/FGF2/FGF7/ITGAX/LCN2/GREM1/CXCL10/MMRN2/CAV3/TACSTD2/LGR4/HOXB7,22
BP,GO:0007009,plasma membrane organization,46/2867,185/18860,0.248648648648649,1.63568661092205,3.6788055356375,0.0003892290978866,0.004010379128903,0.0028228658035845,SLC4A1/WDR54/BAIAP2L1/CD9/EHD2/VMP1/TIE1/SH3GLB1/NDRG1/CAV2/CAV1/NHERF1/FOLR1/PLSCR4/SPTBN1/EQTN/CLU/CXCR4/PACSIN1/AHNAK/ANO3/BIN1/SYPL2/TMEFF2/ANK2/UGCG/GSN/ANK3/ANO4/TLCD1/CHMP4C/FOLR2/CAVIN2/SERINC2/ANO5/ABCD2/ANO6/TRIM72/ATG9B/CAV3/ANO9/TLCD2/MYMK/CR1/XKR4/MYMX,46
BP,GO:1902895,positive regulation of miRNA transcription,19/2867,56/18860,0.339285714285714,2.23192485923564,3.90896083713041,0.0003916694689095,0.0040286949263975,0.0028357581104589,NGFR/GATA3/NR3C1/MYB/EGR1/BMP2/FOXA1/PPARG/IL6/KLF4/SMAD6/FGF2/MYOCD/EGFR/ATOH8/FOS/JUN/WT1/TEAD1,19
BP,GO:0110053,regulation of actin filament organization,63/2867,274/18860,0.22992700729927,1.5125299468658,3.61834329880816,0.0003967099136713,0.0040736479142029,0.0028674000694773,CX3CL1/BAIAP2L1/TENM1/MYOC/CAPG/CYFIP2/SPTB/FERMT2/PAK3/RAPGEF3/NRP1/RGCC/PYCARD/CORO2B/SFRP1/MET/CCL24/KANK1/CXCL12/SPTBN1/TACR1/RGS4/ITGB1BP1/TGFB3/ARHGAP40/CCR7/RHPN2/INPP5K/KANK4/WASF3/ROCK2/BIN1/TMOD1/CCL21/OAZ3/TMEFF2/DAAM2/EPHA1/GSN/ADD3/ESAM/CDC42EP2/EPS8/PLEKHH2/RHPN1/DMTN/LMOD1/DLC1/CFL2/S1PR1/PTGER4/SYNPO/CCL11/SYNPO2/KIRREL1/TACSTD2/PRKN/KANK3/EVL/KANK2/CYRIA/ARHGEF15/SHANK3,63
BP,GO:0046546,development of primary male sexual characteristics,40/2867,155/18860,0.258064516129032,1.69762705761896,3.6924831093709,0.0004068347514197,0.0041565520233288,0.0029257554436467,SOX8/MAMLD1/YBX3/ASPM/HOXA9/LRP2/TESC/ESR1/BIK/SIX4/SFRP1/AMH/GATA3/WNT5A/NR5A2/TCF21/KIF18A/INHBA/SOX9/PDGFRA/BRIP1/LHCGR/RBP4/SFRP2/HMGA2/CCNO/KIT/INHBB/RHOBTB3/DNAAF3/ADAM29/ADAM18/ZFPM2/BOK/CSMD1/WT1/AKR1C3/ODAD3/MCIDAS/HOXA10,40
BP,GO:0060048,cardiac muscle contraction,40/2867,155/18860,0.258064516129032,1.69762705761896,3.6924831093709,0.0004068347514197,0.0041565520233288,0.0029257554436467,SCN4A/ATP1A2/ABCC9/DSP/SNTA1/JPH1/CAV1/FGF12/CASQ2/ADRA1A/KCNJ8/TNNI3/KCNA5/ACE2/HRC/SCN2A/BIN1/ATP1B1/ANK2/GSN/KCNE4/SCN3A/CACNA2D1/CLIC2/CACNA1D/MYL3/KCNJ3/ADORA1/SCN11A/SCN9A/ADRA1B/VEGFB/NPPA/SCN4B/KCNE1/CAV3/SCN8A/ASPH/PLN/DMD,40
BP,GO:0060740,prostate gland epithelium morphogenesis,12/2867,28/18860,0.428571428571429,2.81927350640291,4.07884306572408,0.0004162266773528,0.0042382612590078,0.002983269758334,IGF1/TNC/ESR1/SFRP1/WNT5A/SOX9/STAT5A/FOXA1/SULF1/NOTCH1/HOXB13/ID4,12
BP,GO:0141162,negative regulation of cAMP/PKA signal transduction,12/2867,28/18860,0.428571428571429,2.81927350640291,4.07884306572408,0.0004162266773528,0.0042382612590078,0.002983269758334,PRKAR2B/PDE8B/PDE11A/PDE6B/PDE5A/PDE3B/PDE1C/PDE9A/PDE7B/PDE3A/NPY2R/PDE2A,12
BP,GO:0002455,humoral immune response mediated by circulating immunoglobulin,18/2867,52/18860,0.346153846153846,2.27710552440235,3.90449935483283,0.00041875612005,0.0042568870464619,0.0029963802640441,C6/TREM2/FCER2/CD81/C7/CR2/CLU/FOXJ1/SUSD4/FCMR/EXO1/CR1/IGHG4/IGHG2/IGHG1/IGHG3/C4B/C4A,18
BP,GO:0015909,long-chain fatty acid transport,21/2867,65/18860,0.323076923076923,2.12529848944219,3.8477908476846,0.0004231553306462,0.0042813705393395,0.003013613950081,PLA2G3/SLC27A6/PLA2G4A/SLC2A1/PPARG/SPX/ANXA1/CD36/PLIN2/ACSL1/FABP5/PLA2G4F/FABP4/ABCD2/IRS2/PLA2G2C/PLA2G2A/ACSL5/NMB/CPT1B/MIF,21
BP,GO:0030500,regulation of bone mineralization,25/2867,83/18860,0.301204819277108,1.98141712297393,3.79391662040717,0.0004239817510581,0.0042813705393395,0.003013613950081,GPM6B/COMP/CYP27B1/VDR/TWIST1/SOX9/BMP2/KL/TFAP2A/BMPR1B/FBN2/OSR1/BMP6/DDR2/PKDCC/OSR2/GREM1/ADRB2/S1PR1/PHOSPHO1/ANO6/RFLNB/NOTUM/ISG15/FZD9,25
BP,GO:0030593,neutrophil chemotaxis,25/2867,83/18860,0.301204819277108,1.98141712297393,3.79391662040717,0.0004239817510581,0.0042813705393395,0.003013613950081,CX3CL1/DPEP1/DAPK2/EDN1/MDK/IL23A/THBS4/TNFAIP6/CCR7/EDN2/LBP/VAV3/C5AR2/CCL21/CXCL9/ITGA9/CCL28/CXADR/CXCL13/CXCL3/PPBP/CXCL10/SAA1/CXCR2/ITGA1,25
BP,GO:0043297,apical junction assembly,25/2867,83/18860,0.301204819277108,1.98141712297393,3.79391662040717,0.0004239817510581,0.0042813705393395,0.003013613950081,CLDN11/GRHL2/WNT11/ECT2/RAMP2/ROCK2/DSG3/ACVRL1/MARVELD3/EPHA2/ESAM/MARVELD2/FZD5/CLDN1/CLDN19/MICALL2/CLDN3/CDH5/GPBAR1/CLDN7/CLDN5/CLDN4/OCLN/MYO1C/CLDN9,25
BP,GO:0051402,neuron apoptotic process,71/2867,318/18860,0.223270440251572,1.46874101958307,3.56924565968056,0.000438469102081,0.0044169882872372,0.003109073927952,CASP10/PLXND1/CRLF1/CX3CL1/FYN/NGFR/ERBB3/POLB/TYRO3/TREM2/NRP1/PLA2G3/SIX4/TOX3/CASP14/PTPRZ1/SLC1A1/GATA3/UNC5B/TRIM2/PPARGC1A/MDK/NR3C1/GBE1/KIF14/MYB/TGFB3/EGR1/CLU/CNTFR/NDP/GRM4/GDF5/KDR/EGLN3/NES/CHL1/TMBIM1/SCN2A/STXBP1/TFAP2A/FGF2/ARSG/CBLC/HSPG2/SNCA/TNFRSF21/NTRK2/LCN2/THRB/ADAM8/SLC25A27/ANGPT1/KCNB1/PINK1/NPR2/PCSK9/LONRF2/PRNP/NDNF/VEGFB/BOK/CDK5R1/JUN/F2R/PYCR1/PRKN/FZD9/XRCC2/CASP12/ITGA1,71
BP,GO:1903076,regulation of protein localization to plasma membrane,33/2867,121/18860,0.272727272727273,1.79408314043822,3.71016874950063,0.0004388650971362,0.0044169882872372,0.003109073927952,CAMK2B/ATP2B4/PKP1/EZR/SORBS1/TREM2/VTI1B/ZDHHC2/AGR2/SPTBN1/VAMP8/RHOQ/PLS1/LYPLA1/RAMP3/LRP1/WNK4/CD36/TMBIM1/EPHA2/STAC/EGFR/LYPD1/DAB2/PID1/PKDCC/GPER1/MRAP/PRNP/LRRC15/SFN/AKAP5/NRXN1,33
BP,GO:0006109,regulation of carbohydrate metabolic process,46/2867,186/18860,0.247311827956989,1.62689259688483,3.63780272692101,0.0004422235074301,0.0044318222965404,0.003119515438903,PDK4/SLC4A1/PDK2/MLXIPL/IGF1/DGAT2/ACACB/ADCYAP1R1/SLC4A4/C1QTNF3/SORBS1/PPARGC1A/GPLD1/NR3C1/KAT2B/POMC/PASK/LEPR/GNMT/INPP5K/ALDOB/IER3/LHCGR/PMAIP1/RORC/SNCA/FOXO1/UCHL1/PFKFB1/TFF3/SLC2A6/PTH1R/GPER1/FBP1/IGF2/GPD1/ZNF692/C1QTNF1/LEP/ADIPOQ/PHLDA2/PRKN/IRS2/PPARA/ZFP92/PPP1R3G,46
BP,GO:0006633,fatty acid biosynthetic process,45/2867,181/18860,0.248618784530387,1.6354901556481,3.63730325955325,0.0004486456375147,0.0044857184711386,0.0031574524177589,PDK4/MLXIPL/NR1H3/ACSL4/PTGS2/MGLL/ACACB/EDN1/GSTP1/SCD/PLA2G3/XBP1/TRIB3/QKI/EHHADH/KAT2B/ACADL/PECR/PLA2G4A/ELOVL3/PLP1/PTGIS/EDN2/ACSS2/ACSL1/ACOX1/ELOVL7/FABP5/CTHRC1/HACD1/AVPR1A/GPX4/ANGPTL4/PLA2G4F/FASN/ABCD2/LPL/ACSM5/AKR1C3/ELOVL2/MIR342/HACD2/FADS3/NME1/MIF,45
BP,GO:1902905,positive regulation of supramolecular fiber organization,44/2867,176/18860,0.25,1.64457621206836,3.63750740952651,0.0004543611770945,0.004527969828783,0.0031871927262972,CX3CL1/BAIAP2L1/TENM1/MYOC/FERMT2/EDN1/RAPGEF3/NRP1/RGCC/PYCARD/SFRP1/MET/CCL24/TACR1/PROX1/ITGB1BP1/TGFB3/CLU/CCR7/MAP1B/WASF3/PSRC1/ROCK2/BIN1/CCL21/SLAIN1/MYLK3/ANKRD53/EPHA1/GSN/CDC42EP2/SKA1/LMOD1/CFL2/SYNPO/CCL11/SYNPO2/CDK5R1/AURKB/CAV3/KIRREL1/EVL/OCLN/ARHGEF15,44
BP,GO:0007613,memory,35/2867,131/18860,0.267175572519084,1.75756236404253,3.68387556238983,0.0004560884712366,0.004537744380765,0.0031940729357858,ABCC8/ROGDI/TREM2/PAK5/SLC17A7/SLC1A1/SLC6A4/MDK/KAT2B/TACR1/CCND2/ACSS2/SERPINF1/SCN2A/PAK6/VLDLR/LCN2/EIF4EBP2/GRIA1/SLC24A2/S100B/LMX1A/PTCHD1/GABRB3/FOS/PRNP/RCAN2/SLC2A4/CSMD1/DRD1/RELN/FOXO6/ATXN1L/CEBPA/SHANK3,35
BP,GO:0010595,positive regulation of endothelial cell migration,36/2867,136/18860,0.264705882352941,1.74131598924886,3.67351411979082,0.0004617801918485,0.0045868656638025,0.0032286489161751,ADGRA2/FLT4/TGFBR3/PTGS2/FGFR1/EDN1/NRP1/ANGPT4/MET/GATA3/SASH1/GPLD1/FGF1/WNT5A/AKT3/PROX1/ITGB1BP1/TEK/RRAS/STAT5A/RHOJ/KDR/ANXA1/FGF2/ANXA3/LCN2/VEGFC/ANGPT1/PLPP3/JCAD/GREM1/ATOH8/CCBE1/MIR342/MIR126/MIR23A,36
BP,GO:0022604,regulation of cell morphogenesis,58/2867,249/18860,0.232931726907631,1.53229590843317,3.57994335585044,0.0004671801636345,0.0046253879718799,0.0032557643839779,PLXND1/FYN/CAMK2B/SYT1/FERMT2/EZR/BAMBI/PALMD/PALM/SYT17/RHOV/HPN/CCL24/KANK1/NHERF1/SH3D19/POPDC1/WNT5A/FN1/RHOU/RHOQ/RHOJ/FGD3/KDR/STRIP2/WASF3/ANXA1/ITGA7/PLXNC1/ENPP2/ITPKA/SHROOM3/CPNE8/FGD4/RNF157/WTIP/SH3KBP1/FAM171A1/CDC42EP2/EPS8/FGD5/GRIP1/KIT/FMNL2/DMTN/S100B/CLDN3/EPB42/CCL11/FZD4/SYNE3/CCL13/EFNA5/PRKN/PALM3/RELN/CLDN4/PARVA,58
BP,GO:0035137,hindlimb morphogenesis,14/2867,36/18860,0.388888888888889,2.55822966321746,3.96218700202739,0.0004694386646332,0.0046401912883019,0.0032661842905165,ALX4/PITX1/WNT3/ZBTB16/MSX2/TWIST1/GDF5/OSR1/AFF3/GPC3/NOTCH1/MSX1/OSR2/PTCH1,14
BP,GO:0033045,regulation of sister chromatid segregation,30/2867,107/18860,0.280373831775701,1.8443845368991,3.70855728372324,0.00047231550955,0.0046534942991164,0.0032755481469265,TRIP13/BIRC5/MAP3K20/CDC6/TTK/KAT2B/CENPF/DUSP1/ZWINT/DLGAP5/CCNB1/CDCA8/ESPL1/USP44/KNL1/CENPE/NUF2/SPC25/SKA1/BUB1B/SPC24/MAD2L1/PLK1/BUB1/CDK1/UBE2C/RMI2/HASPIN/AURKB/MAPK15,30
BP,GO:0015833,peptide transport,66/2867,292/18860,0.226027397260274,1.48687712323989,3.55006609703697,0.0004821697700401,0.0047428964920289,0.0033384774573549,CFTR/ABCC8/MGST1/MLXIPL/NNAT/PTPRN/ACSL4/EDN1/RAPGEF3/SLC15A1/CD209/CA2/TFR2/NHERF1/GPLD1/PDE8B/PASK/ECRG4/GPR68/CRHR1/TNFSF11/ACVR1C/SOX4/NR1D1/GNAI1/GNAZ/KCNA5/GRP/HNF1A/IL6/BLK/IL1RN/CCN3/RBP4/HADH/ILDR2/ABCA12/ILDR1/CRHBP/HMGA2/ADRA2A/FOXO1/SLC7A11/KCNB1/INHBB/ADORA1/F2RL2/GPER1/ABCA1/GPR27/TRH/LEP/ABAT/BMP8A/ADRA2C/EFNA5/NPY2R/PRKN/IRS2/FFAR4/KCNJ11/SLC15A5/FAM3D/ITSN1/AQP1/DOC2B,66
BP,GO:0001764,neuron migration,48/2867,197/18860,0.243654822335025,1.60283569907171,3.60121919112482,0.0004834242841947,0.0047475544808079,0.0033417561691213,CX3CL1/FYN/CAMK2B/ASPM/KIF26A/SEMA3A/CELSR1/WDR62/FGFR1/TYRO3/NRP1/LHX6/GATA3/CXCL12/SEPTIN4/MDK/MARK1/FILIP1/SATB2/TNN/TWIST1/MAP1B/MATN2/CHL1/TUBB2A/TUBB2B/NTRK3/CELSR2/GFRA3/NTRK2/KIRREL3/ADGRL3/IGSF10/ROBO3/TRIM46/EOMES/TBX20/COL3A1/EMX2/NDNF/CDK5R1/ERBB4/NDN/CCR4/DRD1/FLRT2/DNER/RELN,48
BP,GO:0000075,cell cycle checkpoint signaling,46/2867,187/18860,0.245989304812834,1.61819263647368,3.59704433317332,0.0005015704014147,0.0049178168874194,0.0034616021761474,RAD51/FOXN3/TRIP13/CAMSAP3/CDC14B/ORC1/BIRC5/MAP3K20/CLSPN/CDC45/CDC6/E2F1/TTK/PROX1/CENPF/DUSP1/ZWINT/CCNB1/CDCA8/USP44/BRIP1/IER3/KNL1/BARD1/BRCA2/TICRR/NUF2/DTL/FANCD2/SPC25/SKA1/EME1/BUB1B/BRSK1/SPC24/MAD2L1/CHMP4C/PLK1/CDT1/BUB1/CDK1/HASPIN/AURKB/FOXO4/MUC1/BLM,46
BP,GO:0050805,negative regulation of synaptic transmission,19/2867,57/18860,0.333333333333333,2.19276828275782,3.8184591166158,0.000504732057321,0.0049408473050799,0.0034778130570557,CBLN1/SLC6A4/BCHE/TNR/STXBP1/GRIA1/SLC24A2/KCNB1/ADORA1/ABHD6/GRIK3/NPY5R/ADIPOQ/PENK/DRD1/NPY2R/PRKN/CNR2/SHANK3,19
BP,GO:0045859,regulation of protein kinase activity,55/2867,234/18860,0.235042735042735,1.54618276348308,3.55954369112061,0.0005116590942659,0.0050006039132516,0.003519875136556,TENM1/GPRC5A/IGF1/TRAF4/FGFR1/TPX2/CLSPN/CDC6/PTK6/TRIB3/FLT1/PYCARD/CEMIP/RASIP1/EZH2/MMD/NHERF1/NEDD9/SASH1/PRLR/FGF1/WNT5A/ECT2/KIF14/ITGB1BP1/DUSP1/PKMYT1/CDKN1C/CEP85/CAMK1/PIM1/FGF2/CENPE/TOM1L1/CARD14/ERBB2/HMGA2/LATS2/ANGPT1/CDC25C/DDR2/NEK10/MST1R/GPRC5B/YWHAG/SYNPO2/RASGRP1/LEP/NPPA/CCNE2/SFN/DOK7/CDK5R1/ADIPOQ/BLM,55
BP,GO:0015749,monosaccharide transmembrane transport,33/2867,122/18860,0.270491803278689,1.77937754092643,3.65657421853201,0.0005151809167985,0.0050263874019169,0.0035380238766404,IGF1/CLTCL1/ACACB/EDN1/SORBS1/TRIB3/SLC1A2/SLC2A1/RHOQ/INPP5K/HNF1A/GPC3/SLC25A27/PID1/SLC5A11/HK2/SLC2A6/PPBP/KLF15/FABP5/SLC50A1/SLC23A1/SLC2A14/PTPRM/LEP/ADIPOQ/SLC2A4/TRARG1/DRD1/IRS2/FFAR4/SLC2A10/OCLN,33
BP,GO:0060993,kidney morphogenesis,28/2867,98/18860,0.285714285714286,1.87951567093527,3.69594297746869,0.0005159509358111,0.0050263874019169,0.0035380238766404,SOX8/WNT11/SIX4/EYA1/GATA3/FGF1/TCF21/PKD2/SOX4/SOX9/BMP2/WNK4/FOXJ1/FGF2/OSR1/GPC3/KIF26B/GREM1/NPNT/IRX1/IRX3/ERBB4/TACSTD2/WT1/PTCH1/WNT7B/LGR4/HOXB7,28
BP,GO:0007612,learning,41/2867,162/18860,0.253086419753086,1.6648796220939,3.59841426804462,0.0005341109367487,0.0051828576540475,0.0036481617239163,PRKAR2B/ABCC8/MAPK8IP2/FYN/ATP1A2/RAPGEF3/OPRK1/PAK5/NDRG4/SLC1A1/SLC6A4/PDE8B/BCHE/TACR1/TNR/FOXP2/PPP1R1B/MEIS2/ADGRB3/PAK6/TPBG/NLGN4X/NTRK2/SLC7A11/GRIA1/SLC24A2/KIT/BRSK1/GABRB3/FOS/CNTNAP2/GRIN1/NRXN1/CSMD1/CLDN5/DRD1/PRKN/RELN/PLN/ATXN1L/SHANK3,41
BP,GO:0015844,monoamine transport,23/2867,75/18860,0.306666666666667,2.01734682013719,3.73768133736505,0.0005345701182904,0.0051828576540475,0.0036481617239163,GPM6B/SYT1/OPRK1/SLC6A2/CXCL12/SLC6A4/SLC6A3/SNCA/SLC22A3/CHRNA6/ADRA2A/KCNB1/PINK1/SLC29A4/RAB3B/SNCG/KCNA2/MAPK15/ABAT/ADRA2C/DRD1/NPY2R/PRKN,23
BP,GO:0042552,myelination,40/2867,157/18860,0.254777070063694,1.67600123522891,3.60122193606989,0.0005375130999509,0.0052020741367469,0.0036616880141083,CD9/IGF1/TNFRSF1B/MYOC/GPM6B/BCAS1/ERBB3/SOX10/NDRG1/PTPRZ1/QKI/KIF14/B4GALT6/CLU/CXCR4/HYCC1/PLP1/WASF3/LPIN1/SCN2A/NTRK3/ITGAX/ERBB2/MALL/ANK2/TNFRSF21/MAL2/NTRK2/LGI4/JAM2/MPZ/S100B/TPPP/ORMDL3/ID4/ABCD2/UGT8/CLDN5/SCN8A/KEL,40
BP,GO:0006790,sulfur compound metabolic process,63/2867,277/18860,0.227436823104693,1.49614875610552,3.52210327400891,0.0005382636341526,0.0052020741367469,0.0036616880141083,PDK4/PDK2/FMO3/AASS/FMO1/DPEP1/CPS1/DGAT2/GSTO2/ACSL4/ACACB/GSTP1/SULT2B1/PHGDH/GSR/SLC1A1/SLC1A2/GHR/ACOT2/ELOVL3/GPAM/CHST3/NDP/GNMT/STAT5A/CDO1/ACSS2/PDHA1/BHMT2/MICAL2/GSTM5/SLC19A3/IDH1/NUDT7/ARSG/SNCA/BHMT/CHST7/GLYAT/SLC7A11/ACSL1/CHST9/CBS/LOC102724560/ELOVL7/HACD1/FASN/TPST1/STAT5B/CHST2/CHST1/CHST6/ACSM5/ACOT1/DGAT1/ACSL5/ELOVL2/SULT1C4/SULT1C2/HACD2/TSTD1/NME1/GSTA1,63
BP,GO:0060419,heart growth,29/2867,103/18860,0.281553398058252,1.85214408349447,3.67162369770761,0.0005398116841389,0.0052087543299693,0.0036663901353798,IGF1/FOXC1/TGFBR3/ACACB/FGFR1/EDN1/TBX5/NDRG4/RGS4/PROX1/ADRA1A/CCNB1/PIM1/RBP4/FGF2/NOTCH1/RUNX1/PI16/TBX20/MESP1/ZFPM2/CDK1/S1PR1/NPPA/ERBB4/CAV3/WT1/PPARA/MIR23A,29
BP,GO:0045165,cell fate commitment,68/2867,304/18860,0.223684210526316,1.47146292658748,3.50873335757219,0.0005420736416444,0.0052222910737824,0.0036759185141125,CYP26B1/SOX8/DMRT3/PITX1/FGFR1/EDN1/WNT11/TBX5/TBX15/NRP1/LGALS1/EYA1/SFRP1/ESRP1/HOXA2/GATA3/WNT3/SOX6/IL23A/TBX18/WNT5A/DLX2/EPAS1/PTCH2/PROX1/LY9/SPDEF/RUNX2/SOX9/BMP2/STAT5A/BCL11B/KDR/DLL4/FOXA1/MNX1/PPARG/GSC/SOX5/CTSL/SPRY2/IL6/KLF4/FGF2/NTRK3/SFRP2/NFIB/NOTCH1/LATS2/BATF/ETS2/TAL1/EOMES/TBX20/SOX17/MESP1/TNXB/SOSTDC1/ERBB4/GAS1/HOXC10/SOCS3/WT1/PTCH1/WNT7B/SOX18/NOTCH4/EBF2,68
BP,GO:0085029,extracellular matrix assembly,18/2867,53/18860,0.339622641509434,2.23414126922495,3.80935332180024,0.0005450121875984,0.0052422928614101,0.003689997572598,GPM6B/TIE1/TGFBR3/LTBP4/RGCC/HAS3/SOX9/RAMP2/PPARG/MYH11/FBLN5/FKBP10/NOTCH1/COL1A2/MFAP4/TNXB/COL3A1/THSD4,18
BP,GO:1901991,negative regulation of mitotic cell cycle phase transition,47/2867,193/18860,0.243523316062176,1.60197061071944,3.55897459271918,0.0005570472538373,0.0053388551850893,0.0037579668275406,FHL1/FOXN3/TRIP13/CDC14B/ORC1/BIRC5/CLSPN/CDC6/RGCC/EZH2/TTK/CENPF/PKD2/DUSP1/INHBA/ZWINT/PKMYT1/CCNB1/CDCA8/USP44/KLF4/IER3/KNL1/BARD1/TICRR/NUF2/DTL/CDKN2B/SPC25/SKA1/BUB1B/BRSK1/SPC24/MAD2L1/CHMP4C/E2F7/PLK1/FAM107A/BUB1/CDK1/HASPIN/AURKB/FOXO4/MUC1/DCUN1D3/KANK2/BLM,47
BP,GO:0043549,regulation of kinase activity,59/2867,256/18860,0.23046875,1.51609369550052,3.52008847403541,0.0005588307618345,0.0053388551850893,0.0037579668275406,TENM1/GPRC5A/IGF1/TRAF4/FGFR1/TPX2/CLSPN/CDC6/EEF1A2/PTK6/TRIB3/FLT1/PYCARD/CEMIP/RASIP1/EZH2/MMD/NHERF1/NEDD9/SASH1/PRLR/FGF1/WNT5A/ECT2/KIF14/ITGB1BP1/DUSP1/PKMYT1/CDKN1C/CEP85/CAMK1/PIM1/FGF2/CENPE/TOM1L1/CARD14/ERBB2/HMGA2/LATS2/ANGPT1/CDC25C/DDR2/NEK10/MST1R/GPRC5B/LDB2/YWHAG/SYNPO2/RASGRP1/CIMAP3/LEP/NPPA/CCNE2/SFN/DOK7/CDK5R1/ADIPOQ/PRKN/BLM,59
BP,GO:0045064,T-helper 2 cell differentiation,9/2867,18/18860,0.5,3.28915242413673,4.11391839120958,0.0005620772032336,0.0053388551850893,0.0037579668275406,PRKCZ/GATA3/BCL6/TNFSF4/MYB/ANXA1/IL18/BATF/ASCL2,9
BP,GO:0072189,ureter development,9/2867,18/18860,0.5,3.28915242413673,4.11391839120958,0.0005620772032336,0.0053388551850893,0.0037579668275406,SOX8/GATA3/TBX18/SOX9/ALDH1A2/OSR1/SOX17/RET/EMX2,9
BP,GO:1903909,regulation of receptor clustering,9/2867,18/18860,0.5,3.28915242413673,4.11391839120958,0.0005620772032336,0.0053388551850893,0.0037579668275406,ZDHHC2/CD81/TNFAIP6/LRP4/GSN/SLC7A11/FARP1/DOK7/FZD9,9
BP,GO:1905314,semi-lunar valve development,17/2867,49/18860,0.346938775510204,2.28226902899283,3.80521727032887,0.000582674435749,0.0055258625505751,0.0038895994438295,TNFRSF1B/TIE1/GATA3/TWIST1/SOX9/BMP2/DLL4/ROCK2/SMAD6/CDH11/NOTCH1/ADAMTS5/TGFBR2/TBX20/HEY1/NPPA/SLIT3,17
BP,GO:0051781,positive regulation of cell division,28/2867,99/18860,0.282828282828283,1.86053066415815,3.6346631195463,0.0006166377394662,0.0058012733001656,0.0040834583190056,CDC14B/BIRC5/CDC6/MDK/FGF6/THBS4/FGF1/ECT2/KIF14/ITGB1BP1/TGFB3/CAT/CDCA8/KIF23/FGF2/FGF7/GAREM1/VEGFC/CXCR5/RACGAP1/TAL1/PPBP/VEGFD/IGF2/VEGFB/AURKB/MACC1/CDC14C,28
BP,GO:0003231,cardiac ventricle development,35/2867,133/18860,0.263157894736842,1.7311328548088,3.58258269272654,0.000617440997731,0.0058012733001656,0.0040834583190056,FOXC1/COL11A1/TGFBR3/LRP2/GRHL2/WNT11/TBX5/DSP/SALL4/ENG/GATA3/PTK7/WNT5A/PROX1/SOX4/DLL4/TNNI3/APLNR/SMAD6/MYOCD/SFRP2/NOTCH1/MYL3/FOXH1/TGFBR2/NPY5R/TBX20/HEY1/MESP1/ZFPM2/SOX11/FZD2/SLIT3/NPY2R/PDE2A,35
BP,GO:0008643,carbohydrate transport,36/2867,138/18860,0.260869565217391,1.71607952563655,3.57464474507321,0.000621049831527,0.0058261758115016,0.0041009869479492,IGF1/CLTCL1/ACACB/EDN1/SORBS1/TRIB3/SLC1A2/SLC2A1/RHOQ/INPP5K/HNF1A/GPC3/SLC25A27/PID1/SLC5A11/HK2/SLC2A6/PPBP/KLF15/FABP5/AQP7/SLC50A1/SLC23A1/SLC2A14/PTPRM/LEP/ADIPOQ/SLC2A4/TRARG1/DRD1/IRS2/FFAR4/SLC2A10/OCLN/MFSD2B/AQP1,36
BP,GO:0055088,lipid homeostasis,47/2867,194/18860,0.242268041237113,1.59371303025182,3.51933025313344,0.0006286959219888,0.0058888174264563,0.0041450797549017,MLXIPL/ABHD5/NR1H3/DGAT2/ACACB/C1QTNF3/APOB/CETP/TREM2/XBP1/CAV1/TMEM97/ITGB6/NR5A2/HSDL2/GPAM/NR1D1/ANGPTL8/PPARG/MALL/ABCA12/CYP39A1/TLCD3B/IL18/SLC25A27/ABCA5/TLCD1/FGFR4/ACOX1/ADORA1/ETNPPL/ABCA1/ANGPTL4/PCSK9/FABP4/ORMDL3/LPL/PNPLA2/CAV3/TSKU/DGAT1/TLCD2/IRS2/AKR1C1/CES1/DISP3/CEBPA,47
BP,GO:0071711,basement membrane organization,15/2867,41/18860,0.365853658536585,2.4066968957098,3.81770524310313,0.0006392350384298,0.0059635556394023,0.0041976872363305,PHLDB1/CMA1/MMP11/FERMT1/HPN/CAV2/CAV1/NID1/RAMP2/LAMC1/SPINT2/COL3A1/FLRT2/COL4A1/LAMA2,15
BP,GO:0060070,canonical Wnt signaling pathway,73/2867,333/18860,0.219219219219219,1.44209085262451,3.44619067576125,0.0006400049979738,0.0059635556394023,0.0041976872363305,ADGRA2/ASPM/EDN1/WNT11/BAMBI/SOX10/FERMT1/SFRP1/CAV1/KANK1/GATA3/WNT3/COL1A1/NHERF1/FOLR1/MDK/PTK7/TBX18/WNT5A/SDC1/TMEM9/EGR1/RECK/NDP/SOX4/SOX9/BMP2/LRP4/EDNRB/KLF4/FGF2/LEF1/RBMS3/SFRP2/DAAM2/TPBG/RSPO3/EGFR/IGFBP1/GPC3/NOTCH1/LATS2/FOXO1/TCF7L1/DAB2/EDA/FZD5/SOX17/CTHRC1/MESP1/GREM1/GPRC5B/IGFBP6/TMEM88/ZEB2/CTNND2/CDH2/SOSTDC1/FZD4/NPPA/SHISA3/FZD2/TMEM64/SIAH2/NOTUM/PRKN/LYPD6/WNT7B/FZD9/SULF2/TLE1/LGR4/TMEM170B,73
BP,GO:0090313,regulation of protein targeting to membrane,13/2867,33/18860,0.393939393939394,2.59145342507742,3.87407969037281,0.0006435947365474,0.0059765879816071,0.0042068605718102,FYN/CEMIP/SLC1A1/ITGB1BP1/INPP5K/ERBB2/ANK3/KCNB1/DMTN/PRNP/CDK5R1/KCNE1/MYO1C,13
BP,GO:0050982,detection of mechanical stimulus,19/2867,58/18860,0.327586206896552,2.1549619330551,3.72981980819219,0.0006449484645392,0.0059765879816071,0.0042068605718102,FYN/COL11A1/HPN/CXCL12/PKD2/PHF24/PKDREJ/ANO3/PTPRQ/TMC2/KIT/PKD1L1/PKD1L2/SCN11A/SCN9A/CDH2/CAV3/LHFPL5/ASIC3,19
BP,GO:0071320,cellular response to cAMP,19/2867,58/18860,0.327586206896552,2.1549619330551,3.72981980819219,0.0006449484645392,0.0059765879816071,0.0042068605718102,CFTR/CPS1/RAPGEF3/EZR/HCN2/PKD2/ASS1/INPP5K/CRHBP/DMTN/INHBB/FBP1/GPD1/KCNE1/ADIPOQ/PENK/WT1/PDE2A/AQP1,19
BP,GO:0032350,regulation of hormone metabolic process,14/2867,37/18860,0.378378378378378,2.48908832096834,3.838708253472,0.0006504727455465,0.0060094586932786,0.0042299979373646,HPN/GATA3/BMP5/PDE8B/NR3C1/NR5A2/EGR1/BMP2/LHCGR/SLCO1C1/ADM/DAB2/BMP6/AKR1C3,14
BP,GO:0050818,regulation of coagulation,23/2867,76/18860,0.302631578947368,1.99080278303012,3.66444478519133,0.0006577969982531,0.0060495430444493,0.0042582129116954,TFPI/CD9/F7/FAP/EDN1/CAV1/SERPINE1/PROC/F3/PLAU/TSPAN8/F12/EMILIN2/PDGFRA/CD36/ADAMTS18/SERPING1/ANGPT1/KLKB1/C1QTNF1/ANO6/F2R/PROS1,23
BP,GO:0110020,regulation of actomyosin structure organization,30/2867,109/18860,0.275229357798165,1.81054261879086,3.59323064898661,0.0006624231696925,0.0060823890187275,0.0042813328648457,MYOC/FERMT2/EDN1/RAPGEF3/NRP1/RGCC/CORO2B/SFRP1/MET/ECT2/TACR1/PROX1/ITGB1BP1/TGFB3/RHPN2/INPP5K/ROCK2/MYLK3/OAZ3/TMEFF2/EPHA1/RHPN1/DLC1/S1PR1/PTGER4/SYNPO/CAV3/TACSTD2/EVL/ARHGEF15,30
BP,GO:0032736,positive regulation of interleukin-13 production,8/2867,15/18860,0.533333333333333,3.50842925241251,4.11488425253782,0.0006647389564719,0.0060823890187275,0.0042813328648457,IL17RB/PRKCZ/GATA3/TNFSF4/IL33/TSLP/IL18/HLA-E,8
BP,GO:2000351,regulation of endothelial cell apoptotic process,21/2867,67/18860,0.313432835820896,2.0618567434887,3.68649358090986,0.0006663712923955,0.0060823890187275,0.0042813328648457,NGFR/XBP1/RGCC/SERPINE1/GATA3/F3/TEK/ID1/KDR/RAMP2/ANGPT1/GPER1/ANGPTL4/SCG2/NDNF/CD248/ANO6/CDH5/AKR1C3/MIR126/ECSCR,21
BP,GO:0042472,inner ear morphogenesis,31/2867,114/18860,0.271929824561404,1.78883728330243,3.57679258207524,0.0006796321266864,0.0061941284829486,0.0043599851573902,USH1C/COL11A1/MYO3B/FGFR1/SIX4/EYA1/HPN/GATA3/CDH23/NHERF1/SOBP/PTK7/TBX18/WNT5A/OTX1/PROX1/PLS1/SOX9/SPRY2/TFAP2A/LRIG3/GRHL3/CTHRC1/FOXI1/TPRN/NECTIN3/FZD2/SLITRK6/MYO6/LHFPL5/SLC44A4,31
BP,GO:1902904,negative regulation of supramolecular fiber organization,42/2867,169/18860,0.248520710059172,1.63484499187861,3.50996664633732,0.0006876832567491,0.0062581235296079,0.0044050306313982,FKBP4/MYOC/CAPG/SPTB/TPX2/TREM2/SPEF1/MID1/CORO2B/MET/KANK1/CRYAB/SPTBN1/BBOF1/CLU/MAP1B/RHPN2/INPP5K/KANK4/TMOD1/DIAPH3/HSPG2/OAZ3/TMEFF2/SNCA/GSN/ADD3/EPS8/PLEKHH2/RHPN1/DMTN/LMOD1/DLC1/S1PR1/CDH5/CAV3/TACSTD2/INPP5J/PRKN/KANK3/KANK2/SHANK3,42
BP,GO:0008645,hexose transmembrane transport,32/2867,119/18860,0.26890756302521,1.76895592558614,3.56276154797802,0.000693319952099,0.0062999880251275,0.0044344986315518,IGF1/CLTCL1/ACACB/EDN1/SORBS1/TRIB3/SLC1A2/SLC2A1/RHOQ/INPP5K/HNF1A/GPC3/SLC25A27/PID1/SLC5A11/HK2/SLC2A6/PPBP/KLF15/FABP5/SLC50A1/SLC2A14/PTPRM/LEP/ADIPOQ/SLC2A4/TRARG1/DRD1/IRS2/FFAR4/SLC2A10/OCLN,32
BP,GO:2000179,positive regulation of neural precursor cell proliferation,18/2867,54/18860,0.333333333333333,2.19276828275782,3.7163187309034,0.000702731386825,0.0063494413966183,0.0044693083656858,CX3CL1/IGF1/ASPM/WDR62/DCT/LRP2/SOX10/MDK/PROX1/DLL4/NES/FGF2/NOTCH1/VEGFC/ID4/INSM1/FZD9/DISP3,18
BP,GO:0070252,actin-mediated cell contraction,33/2867,124/18860,0.266129032258065,1.75067790316955,3.55086567733978,0.0007037148116442,0.0063494413966183,0.0044693083656858,SCN4A/ATP1A2/ABCC9/EPDR1/DSP/SNTA1/CAV1/ACTA2/QKI/FGF12/CASQ2/KCNJ8/TNNI3/KCNA5/SCN2A/BIN1/ANK2/GSN/KCNE4/SCN3A/CACNA2D1/CACNA1D/KCNJ3/ADORA1/SCN11A/SCN9A/ZEB2/SCN4B/KCNE1/CAV3/SCN8A/PARVA/PLN,33
BP,GO:0007589,body fluid secretion,27/2867,95/18860,0.28421052631579,1.86962348319351,3.59771689168741,0.0007039847838987,0.0063494413966183,0.0044693083656858,NR1H3/EDN1/OPRK1/XBP1/CAV1/AGR2/NEURL1/VDR/SLC29A1/PRLR/VAMP8/SOCS2/STAT5A/WNK4/CDO1/SLC6A3/CELSR2/HK2/ADORA1/NPR1/STAT5B/P2RY2/ERBB4/OXTR/PPARA/NME1/AQP1,27
BP,GO:1902099,regulation of metaphase/anaphase transition of cell cycle,27/2867,95/18860,0.28421052631579,1.86962348319351,3.59771689168741,0.0007039847838987,0.0063494413966183,0.0044693083656858,TRIP13/BIRC5/MAP3K20/CDC6/TTK/CENPF/DUSP1/ZWINT/DLGAP5/CCNB1/CDCA8/ESPL1/USP44/KNL1/CENPE/NUF2/SPC25/SKA1/BUB1B/SPC24/MAD2L1/PLK1/BUB1/UBE2C/HASPIN/AURKB/MAPK15,27
BP,GO:0072330,monocarboxylic acid biosynthetic process,55/2867,237/18860,0.232067510548523,1.5266108297681,3.45419893247695,0.0007082888499253,0.0063787969165871,0.0044899714229187,PDK4/MLXIPL/NR1H3/MTHFD2/ACSL4/PTGS2/MGLL/ACACB/EDN1/GSTP1/SCD/PLA2G3/XBP1/TRIB3/QKI/EHHADH/KAT2B/ACADL/PECR/PLA2G4A/KMO/PROX1/ELOVL3/PLP1/PTGIS/NR1D1/EDN2/ALDH1A2/ACSS2/SDS/CYP39A1/ACSL1/FGFR4/ACOX1/ELOVL7/FABP5/CTHRC1/HACD1/AVPR1A/GPX4/ANGPTL4/PLA2G4F/FASN/ABCD2/LPL/ACSM5/AKR1C3/ELOVL2/CES1/MIR342/HACD2/FADS3/NME1/MIF/HOGA1,55
BP,GO:0034219,carbohydrate transmembrane transport,35/2867,134/18860,0.261194029850746,1.71821395290725,3.53257943032093,0.0007155828751753,0.0064102940271455,0.0045121419243723,IGF1/CLTCL1/ACACB/EDN1/SORBS1/TRIB3/SLC1A2/SLC2A1/RHOQ/INPP5K/HNF1A/GPC3/SLC25A27/PID1/SLC5A11/HK2/SLC2A6/PPBP/KLF15/FABP5/AQP7/SLC50A1/SLC23A1/SLC2A14/PTPRM/LEP/ADIPOQ/SLC2A4/TRARG1/DRD1/IRS2/FFAR4/SLC2A10/OCLN/AQP1,35
BP,GO:0032616,interleukin-13 production,10/2867,22/18860,0.454545454545455,2.99013856739703,3.95444435121583,0.0007202222109788,0.0064102940271455,0.0045121419243723,IL17RB/PRKCZ/GATA3/TNFSF4/IL33/LEF1/TSLP/TNFRSF21/IL18/HLA-E,10
BP,GO:0035930,corticosteroid hormone secretion,10/2867,22/18860,0.454545454545455,2.99013856739703,3.95444435121583,0.0007202222109788,0.0064102940271455,0.0045121419243723,POMC/ECRG4/CRHR1/CRY2/WNK4/AGTR1/DAB2/BMP6/KCNK9/C1QTNF1,10
BP,GO:0046885,regulation of hormone biosynthetic process,10/2867,22/18860,0.454545454545455,2.99013856739703,3.95444435121583,0.0007202222109788,0.0064102940271455,0.0045121419243723,BMP5/PDE8B/NR3C1/NR5A2/EGR1/BMP2/LHCGR/ADM/DAB2/BMP6,10
BP,GO:0014831,gastro-intestinal system smooth muscle contraction,7/2867,12/18860,0.583333333333333,3.83734449482618,4.16273019483965,0.0007271191709816,0.0064433781929987,0.0045354295381927,PTGER3/SPX/SULF1/KIT/SCN11A/HTR1D/SULF2,7
BP,GO:0072070,loop of Henle development,7/2867,12/18860,0.583333333333333,3.83734449482618,4.16273019483965,0.0007271191709816,0.0064433781929987,0.0045354295381927,PKD2/UMOD/IRX1/IRX3/WNT7B/POU3F3/AQP1,7
BP,GO:0030216,keratinocyte differentiation,44/2867,180/18860,0.244444444444444,1.6080300740224,3.47041239118601,0.0007546752269967,0.0066584480477693,0.0046868150603341,CYP26B1/FOXC1/PKP1/GRHL2/DSP/CASP14/CNFN/EZH2/CYP27B1/VDR/WNT5A/PPL/MSX2/CSTA/HOXA7/TGM3/OVOL2/BCL11B/ZFP36/KRT17/PLAAT4/ROCK2/ANXA1/EPHA2/ABCA12/UGCG/NOTCH1/ST14/LATS2/TCHH/IL20/TMEM79/KLK5/KRT80/EVPL/DNASE1L2/DSG4/KDF1/SFN/ETV4/KRT5/KRT14/AKR1C3/CDSN,44
BP,GO:0006693,prostaglandin metabolic process,17/2867,50/18860,0.34,2.23662364841298,3.70711757139598,0.0007592450034973,0.0066725203036852,0.0046967203806859,PTGS2/EDN1/GSTP1/PLA2G3/PLA2G4A/PTGIS/EDN2/AKR1C2/ACOX1/FABP5/CTHRC1/AVPR1A/PLA2G4F/AKR1C1/AKR1C3/MIF/GSTA1,17
BP,GO:0061028,establishment of endothelial barrier,17/2867,50/18860,0.34,2.23662364841298,3.70711757139598,0.0007592450034973,0.0066725203036852,0.0046967203806859,RAPGEF3/EZR/PPP1R16B/TJP3/PTPRS/PROC/ROCK2/EDNRB/MARVELD2/ROBO4/CLDN1/CLDN3/FASN/CDH5/CLDN5/PDE2A/SOX18,17
BP,GO:0090132,epithelium migration,29/2867,105/18860,0.276190476190476,1.81686514857076,3.55381397417294,0.0007595630942836,0.0066725203036852,0.0046967203806859,ANLN/GRHL2/FAT2/EPB41L4B/MMP9/FERMT1/KANK1/SASH1/WNT5A/TACR1/PROX1/SOX9/RAB25/ENPP2/FGF7/MARVELD3/DAAM2/KIT/TGFBR2/ZEB2/LRG1/JUN/TACSTD2/IRS2/NANOS1/EVL/KANK2/OCLN/APELA,29
BP,GO:1990748,cellular detoxification,32/2867,120/18860,0.266666666666667,1.75421462620626,3.50920700906106,0.000809898113808,0.0071044309290609,0.0050007379549324,MGST1/AIFM2/GSTO2/PTGS2/GSTP1/GSR/AMBP/SOD3/ALDH2/TPO/PRDX6/CAT/PRXL2A/CD36/PIM1/FBLN5/SLC22A3/CLIC2/CYGB/ALB/SLC29A4/ALDH1A1/GPX4/MTARC1/HBA2/ADH5/MB/HBA1/GPX3/GSTA1/HBB/HP,32
BP,GO:0000819,sister chromatid segregation,54/2867,233/18860,0.23175965665236,1.52458567299041,3.41138815127965,0.000813693841435,0.0071274421643858,0.0050169353335864,TRIP13/TPX2/BIRC5/KIF4A/MAP3K20/CDC6/MISP/MYBL2/NCAPG/TTK/KAT2B/NEK2/CENPF/KIF14/DUSP1/NCAPH/KIF18A/ZWINT/KIF25/DLGAP5/TOP2A/CCNB1/PSRC1/CDCA8/ESPL1/USP44/NUSAP1/KIF23/KNL1/KIF11/CENPE/KIF2C/NUF2/ANKRD53/SPC25/SKA1/BUB1B/RACGAP1/SPC24/MAD2L1/CHMP4C/PLK1/CDT1/BUB1/CDK1/UBE2C/RMI2/HASPIN/AURKB/MAPK15/KIF18B/PRC1/KIF4B/KIFC1,54
BP,GO:0090090,negative regulation of canonical Wnt signaling pathway,38/2867,150/18860,0.253333333333333,1.66650389489594,3.46992138572306,0.0008192805251921,0.0071660522484074,0.0050441125859994,WNT11/SOX10/FERMT1/SFRP1/CAV1/NHERF1/MDK/TBX18/WNT5A/EGR1/SOX9/BMP2/LRP4/RBMS3/SFRP2/TPBG/IGFBP1/GPC3/NOTCH1/LATS2/FOXO1/DAB2/SOX17/CTHRC1/MESP1/GREM1/IGFBP6/TMEM88/CDH2/SOSTDC1/NPPA/SHISA3/TMEM64/SIAH2/NOTUM/PRKN/TLE1/TMEM170B,38
BP,GO:0060706,cell differentiation involved in embryonic placenta development,11/2867,26/18860,0.423076923076923,2.78312897426954,3.85217808322493,0.0008245779386635,0.0072020248407118,0.0050694333343423,GRHL2/MDFI/E2F8/PLK4/ST14/FZD5/EOMES/E2F7/SPINT2/KRT8/KRT19,11
BP,GO:0072171,mesonephric tubule morphogenesis,21/2867,68/18860,0.308823529411765,2.03153532079033,3.60794796859854,0.0008279034917344,0.0072206963073941,0.0050825759932047,SOX8/WNT11/SIX4/EYA1/GATA3/FGF1/TCF21/PKD2/SOX9/BMP2/FGF2/OSR1/GPC3/KIF26B/GREM1/NPNT/TACSTD2/WT1/PTCH1/LGR4/HOXB7,21
BP,GO:0071248,cellular response to metal ion,45/2867,186/18860,0.241935483870968,1.59152536651777,3.43256979274333,0.0008349392757745,0.0072716273029134,0.0051184258121303,DPEP1/CDH1/SYT1/ABCC9/EDN1/TF/TFR2/SLC1A1/WNT5A/ECT2/PKD2/FOSB/SERPINF1/CCNB1/TFAP2A/ITPKA/CPNE8/CPNE2/SNCA/CRHBP/ANK3/BMP6/MICU3/KCNB1/INHBB/CLDN1/FBP1/GABRB3/NLGN1/FABP4/FOS/KCNK3/PRNP/JUN/CPNE7/NRXN1/PRKN/MT1X/AKR1C3/ASPH/RYR3/MT1A/MT1M/AQP1/CEBPA,45
BP,GO:0045930,negative regulation of mitotic cell cycle,56/2867,244/18860,0.229508196721311,1.5097748832103,3.39342589784702,0.0008448524497784,0.0073474363980013,0.0051717870768003,FHL1/FOXN3/FOXC1/TRIP13/CDC14B/ORC1/BIRC5/MAP3K20/CLSPN/CDC6/RGCC/EZH2/NHERF1/TTK/BCL6/CENPF/PKD2/DUSP1/INHBA/ZWINT/PKMYT1/CDKN1C/CCNB1/CDCA8/USP44/KLF4/IER3/KNL1/BARD1/TICRR/TOM1L1/NUF2/DTL/FANCD2/CDKN2B/SPC25/SKA1/EME1/BUB1B/BRSK1/SPC24/MAD2L1/CHMP4C/E2F7/PLK1/FAM107A/BUB1/CDK1/HASPIN/AURKB/GAS1/FOXO4/MUC1/DCUN1D3/KANK2/BLM,56
BP,GO:0032892,positive regulation of organic acid transport,15/2867,42/18860,0.357142857142857,2.34939458866909,3.70667992055911,0.0008560965645036,0.0073860420556263,0.0051989612135169,EDN1/PLA2G3/SLC7A5/PLA2G4A/KMO/TNFSF11/ACE2/STXBP1/ACSL1/AVPR1A/TRH/ABAT/SLC38A3/ACSL5/MIF,15
BP,GO:0045616,regulation of keratinocyte differentiation,15/2867,42/18860,0.357142857142857,2.34939458866909,3.70667992055911,0.0008560965645036,0.0073860420556263,0.0051989612135169,FOXC1/PKP1/EZH2/CYP27B1/VDR/MSX2/HOXA7/OVOL2/ZFP36/PLAAT4/ROCK2/ABCA12/NOTCH1/IL20/ETV4,15
BP,GO:0060391,positive regulation of SMAD protein signal transduction,15/2867,42/18860,0.357142857142857,2.34939458866909,3.70667992055911,0.0008560965645036,0.0073860420556263,0.0051989612135169,TGFBR3/AMH/ENG/BMP5/TTK/TGFB3/INHBA/BMP2/GDF5/ACVRL1/DAB2/BMP6/TGFBR2/BMPER/ATOH8,15
BP,GO:0099622,cardiac muscle cell membrane repolarization,15/2867,42/18860,0.357142857142857,2.34939458866909,3.70667992055911,0.0008560965645036,0.0073860420556263,0.0051989612135169,SNTA1/CASQ2/KCNIP2/KCNJ8/KCNA5/ATP1B1/ANK2/KCNE4/CACNA2D1/CACNA1D/KCNJ3/NPPA/SCN4B/KCNE1/CAV3,15
BP,GO:0001558,regulation of cell growth,87/2867,414/18860,0.210144927536232,1.38239739565167,3.33098135942071,0.0008571619782415,0.0073860420556263,0.0051989612135169,TNFRSF12A/SEMA3G/IGF1/FHL1/CDH1/TNC/FSTL4/IL17RB/KIF26A/SYT1/ACSL4/SEMA3A/EDN1/LTBP4/NRP1/XBP1/SGK2/PAK5/SYT17/SFRP1/PTPRS/HPN/CXCL12/WNT3/TMEM97/CRYAB/CYP27B1/BCL6/WNT5A/HYAL1/CISH/FN1/TNR/PAPPA2/RGS4/PTCH2/KIF14/SPP1/SOCS2/INHBA/CDKN2C/KRT17/MAP1B/PSRC1/CCN3/CPNE8/ACVRL1/ESR2/NTRK3/MYOCD/RNF157/ERBB2/CRABP2/AGTR1/SFRP2/EGFR/IGFBP1/DAB2/SCGB3A1/LMX1A/MSX1/TRIM46/PI16/SOX17/DCSTAMP/FBP1/AVPR1A/FAM107A/NPR1/NPPA/SFN/CDH4/RGMA/CAV3/SLIT3/EFNA5/WT1/PRKN/PPARA/TEAD1/DCUN1D3/NANOS1/L1CAM/SLC44A4/TRIM40/MEG3/PLXNA4,87
BP,GO:0031401,positive regulation of protein modification process,80/2867,375/18860,0.213333333333333,1.403371700965,3.34056203414438,0.000857796626299,0.0073860420556263,0.0051989612135169,MYCBP2/TENM1/IGF1/FLT4/FGFR3/TRAF4/FGFR1/CDC14B/TPX2/CLSPN/XBP1/MMP9/TRIB3/ANGPT4/FLT1/CEMIP/CAV1/EZH2/RARRES2/SEPTIN4/FAM20A/MMD/NEDD9/SASH1/THBS4/PRLR/FGF1/WNT5A/ECT2/KIF14/ITGB1BP1/EGR1/CD80/BMP2/KDR/RAMP1/CAMK1/SPRY2/IL6/ENPP2/PIM1/FGF2/CENPE/PELI2/FGF7/TOM1L1/CARD14/ERBB2/TNIP1/EGFR/HMGA2/IL18/ANGPT1/PROM2/KIT/PINK1/DDR2/IL20/INAVA/NEK10/MST1R/RNF180/GPER1/PLK1/GPRC5B/FAM107A/FAXDC2/RASGRP1/VEGFB/CSPG4/LEP/UBE2C/SPSB4/DOK7/ERBB4/ADIPOQ/EFNA5/PRKN/TNFRSF18/DCUN1D3,80
BP,GO:0019226,transmission of nerve impulse,24/2867,82/18860,0.292682926829268,1.92535751656784,3.5554946048466,0.0008638814969645,0.0074279145969552,0.0052284348770353,ATP1A2/DMRT3/CACNG4/FGF12/TNR/KCNJ8/GRP/SCN2A/NTRK3/NTRK2/ANK3/GRIA1/NPR2/CLDN19/GPER1/AVPR1A/SCN11A/SCN9A/S1PR1/CNTNAP2/SCN4B/KCNA2/PENK/DRD1,24
BP,GO:0032271,regulation of protein polymerization,48/2867,202/18860,0.237623762376238,1.56316154810458,3.40709577989325,0.0008720203031307,0.0074873042693952,0.0052702386741399,FKBP4/BAIAP2L1/TENM1/CAPG/CYFIP2/SPTB/CAMSAP3/PAK3/PYCARD/MET/CCL24/KANK1/SPTBN1/ARHGAP40/CCR7/MAP1B/KANK4/PSRC1/BIN1/TMOD1/CCL21/SLAIN1/ANKRD53/SNCA/DAAM2/TTBK1/GSN/ADD3/ESAM/CDC42EP2/EPS8/SKA1/PINK1/DMTN/TPPP3/LMOD1/TPPP/CCL11/CDK5R1/CDH5/CAV3/KIRREL1/INPP5J/KANK3/EVL/KANK2/OCLN/CYRIA,48
BP,GO:0010975,regulation of neuron projection development,93/2867,448/18860,0.207589285714286,1.36558560466391,3.31578084679791,0.00087806291557,0.0075088625943752,0.0052854133637172,PLXND1/FKBP4/MYCBP2/CX3CL1/TNFRSF12A/SEMA3G/FYN/VIM/CDH1/FSTL4/CAMK2B/KIF26A/SCARF1/SEMA3A/PAK3/FGFR1/ITGA6/NRP1/PLA2G3/PTK6/NDRG4/METRN/SFRP1/NOVA2/PTPRS/EZH2/KANK1/GATA3/CXCL12/WNT3/MDK/UST/BMP5/PTK7/KAT2B/WNT5A/TLX2/FN1/MARK1/TNR/SPP1/TNN/PACSIN1/RAB17/EFNB2/ATP1B2/GFAP/MAP1B/SERPINF1/CAMK1/IL15RA/LRP4/ADGRB3/PLXNC1/KLF4/TUBB2B/TRPC6/ITPKA/NTRK3/CRABP2/CERS2/SFRP2/VLDLR/NTRK2/FEZ1/DAB2/ROBO3/CHODL/BRSK1/DDR2/TRIM46/RET/ZEB2/NLGN1/ZNF804A/ZNF296/MAP6/NDNF/FZD4/CDK5R1/CDH4/RGMA/TSKU/EFNA5/INPP5J/RELN/ALKAL2/KEL/L1CAM/DMD/TENM3/SHANK3/FIGNL2,93
BP,GO:0060479,lung cell differentiation,12/2867,30/18860,0.4,2.63132193930938,3.78602391060884,0.0008807071935827,0.0075088625943752,0.0052854133637172,IGF1/GRHL2/HOXA5/AGR2/SPDEF/SOX9/THRA/KLF2/FOXA1/FOXJ1/NFIB/THRB,12
BP,GO:0060487,lung epithelial cell differentiation,12/2867,30/18860,0.4,2.63132193930938,3.78602391060884,0.0008807071935827,0.0075088625943752,0.0052854133637172,IGF1/GRHL2/HOXA5/AGR2/SPDEF/SOX9/THRA/KLF2/FOXA1/FOXJ1/NFIB/THRB,12
BP,GO:0072012,glomerulus vasculature development,12/2867,30/18860,0.4,2.63132193930938,3.78602391060884,0.0008807071935827,0.0075088625943752,0.0052854133637172,EDN1/ACTA2/TCF21/TEK/EGR1/PDGFRA/OSR1/NOTCH1/ANGPT1/CD34/WT1/AQP1,12
BP,GO:0046889,positive regulation of lipid biosynthetic process,29/2867,106/18860,0.273584905660377,1.7997249113201,3.49586625758118,0.0008962146822569,0.0076001681775091,0.0053496824515068,MLXIPL/NR1H3/DGAT2/ADGRF5/PTGS2/EDN1/SORBS1/PLA2G3/XBP1/GPLD1/QKI/FGF1/KAT2B/NR5A2/PCK1/NR1D1/EDN2/GNAI1/ADM/CCDC3/DAB2/BMP6/ABHD6/GPR146/AVPR1A/HSD17B13/ABCD2/PPARA/PLIN5,29
BP,GO:0008608,attachment of spindle microtubules to kinetochore,18/2867,55/18860,0.327272727272727,2.15289976852586,3.62530404799273,0.0008980445044773,0.0076001681775091,0.0053496824515068,BIRC5/KAT2B/ECT2/NEK2/SGO1/CCNB1/CDCA8/KNL1/CENPE/KIF2C/NUF2/SPC25/SKA1/RACGAP1/SPC24/CDT1/CDK1/AURKB,18
BP,GO:0032964,collagen biosynthetic process,18/2867,55/18860,0.327272727272727,2.15289976852586,3.62530404799273,0.0008980445044773,0.0076001681775091,0.0053496824515068,VIM/RGCC/COL1A1/MYB/TGFB3/INHBA/IL6/CBX8/P3H4/NOTCH1/ADAMTS3/CREB3L1/RUNX1/CYGB/DDR2/KLF15/LARP6/F2R,18
BP,GO:0060603,mammary gland duct morphogenesis,13/2867,34/18860,0.382352941176471,2.51523420669279,3.74410832664892,0.0008983154848438,0.0076001681775091,0.0053496824515068,PGR/ESR1/VDR/NR3C1/WNT5A/MSX2/EPHA2/SOSTDC1/CCL11/CAV3/CSMD1/CSF1/PTCH1,13
BP,GO:0061384,heart trabecula morphogenesis,13/2867,34/18860,0.382352941176471,2.51523420669279,3.74410832664892,0.0008983154848438,0.0076001681775091,0.0053496824515068,TGFBR3/ENG/BMP5/TEK/OVOL2/DLL4/RBP4/NOTCH1/ADAMTS1/FOXH1/HEY1/S1PR1/CAV3,13
BP,GO:0051338,regulation of transferase activity,67/2867,304/18860,0.220394736842105,1.44982376590237,3.34768984673821,0.0008989177364088,0.0076001681775091,0.0053496824515068,TENM1/GPRC5A/IGF1/TRAF4/FGFR1/CDC14B/TPX2/CLSPN/CDC6/EEF1A2/PTK6/TRIB3/FLT1/PYCARD/CEMIP/RASIP1/EZH2/MMD/NHERF1/NEDD9/SASH1/PRLR/FGF1/WNT5A/ECT2/KIF14/ITGB1BP1/DUSP1/PKMYT1/CHTF18/ZFP36/CDKN1C/CEP85/PLAAT4/CAMK1/USP44/PIM1/FGF2/CENPE/TOM1L1/CARD14/ERBB2/HMGA2/LATS2/ANGPT1/CDC25C/DDR2/NEK10/MST1R/MAD2L1/PLK1/GPRC5B/LDB2/YWHAG/SYNPO2/RASGRP1/CIMAP3/LEP/UBE2C/NPPA/CCNE2/SFN/DOK7/CDK5R1/ADIPOQ/PRKN/BLM,67
BP,GO:0006957,"complement activation, alternative pathway",9/2867,19/18860,0.473684210526316,3.11603913865585,3.90711982045502,0.0009244637131626,0.0077621752932541,0.0054637176417655,CFH/C7/CR2/MASP1/SUSD4/VSIG4/CFD/CR1/CFB,9
BP,GO:0010721,negative regulation of cell development,64/2867,288/18860,0.222222222222222,1.46184552183855,3.34404298605621,0.000926089800218,0.0077651033041728,0.0054657786393992,ABCC8/SEMA3G/IGF1/HMGB3/CDH1/FSTL4/FSTL3/TREM2/NRP1/LGALS1/SOX10/SFRP1/PTPRS/WNT3/MDK/QKI/BCL6/WNT5A/TLX2/DLX2/TNR/TNFSF4/PROX1/SPP1/GPR68/PAEP/HOXA7/INHBA/TNFAIP6/NR1D1/STAT5A/FOXJ1/LRP4/ANXA1/DTX1/EDNRB/IL6/TLR4/TRPC6/NTRK3/ERBB2/CERS2/DAAM2/DYNLT1/NOTCH1/HMGA2/TMEM178A/RUNX1/NPR2/PGLYRP2/TRIM46/CTLA4/CCL11/ID4/IL17D/SOX11/ADIPOQ/RGMA/CAV3/CLEC4G/RFLNB/ASCL2/CR1/CEBPA,64
BP,GO:0030071,regulation of mitotic metaphase/anaphase transition,26/2867,92/18860,0.282608695652174,1.85908615277293,3.49727548243107,0.0009601844106969,0.0080288322319484,0.0056514147969057,TRIP13/BIRC5/MAP3K20/CDC6/TTK/CENPF/DUSP1/ZWINT/DLGAP5/CCNB1/CDCA8/ESPL1/USP44/KNL1/CENPE/NUF2/SPC25/SKA1/BUB1B/SPC24/MAD2L1/PLK1/BUB1/UBE2C/HASPIN/AURKB,26
BP,GO:0035567,non-canonical Wnt signaling pathway,21/2867,69/18860,0.304347826086957,2.00209277990931,3.53074002029757,0.0010220839570973,0.0085252868952359,0.0060008642746182,CELSR3/MYOC/CELSR1/WNT11/SPEF1/SFRP1/WNT5A/ARHGEF19/CELSR2/SFRP2/DAAM2/RSPO3/GPC3/DAB2/FZD5/PRICKLE2/CTHRC1/FZD4/FZD2/WNT7B/FZD9,21
BP,GO:0034332,adherens junction organization,19/2867,60/18860,0.316666666666667,2.08312986861993,3.55783203207847,0.0010281158895477,0.008556700241946,0.0060229758155359,CDH1/CDH19/FERMT2/CAMSAP3/CDH7/DSP/CDH20/EFNB2/RAMP2/DSG3/KIFC3/CDH11/CDH13/CDH18/BMP6/INAVA/CDH2/CDH4/CDH5,19
BP,GO:0006112,energy reserve metabolic process,28/2867,102/18860,0.274509803921569,1.80580917403585,3.45499350824881,0.0010289435559898,0.008556700241946,0.0060229758155359,IGF1/GYG2/PYGM/ADGRF5/SORBS1/PYGL/GYS2/PCDH12/GBE1/POMC/PASK/LEPR/STBD1/GNMT/NR1D1/INPP5K/KL/PPP1R1A/GABARAPL1/PID1/PHKG1/IGF2/UGP2/LEP/PHLDA2/IRS2/ADRB3/PPP1R3G,28
BP,GO:0019395,fatty acid oxidation,29/2867,107/18860,0.271028037383178,1.7829050523358,3.43853790237112,0.0010538182208274,0.0087515860169534,0.0061601539655787,PDK4/FMO1/DGAT2/ABCC9/ACACB/ECHDC1/FMO2/ETFB/PPARGC1A/EHHADH/ACADL/TWIST1/ACADS/SOX9/ECHS1/GDF15/HADH/ACOXL/ACOX1/CYGB/ACAA2/ABCD2/LEP/ADIPOQ/IRS2/PPARA/ADH5/CPT1B/PLIN5,29
BP,GO:0006953,acute-phase response,16/2867,47/18860,0.340425531914894,2.23942292707182,3.60203256528116,0.0010590280429026,0.0087828533053278,0.0061821626974931,PTGER3/PTGS2/FN1/TNFSF11/LBP/ASS1/SAA2/EDNRB/IL6/IL1RN/LCN2/SAA1/F8/SERPINA3/CEBPA/HP,16
BP,GO:1904659,D-glucose transmembrane transport,30/2867,112/18860,0.267857142857143,1.76204594150182,3.42468712833583,0.0010729093767265,0.0088858529988023,0.0062546631527227,IGF1/CLTCL1/ACACB/EDN1/SORBS1/TRIB3/SLC1A2/SLC2A1/RHOQ/INPP5K/HNF1A/GPC3/SLC25A27/PID1/HK2/SLC2A6/PPBP/KLF15/FABP5/SLC2A14/PTPRM/LEP/ADIPOQ/SLC2A4/TRARG1/DRD1/IRS2/FFAR4/SLC2A10/OCLN,30
BP,GO:0030048,actin filament-based movement,37/2867,147/18860,0.251700680272109,1.65576380534774,3.37942341581632,0.0010814613043001,0.0089444942433208,0.0062959401388904,SCN4A/ATP1A2/ABCC9/EPDR1/DSP/SUN2/SNTA1/CAV1/ACTA2/QKI/FGF12/CASQ2/KCNJ8/TNNI3/KCNA5/SCN2A/BIN1/ANK2/GSN/KCNE4/SCN3A/CACNA2D1/CACNA1D/KCNJ3/ADORA1/SCN11A/SCN9A/ZEB2/MYO1H/SCN4B/KCNE1/CAV3/MYO6/SCN8A/PARVA/MYO1C/PLN,37
BP,GO:0048864,stem cell development,25/2867,88/18860,0.284090909090909,1.86883660462314,3.45885519885325,0.001097188226058,0.0090622380790855,0.0063788188485784,SOX8/SEMA3G/FOXC1/SEMA3A/EDN1/EFNB1/NRP1/SOX10/FOLR1/FN1/TWIST1/SOX9/OVOL2/ALDH1A2/EDNRB/FGF2/MSI2/SEMA3D/RADIL/RET/ZEB2/CDH2/ERBB4/SEMA4B/CYP26C1,25
BP,GO:0010888,negative regulation of lipid storage,10/2867,23/18860,0.434782608695652,2.86013254272759,3.77928938753533,0.0011017409874721,0.0090629004909918,0.0063792851137015,ABHD5/NR1H3/TREM2/PPARG/IL6/ABCA1/LEP/PNPLA2/PPARA/CES1,10
BP,GO:0016338,calcium-independent cell-cell adhesion via plasma membrane cell-adhesion molecules,10/2867,23/18860,0.434782608695652,2.86013254272759,3.77928938753533,0.0011017409874721,0.0090629004909918,0.0063792851137015,CX3CL1/CLDN11/BMP2/CLDN1/CLDN19/CLDN3/CLDN7/CLDN5/CLDN4/CLDN9,10
BP,GO:0031346,positive regulation of cell projection organization,78/2867,367/18860,0.212534059945504,1.39811383696275,3.26095516499932,0.001104575212574,0.0090739361043752,0.006387052971712,PLXND1/ZMYND10/CX3CL1/TNFRSF12A/TENM1/FYN/ANLN/CAMK2B/MYO3B/SCARF1/FGFR1/ITGA6/NRP1/PALM/PLA2G3/PLEK2/PTK6/NDRG4/METRN/EZH2/CXCL12/NEURL1/WNT3/MDK/NEDD9/BMP5/PTK7/KAT2B/WNT5A/FN1/TGFB3/RHOQ/TNN/PACSIN1/CCR7/ATP1B2/EPS8L1/MAP1B/SERPINF1/CAMK1/PLXNC1/ENPP2/CCL21/TUBB2B/ITPKA/PLCE1/NTRK3/CRABP2/DOCK11/VLDLR/NTRK2/LCN2/FEZ1/CDC42EP2/EPS8/ROBO3/CHODL/PROM2/GRIP1/KIT/DDR2/RET/P2RY12/ZEB2/NLGN1/ZNF804A/MAP6/NDNF/FZD4/CDH4/RGMA/EFNA5/RELN/ALKAL2/OCLN/L1CAM/DMD/TENM3,78
BP,GO:1901379,regulation of potassium ion transmembrane transport,22/2867,74/18860,0.297297297297297,1.95571225218941,3.48765937527138,0.001109545152035,0.0090901953897861,0.0063984977202761,FHL1/ABCC9/OPRK1/CAV1/RGS4/KCNIP2/WNK4/ATP1B2/BIN1/ATP1B1/ANK2/ANK3/CACNA1D/KCNS3/KCNG3/PRNP/NPPA/ANO6/KCNE1/CAV3/LRRC26/KEL,22
BP,GO:0045927,positive regulation of growth,59/2867,263/18860,0.224334600760456,1.475741391818,3.28954305958594,0.0011278869243366,0.0092251556776169,0.0064934949185743,TNFRSF12A/IGF1/YBX3/SYT1/ACSL4/TGFBR3/ACACB/FGFR1/EDN1/TBX5/EZR/NRP1/SYT17/SFRP1/HPN/AGR2/CXCL12/WNT3/GHR/HYAL1/FN1/PROX1/GPAM/PLS1/STAT5A/KRT17/RFTN1/MAP1B/CCNB1/PIM1/FGF2/CPNE8/NTRK3/RNF157/ERBB2/SLC6A3/CRABP2/SFRP2/EGFR/IGFBP1/NOTCH1/HMGA2/TBX20/AVPR1A/IGF2/ZFPM2/CDK1/STAT5B/LEP/SFN/ERBB4/CDH4/EFNA5/CSF1/WT1/PRKN/TEAD1/L1CAM/SLC44A4,59
BP,GO:1904861,excitatory synapse assembly,15/2867,43/18860,0.348837209302326,2.29475750521167,3.59878316816537,0.0011320885236884,0.0092251556776169,0.0064934949185743,FGFR1/CBLN1/PTPRS/WNT5A/ADGRL2/CSMD2/LRRC4B/NTRK3/LRRTM2/ADGRL3/CASKIN1/NLGN1/NRXN1/RELN/SHANK3,15
BP,GO:0007528,neuromuscular junction development,18/2867,56/18860,0.321428571428571,2.11445512980218,3.5362233536214,0.0011379063634305,0.0092601509816526,0.0065181277634683,MYCBP2/TNC/CACNA1S/SIX4/LIN7A/KCNJ8/PDZRN3/ZC4H2/LRP4/ERBB2/ANK3/FARP1/KY/DOK7/F2R/COL4A1/COL4A5/FZD9,18
BP,GO:0050867,positive regulation of cell activation,84/2867,401/18860,0.209476309226933,1.37799902058596,3.23941794801967,0.0011492863057057,0.0093316305969292,0.0065684415505523,FYN/IGF1/PRKCZ/SIRPG/CD209/EFNB1/TREM2/LGALS1/XBP1/PYCARD/IL4I1/CAV1/GATA3/VSIR/ACTA2/ZBTB16/CD5/MDK/CD81/IL23A/PRLR/BCL6/WNT5A/HHLA2/TACR1/PLA2G4A/NR5A2/TNFSF4/MYB/GPAM/TNFSF11/CD80/PCK1/SOX4/EFNB2/CCR7/STAT5A/LBP/VAV3/VTCN1/IL15RA/ANXA1/IL6/TLR4/IL33/CCL21/LEF1/CD27/TSLP/TTBK1/SH3KBP1/IL18/ADAM8/RUNX1/TNFRSF13C/FCRL3/DDR2/TGFBR2/ICOS/SVEP1/IGF2/RHOH/YWHAG/CLEC7A/RASGRP1/STAT5B/SELP/LEP/ATAD5/SOX12/IRS2/PEAR1/PDCD1LG2/SIRPA/CARD11/CR1/FCGR3A/BTNL2/HLA-E/HLA-DQB2/HLA-DQA1/HLA-DQA2/MIF/CEBPA,84
BP,GO:0010832,negative regulation of myotube differentiation,8/2867,16/18860,0.5,3.28915242413673,3.87843362121928,0.001152830165865,0.0093316305969292,0.0065684415505523,XBP1/CCN3/RPL3L/MYOCD/NOTCH1/PLPP7/TRIM72/BHLHA15,8
BP,GO:0072537,fibroblast activation,8/2867,16/18860,0.5,3.28915242413673,3.87843362121928,0.001152830165865,0.0093316305969292,0.0065684415505523,RGCC/ACTA2/MYB/AKAP12/CYGB/DDR2/ZEB2/LEP,8
BP,GO:0090030,regulation of steroid hormone biosynthetic process,8/2867,16/18860,0.5,3.28915242413673,3.87843362121928,0.001152830165865,0.0093316305969292,0.0065684415505523,BMP5/PDE8B/NR3C1/NR5A2/BMP2/LHCGR/DAB2/BMP6,8
BP,GO:0010038,response to metal ion,75/2867,351/18860,0.213675213675214,1.40562069407552,3.24780833840507,0.0011654994720783,0.0094216373547401,0.0066317964081728,ABCC8/DPEP1/ATP1A2/CPS1/CDH1/SYT1/ABCC9/EDN1/P2RX5/ABCC6/TF/CPA1/NDRG1/CAV1/TFR2/SLC1A1/WNT5A/ECT2/CASQ2/PKD2/KCNIP2/DUSP1/CAT/ACO1/FOSB/ASS1/SERPINF1/TESMIN/CCNB1/TFAP2A/ITPKA/CPNE8/CPNE2/SLC6A3/CNGA3/SNCA/CRHBP/KCNMB1/LCN2/ANK3/BMP6/GRIA1/MICU3/KIT/KCNB1/TFF1/HAAO/INHBB/CLDN1/PGAM2/FBP1/GABRB3/NLGN1/CDK1/FABP4/FOS/KCNK3/PRNP/JUN/CPNE7/NRXN1/PENK/ABAT/PRKN/ZACN/MT1X/AKR1C3/ASPH/PLN/SUCNR1/RYR3/MT1A/MT1M/AQP1/CEBPA,75
BP,GO:0042490,mechanoreceptor differentiation,23/2867,79/18860,0.291139240506329,1.91520267734544,3.45127590429452,0.0011864687837289,0.0095520545310926,0.0067235957556889,USH1C/MCOLN3/FGFR1/ESRP1/CDH23/NHERF1/ELMOD3/MYCL/PLS1/FGF2/DIAPH3/NTRK3/NTRK2/NOTCH1/CTHRC1/GABRB3/TPRN/FZD2/TSKU/SLITRK6/MYO6/LHFPL5/SLC44A4,23
BP,GO:0045669,positive regulation of osteoblast differentiation,23/2867,79/18860,0.291139240506329,1.91520267734544,3.45127590429452,0.0011864687837289,0.0095520545310926,0.0067235957556889,IGF1/FERMT2/CCN4/WNT3/MSX2/RUNX2/BMP2/LRP3/IL6/FGF2/BMPR1B/FBN2/SFRP2/SCUBE3/BMP6/DDR2/CTHRC1/NPNT/SOX11/FFAR4/WNT7B/CEBPD/CEBPA,23
BP,GO:0030866,cortical actin cytoskeleton organization,14/2867,39/18860,0.358974358974359,2.36144276604688,3.6034504364089,0.0011926319113504,0.0095520545310926,0.0067235957556889,ANLN/EHD2/LLGL2/EPB41L2/EZR/ECT2/RHOQ/PLS1/ROCK2/TLN1/FMNL2/RACGAP1/CAVIN3/IQGAP3,14
BP,GO:0050433,regulation of catecholamine secretion,14/2867,39/18860,0.358974358974359,2.36144276604688,3.6034504364089,0.0011926319113504,0.0095520545310926,0.0067235957556889,SYT1/OPRK1/CXCL12/SNCA/CHRNA6/ADRA2A/KCNB1/PINK1/SNCG/KCNA2/ABAT/ADRA2C/NPY2R/PRKN,14
BP,GO:0051955,regulation of amino acid transport,14/2867,39/18860,0.358974358974359,2.36144276604688,3.6034504364089,0.0011926319113504,0.0095520545310926,0.0067235957556889,ATP1A2/SLC7A5/KMO/RGS4/ACE2/STXBP1/SNCA/ADORA1/NPY5R/AVPR1A/TRH/LEP/ABAT/SLC38A3,14
BP,GO:0009755,hormone-mediated signaling pathway,54/2867,237/18860,0.227848101265823,1.49885426922686,3.27213529768046,0.0012321292529695,0.0097851466012114,0.006887666935165,CYP26B1/FKBP4/IGF1/NR1H3/LMO3/PGR/ESR1/CYP26A1/RHOXF1/SFRP1/EZH2/CYP27B1/VDR/GHR/PRLR/NR3C1/NR5A2/TCF21/ESRRB/CRHR1/CRY2/THRA/NR1D1/KLF2/ALDH1A2/FOXA1/PPARG/PIM1/LHCGR/SSTR1/ESR2/RXRG/CRHBP/HMGA2/LATS2/THRB/NR3C2/ACSL1/DAB2/FOXH1/DHRS3/GPER1/TRH/PDE3A/ZNF366/PER1/ADIPOQ/SRARP/PRAME/PPARA/CYP26C1/AKR1C3/KANK2/ZNF536,54
BP,GO:0002063,chondrocyte development,13/2867,35/18860,0.371428571428571,2.44337037221586,3.61869953175999,0.0012322965191021,0.0097851466012114,0.006887666935165,COL11A1/COMP/MSX2/RUNX2/SOX9/SULF1/BMPR1B/SFRP2/TGFBR2/POC1A/TSKU/RFLNB/SULF2,13
BP,GO:0098810,neurotransmitter reuptake,13/2867,35/18860,0.371428571428571,2.44337037221586,3.61869953175999,0.0012322965191021,0.0097851466012114,0.006887666935165,ATP1A2/GPM6B/SLC6A2/SLC6A4/SLC1A2/SLC6A12/SLC6A3/SNCA/SLC22A3/SLC29A4/RAB3B/DRD1/PRKN,13
BP,GO:0009799,specification of symmetry,37/2867,148/18860,0.25,1.64457621206836,3.33313754306632,0.0012346121801495,0.0097851466012114,0.006887666935165,DNAH5/NDRG4/ENG/NKX3-2/FOLR1/WNT5A/PKD2/DNAI1/STIL/OVOL2/ALDH1A2/FOXJ1/MICAL2/APLNR/CFC1/CFC1B/PCSK6/DAAM2/NOTCH1/ENKUR/DNAAF1/PKD1L1/PIERCE1/FOXH1/TGFBR2/TBX20/SOX17/DPCD/MESP1/GREM1/DNAAF3/SOSTDC1/CFAP53/CIROZ/ODAD3/SOX18/CFAP45,37
BP,GO:0009855,determination of bilateral symmetry,37/2867,148/18860,0.25,1.64457621206836,3.33313754306632,0.0012346121801495,0.0097851466012114,0.006887666935165,DNAH5/NDRG4/ENG/NKX3-2/FOLR1/WNT5A/PKD2/DNAI1/STIL/OVOL2/ALDH1A2/FOXJ1/MICAL2/APLNR/CFC1/CFC1B/PCSK6/DAAM2/NOTCH1/ENKUR/DNAAF1/PKD1L1/PIERCE1/FOXH1/TGFBR2/TBX20/SOX17/DPCD/MESP1/GREM1/DNAAF3/SOSTDC1/CFAP53/CIROZ/ODAD3/SOX18/CFAP45,37
BP,GO:0003401,axis elongation,12/2867,31/18860,0.387096774193548,2.54644058642843,3.64845224889493,0.0012400223441288,0.0098024653185426,0.0068998574072736,TNC/WNT11/ESR1/SIX4/SFRP1/PTK7/FGF1/WNT5A/SOX9/SPRY2/SFRP2/SPRY1,12
BP,GO:0007588,excretion,12/2867,31/18860,0.387096774193548,2.54644058642843,3.64845224889493,0.0012400223441288,0.0098024653185426,0.0068998574072736,EDN1/NHERF1/MDK/TACR1/SPX/EDNRB/AGTR1/CORIN/SCN11A/UMOD/NPR1/SLC22A12,12
BP,GO:0006692,prostanoid metabolic process,17/2867,52/18860,0.326923076923077,2.15059966193555,3.51773252237759,0.0012519575651206,0.0098711414246019,0.0069481978322277,PTGS2/EDN1/GSTP1/PLA2G3/PLA2G4A/PTGIS/EDN2/AKR1C2/ACOX1/FABP5/CTHRC1/AVPR1A/PLA2G4F/AKR1C1/AKR1C3/MIF/GSTA1,17
BP,GO:0051384,response to glucocorticoid,34/2867,133/18860,0.255639097744361,1.68167191609998,3.34022194827528,0.0012661889465128,0.0099704178832277,0.0070180775396439,CPS1/EDN1/GSTP1/MDK/GHR/NR3C1/BCHE/KLF9/DUSP1/PCK1/FOSB/ZFP36/CDO1/ASS1/SERPINF1/ANXA1/IL6/IL1RN/NTRK3/BMP6/S100B/ALPL/CLDN1/ETNPPL/AVPR1A/FAM107A/FOS/ADIPOQ/SLIT3/PRKN/WNT7B/MT-ND3/AQP1/CEBPA,34
BP,GO:0060350,endochondral bone morphogenesis,19/2867,61/18860,0.311475409836066,2.04898019864255,3.47434580383534,0.0012834572682067,0.0100802800173499,0.007095408398287,FOXC1/FGFR3/COMP/COL1A1/GHR/RUNX2/SOX9/MMP13/BMPR1B/BMP6/NPR2/CBS/LOC102724560/ALPL/TGFBR2/POC1A/COL3A1/PHOSPHO1/TSKU,19
BP,GO:0060425,lung morphogenesis,19/2867,61/18860,0.311475409836066,2.04898019864255,3.47434580383534,0.0012834572682067,0.0100802800173499,0.007095408398287,IGF1/TNC/CELSR1/GRHL2/ESRP2/HOXA5/TCF21/SOX9/ID1/FOXP2/FOXA1/SPRY2/FGF7/NFIB/HMGA2/TGFBR2/SPRY1/SOX11/WNT7B,19
BP,GO:2000628,regulation of miRNA metabolic process,25/2867,89/18860,0.280898876404494,1.84783844052625,3.39447496442335,0.0013090746607499,0.010268212726063,0.0072276923544291,NGFR/ESR1/GATA3/QKI/NR3C1/MYB/EGR1/TWIST1/SOX9/BMP2/FOXA1/PPARG/IL6/KLF4/SMAD6/FGF2/MYOCD/EGFR/NFIB/ATOH8/FOS/JUN/WT1/PPARA/TEAD1,25
BP,GO:0090276,regulation of peptide hormone secretion,49/2867,211/18860,0.232227488151659,1.52766321121042,3.26346137860551,0.0013178424138846,0.0103236649922744,0.0072667246506256,CFTR/ABCC8/MLXIPL/NNAT/ACSL4/RAPGEF3/TFR2/GPLD1/PDE8B/PASK/ECRG4/GPR68/TNFSF11/ACVR1C/SOX4/NR1D1/GNAI1/GNAZ/KCNA5/GRP/IL6/BLK/CCN3/RBP4/HADH/ABCA12/ILDR1/CRHBP/HMGA2/ADRA2A/FOXO1/KCNB1/INHBB/F2RL2/GPER1/GPR27/TRH/LEP/ABAT/BMP8A/ADRA2C/EFNA5/PRKN/IRS2/FFAR4/KCNJ11/FAM3D/ITSN1/DOC2B,49
BP,GO:0048588,developmental cell growth,54/2867,238/18860,0.226890756302521,1.49255656221331,3.23772258644803,0.0013626432695592,0.0106471830792429,0.0074944457999709,TNFRSF12A/SEMA3G/IGF1/CDH1/FSTL4/CYFIP2/PRKCZ/SYT1/SEMA3A/EDN1/AURKA/NRP1/SYT17/PTPRS/CXCL12/WNT3/WNT5A/FN1/TNR/RGS4/SPP1/TNN/ADRA1A/NRN1/SOX9/EDN2/MAP1B/POSTN/EMX1/PAK6/CPNE8/NTRK3/RNF157/CRABP2/NPR2/S100B/TRIM46/TGFBR2/PI16/ZEB2/ALCAM/NPPA/CDH4/RGMA/CAV3/NDN/SLIT3/EFNA5/PRKN/PPARA/SLC9A6/L1CAM/MIR23A/PLXNA4,54
BP,GO:0060428,lung epithelium development,16/2867,48/18860,0.333333333333333,2.19276828275782,3.50322009933517,0.0013672790166487,0.0106696908115634,0.0075102887678903,IGF1/GRHL2/HOXA5/AGR2/SPDEF/SOX9/THRA/KLF2/FOXP2/FOXA1/FOXJ1/FGF7/NFIB/HMGA2/THRB/WNT7B,16
BP,GO:0044784,metaphase/anaphase transition of cell cycle,27/2867,99/18860,0.272727272727273,1.79408314043822,3.35400564398,0.0013928035918325,0.0108410410176061,0.0076309004660684,TRIP13/BIRC5/MAP3K20/CDC6/TTK/CENPF/DUSP1/ZWINT/DLGAP5/CCNB1/CDCA8/ESPL1/USP44/KNL1/CENPE/NUF2/SPC25/SKA1/BUB1B/SPC24/MAD2L1/PLK1/BUB1/UBE2C/HASPIN/AURKB/MAPK15,27
BP,GO:0061337,cardiac conduction,27/2867,99/18860,0.272727272727273,1.79408314043822,3.35400564398,0.0013928035918325,0.0108410410176061,0.0076309004660684,ATP1A2/ATP2B4/ABCC9/ATP2A3/TBX5/DSP/ATP1A3/CAV1/TBX18/CASQ2/ATP1B2/KCNA5/ACE2/HRC/BIN1/ATP1B1/CORIN/ANK2/KCNE4/CACNA2D1/CXADR/CACNA1D/KCNJ3/SCN4B/IRX3/KCNE1/PLN,27
BP,GO:0021543,pallium development,47/2867,201/18860,0.233830845771144,1.5382105864122,3.24798706043209,0.0014037273829759,0.0109120956024434,0.0076809150784724,FYN/ATP2B4/ASPM/KIF26A/WDR62/SUN2/PTPRS/EZH2/LHX6/EZH1/MDK/DLX2/SLC2A1/PROX1/KIF14/FILIP1/FOXP2/EMX1/TUBB2A/TUBB2B/LEF1/EGFR/TACC1/NTRK2/FEZ1/KIRREL3/GRIA1/LMX1A/CCDC141/EOMES/COL3A1/P2RY12/ZEB2/FOS/EMX2/CDH2/ID4/CNTNAP2/CDK5R1/KCNA2/TSKU/DRD1/LYPD6/RELN/PAX5/FAT4/POU3F3,47
BP,GO:0008347,glial cell migration,20/2867,66/18860,0.303030303030303,1.99342571159802,3.42299260367264,0.0014143527090334,0.0109806514919727,0.007729170884212,CX3CL1/CD9/FYN/VCAN/TREM2/SUN2/RRAS/PTPRB/ATP1B2/MATN2/RRAS2/CERS2/APCDD1/COL3A1/P2RY12/CSPG4/CDK5R1/NDN/CSF1/RELN,20
BP,GO:0051310,metaphase chromosome alignment,28/2867,104/18860,0.269230769230769,1.77108207453516,3.33853068954985,0.0014215780257578,0.0110226694114567,0.0077587468779614,BIRC5/FAM83D/TTK/KAT2B/ECT2/NEK2/CENPF/KIF14/KIF18A/ZWINT/SGO1/CCNB1/PSRC1/CDCA8/KNL1/CENPE/KIF2C/NUF2/ANKRD53/SPC25/SKA1/RACGAP1/SPC24/CHMP4C/CDT1/CDK1/AURKB/KIFC1,28
BP,GO:0048146,positive regulation of fibroblast proliferation,18/2867,57/18860,0.31578947368421,2.07735942577056,3.44899590362503,0.001430140658558,0.0110608461366088,0.0077856190933956,IGF1/NGFR/ESR1/CDC6/E2F1/WNT5A/FN1/MYB/CCNB1/PDGFRA/CCNA2/EGFR/HMGA2/DDR2/CD248/JUN/AQP1/MIF,18
BP,GO:0072175,epithelial tube formation,35/2867,139/18860,0.251798561151079,1.65640769560842,3.28870372783665,0.0014411165739769,0.0111315726216083,0.0078354027596016,SOX8/CELSR1/LRP2/GRHL2/SIX4/SALL4/SFRP1/GATA3/FOLR1/BMP5/PTK7/WNT5A/PROX1/TWIST1/STIL/SOX9/OVOL2/FGF2/OSR1/SFRP2/ADM/ST14/GRHL3/DLC1/CTHRC1/RET/SPINT1/GREM1/SPINT2/ZEB2/IRX1/MMRN2/IRX3/RGMA/PTCH1,35
BP,GO:0015810,aspartate transmembrane transport,9/2867,20/18860,0.45,2.96023718172306,3.71356798753411,0.0014554548696624,0.0111640582929298,0.0078582690991003,SLC1A3/SLC1A1/SLC1A2/SLC1A4/GFAP/SLC7A13/LRRC8E/LRRC8C/SLC25A18,9
BP,GO:0061298,retina vasculature development in camera-type eye,9/2867,20/18860,0.45,2.96023718172306,3.71356798753411,0.0014554548696624,0.0111640582929298,0.0078582690991003,NRP1/NDP/RHOJ/PDGFRA/ACVRL1/VSTM4/FZD4/COL4A1/ARHGEF15,9
BP,GO:0071880,adenylate cyclase-activating adrenergic receptor signaling pathway,9/2867,20/18860,0.45,2.96023718172306,3.71356798753411,0.0014554548696624,0.0111640582929298,0.0078582690991003,ADRB1/ATP2B4/ADRA1A/ADRA2A/ADRB2/ADRA1B/DRD1/ADRB3/PLN,9
BP,GO:0097254,renal tubular secretion,9/2867,20/18860,0.45,2.96023718172306,3.71356798753411,0.0014554548696624,0.0111640582929298,0.0078582690991003,EDN1/NHERF1/SPX/EDNRB/AGTR1/CORIN/UMOD/NPR1/SLC22A12,9
BP,GO:0003279,cardiac septum development,30/2867,114/18860,0.263157894736842,1.7311328548088,3.31514575559054,0.0014563412117607,0.0111640582929298,0.0078582690991003,PLXND1/TGFBR3/LRP2/WNT11/TBX5/NRP1/SALL4/ENG/GATA3/BMP5/PTK7/WNT5A/PROX1/MSX2/KCNJ8/SOX4/APLNR/SMAD6/ANK2/NOTCH1/DHRS3/TGFBR2/TBX20/HEY1/ZFPM2/SOX11/FZD2/SLIT3/PDE2A/PARVA,30
BP,GO:0048144,fibroblast proliferation,30/2867,114/18860,0.263157894736842,1.7311328548088,3.31514575559054,0.0014563412117607,0.0111640582929298,0.0078582690991003,IGF1/NGFR/ABCC9/GSTP1/ESR1/CDC6/E2F1/SFRP1/CAV1/WNT5A/FN1/MYB/KCNJ8/CKS2/E2F8/CCNB1/PDGFRA/CCNA2/EGFR/HMGA2/DDR2/VEGFD/COL3A1/CDK1/CD248/JUN/GNG2/WNT7B/AQP1/MIF,30
BP,GO:0007623,circadian rhythm,49/2867,212/18860,0.231132075471698,1.52045725266698,3.22659958196178,0.0014660016260934,0.0112171853541866,0.007895664706759,MYCBP2/IGF1/NR1H3/ADRB1/F7/NGFR/ROGDI/EZH2/SLC6A4/MAPK10/PPARGC1A/PROX1/KLF9/EGR1/CRY2/OPN4/ID1/NR1D1/ASS1/TOP2A/PPARG/PDE6B/BHLHE40/ROCK2/NTRK3/RORC/NTRK2/ADORA1/GABRB3/SCN11A/SCN9A/PROKR1/NLGN1/CDK1/CAVIN3/ID4/LEP/SPSB4/KCNA2/PER1/ADIPOQ/SIAH2/NPY2R/PPARA/C3orf70/CLDN4/PLN/RORB/LGR4,49
BP,GO:1902850,microtubule cytoskeleton organization involved in mitosis,41/2867,170/18860,0.241176470588235,1.58653234576007,3.25252007262158,0.0014751929752989,0.0112171853541866,0.007895664706759,WDR62/AURKA/TPX2/BIRC5/KIF4A/MISP/SUN2/MYBL2/TTK/CENPA/NEK2/STIL/DLGAP5/GNAI1/CCNB1/PSRC1/CDCA8/ESPL1/SPRY2/NUSAP1/KIF23/KIF11/CENPE/NUF2/ANKRD53/DYNLT1/TACC1/SPC25/CENPH/RACGAP1/SPRY1/POC1A/MAD2L1/CHMP4C/PLK1/CDK1/AURKB/SAPCD2/PRC1/KIF4B/KIFC1,41
BP,GO:0030501,positive regulation of bone mineralization,15/2867,44/18860,0.340909090909091,2.24260392554777,3.49384484934662,0.0014792930874644,0.0112171853541866,0.007895664706759,GPM6B/VDR/BMP2/KL/TFAP2A/BMPR1B/FBN2/OSR1/BMP6/PKDCC/OSR2/ADRB2/ANO6/ISG15/FZD9,15
BP,GO:0051938,L-glutamate import,15/2867,44/18860,0.340909090909091,2.24260392554777,3.49384484934662,0.0014792930874644,0.0112171853541866,0.007895664706759,ABCC8/ATP1A2/SLC1A3/SLC17A7/SLC1A1/SLC1A2/SLC1A4/KMO/KCNJ8/STXBP1/SLC7A11/SLC1A7/SLC7A13/TTYH1/SLC25A18,15
BP,GO:0048845,venous blood vessel morphogenesis,6/2867,10/18860,0.6,3.94698290896407,3.94666394344038,0.0014817239413409,0.0112171853541866,0.007895664706759,ENG/PROX1/EFNB2/NOTCH1/TBX20/CCBE1,6
BP,GO:0051307,meiotic chromosome separation,6/2867,10/18860,0.6,3.94698290896407,3.94666394344038,0.0014817239413409,0.0112171853541866,0.007895664706759,TTK/NCAPH/ZWINT/ESPL1/KNL1/MAPK15,6
BP,GO:0060346,bone trabecula formation,6/2867,10/18860,0.6,3.94698290896407,3.94666394344038,0.0014817239413409,0.0112171853541866,0.007895664706759,SFRP1/COL1A1/MSX2/CHAD/FBN2/GREM1,6
BP,GO:0061299,retina vasculature morphogenesis in camera-type eye,6/2867,10/18860,0.6,3.94698290896407,3.94666394344038,0.0014817239413409,0.0112171853541866,0.007895664706759,NRP1/NDP/RHOJ/FZD4/COL4A1/ARHGEF15,6
BP,GO:0002790,peptide secretion,59/2867,266/18860,0.221804511278195,1.45909769191028,3.19277065006797,0.0014994825922364,0.0113234219605034,0.0079704435926002,CFTR/ABCC8/MLXIPL/NNAT/PTPRN/ACSL4/EDN1/RAPGEF3/TFR2/GPLD1/PDE8B/PASK/ECRG4/GPR68/CRHR1/TNFSF11/ACVR1C/SOX4/NR1D1/GNAI1/GNAZ/KCNA5/GRP/HNF1A/IL6/BLK/IL1RN/CCN3/RBP4/HADH/ILDR2/ABCA12/ILDR1/CRHBP/HMGA2/ADRA2A/FOXO1/KCNB1/INHBB/ADORA1/F2RL2/GPER1/ABCA1/GPR27/TRH/LEP/ABAT/BMP8A/ADRA2C/EFNA5/NPY2R/PRKN/IRS2/FFAR4/KCNJ11/FAM3D/ITSN1/AQP1/DOC2B,59
BP,GO:1903825,organic acid transmembrane transport,39/2867,160/18860,0.24375,1.60346180676666,3.24561636783382,0.0015406652951707,0.0116055815729158,0.0081690529248928,SLC38A5/ATP1A2/ACACB/SLC1A3/LRP2/SLC7A8/SLC25A1/SLC7A5/SLC17A7/SLC1A1/SLC16A6/SLC1A2/SLC38A1/SLC1A4/RGS4/SLC2A1/SLC16A7/ACE2/SLC7A10/GFAP/CD36/SLC26A7/SLC7A11/ACSL1/SLC16A12/SFXN2/SLC1A7/SLC29A4/SLC7A13/TTYH1/SLC23A1/LRRC8E/LRRC8C/ABCD2/SLC25A18/IRS2/SLC38A3/ACSL5/CPT1B,39
BP,GO:0048708,astrocyte differentiation,25/2867,90/18860,0.277777777777778,1.82730690229818,3.33091825145876,0.0015552706116401,0.0116866378840054,0.0082261076524847,SOX8/VIM/TREM2/QKI/NR3C1/LRP1/PLP1/SOX9/BMP2/NR1D1/GFAP/IL6/BIN1/TLR4/NTRK3/TTBK1/NOTCH1/HMGA2/S100B/TAL1/PLPP3/EOMES/ZEB2/ID4/DRD1,25
BP,GO:0097009,energy homeostasis,25/2867,90/18860,0.277777777777778,1.82730690229818,3.33091825145876,0.0015552706116401,0.0116866378840054,0.0082261076524847,MLXIPL/FMO1/ADRB1/IGF2BP2/ACACB/FMO2/PPARGC1A/PASK/LEPR/TWIST1/ACVR1C/WNK4/EDN2/GDF15/CD36/FOXO1/ADRB2/LEP/IRX3/RMI1/TSKU/BMP8A/ADRB3/SUCNR1/CEBPA,25
BP,GO:0030513,positive regulation of BMP signaling pathway,14/2867,40/18860,0.35,2.30240669689571,3.49120229896084,0.0015812486706177,0.0118282637195132,0.0083257966632014,ZNF423/ENG/MSX2/GDF5/KDR/SULF1/ACVRL1/SCUBE3/GPC3/NOTCH1/MSX1/TBX20/SOX11/CDH5,14
BP,GO:0070633,transepithelial transport,14/2867,40/18860,0.35,2.30240669689571,3.49120229896084,0.0015812486706177,0.0118282637195132,0.0083257966632014,CFTR/EDN1/SLC1A3/PKP1/SLC1A1/SLC1A2/GPLD1/RHBG/EDNRB/RHCG/CXADR/CLDN19/CLDN3/AQP1,14
BP,GO:0003197,endocardial cushion development,17/2867,53/18860,0.320754716981132,2.11002230982356,3.42624242349037,0.0015857928822838,0.0118282637195132,0.0083257966632014,ERBB3/TBX5/ENG/BMP5/MSX2/TWIST1/SOX9/BMP2/APLNR/ACVRL1/NOTCH1/ADAMTS5/MSX1/TGFBR2/TBX20/HEY1/TMEM100,17
BP,GO:0048013,ephrin receptor signaling pathway,17/2867,53/18860,0.320754716981132,2.11002230982356,3.42624242349037,0.0015857928822838,0.0118282637195132,0.0083257966632014,FYN/EPHA8/PAK3/EFNB1/MMP9/EPHB6/EFNB2/NTRK3/EPHA2/EFNA3/EPHA1/KALRN/CDK5R1/EPHA10/EFNA5/ANKS1B/EFNA4,17
BP,GO:1900047,negative regulation of hemostasis,17/2867,53/18860,0.320754716981132,2.11002230982356,3.42624242349037,0.0015857928822838,0.0118282637195132,0.0083257966632014,TFPI/CD9/FAP/EDN1/COMP/SERPINE1/PROC/PLAU/TSPAN8/F12/PDGFRA/ADAMTS18/SERPING1/ANGPT1/KLKB1/C1QTNF1/PROS1,17
BP,GO:0170041,non-proteinogenic amino acid metabolic process,19/2867,62/18860,0.306451612903226,2.01593213092251,3.3924458656645,0.0015908090573177,0.0118511375728363,0.0083418973400368,DPEP1/CPS1/ATP2B4/SLC1A3/PHGDH/SLC38A1/AGXT2/KMO/GNMT/ASS1/GAD2/AZIN2/BHMT/ALDH4A1/CBS/LOC102724560/ALDH1A1/ABAT/HOGA1,19
BP,GO:0033627,cell adhesion mediated by integrin,22/2867,76/18860,0.289473684210526,1.90424614028968,3.34431847595363,0.0016294950485168,0.0120800397291127,0.008503019281018,EPHA8/TESC/FERMT1/SERPINE1/ITGB6/ITGB1BP1/PLAU/EMILIN2/CCN3/CCL21/MMRN1/SKAP1/EPHA2/SFRP2/PDE3B/CXCL13/PLPP3/RET/NPNT/P2RY12/MUC1/FYB2,22
BP,GO:0030449,regulation of complement activation,10/2867,24/18860,0.416666666666667,2.74096035344727,3.61333617645125,0.0016334582426929,0.0120800397291127,0.008503019281018,CFH/TREM2/CR2/CLU/MASP1/SUSD4/SERPING1/VSIG4/A2M/CR1,10
BP,GO:0090231,regulation of spindle checkpoint,10/2867,24/18860,0.416666666666667,2.74096035344727,3.61333617645125,0.0016334582426929,0.0120800397291127,0.008503019281018,BIRC5/DUSP1/ZWINT/CCNB1/CDCA8/USP44/KNL1/SKA1/MAD2L1/AURKB,10
BP,GO:1902074,response to salt,10/2867,24/18860,0.416666666666667,2.74096035344727,3.61333617645125,0.0016334582426929,0.0120800397291127,0.008503019281018,SLC12A3/FGFR1/EDN1/ABCC6/RUNX2/EDNRB/DAB2/MAPK13/NPR2/ALPL,10
BP,GO:2000738,positive regulation of stem cell differentiation,10/2867,24/18860,0.416666666666667,2.74096035344727,3.61333617645125,0.0016334582426929,0.0120800397291127,0.008503019281018,FOXC1/TBX5/SOX6/NR5A2/SOX9/TCF15/SOX5/FGF2/SOX17/TACSTD2,10
BP,GO:0010906,regulation of glucose metabolic process,28/2867,105/18860,0.266666666666667,1.75421462620626,3.28124964423698,0.0016623107281121,0.0122784774194334,0.0086426975887648,PDK4/PDK2/IGF1/DGAT2/ACACB/C1QTNF3/SORBS1/PPARGC1A/GPLD1/NR3C1/KAT2B/LEPR/GNMT/PMAIP1/RORC/FOXO1/TFF3/FBP1/IGF2/ZNF692/C1QTNF1/LEP/ADIPOQ/PRKN/IRS2/PPARA/ZFP92/PPP1R3G,28
BP,GO:0032535,regulation of cellular component size,76/2867,361/18860,0.210526315789474,1.38490628384704,3.12638662551538,0.0016646176592885,0.0122805955713775,0.0086441885347571,TNFRSF12A/BAIAP2L1/USH1C/TENM1/SEMA3G/CDH1/CAPG/FSTL4/CYFIP2/SPTB/SLC12A3/MYO3B/SEMA3A/PAK3/EDN1/EZR/NRP1/KCNK6/PYCARD/PTPRS/CCL24/KANK1/CXCL12/WNT3/NHERF1/WNT5A/SPTBN1/FN1/TNR/AKT3/SPP1/PLS1/SLC12A4/ARHGAP40/CCR7/MAP1B/KANK4/VAV3/BIN1/TMOD1/CCL21/NTRK3/CRABP2/DAAM2/GSN/ADD3/ESAM/CDC42EP2/EPS8/PLEKHH2/DMTN/LMOD1/TRIM46/CFL2/RET/GPRC5B/RAB3B/LRRC8E/CCL11/ANO6/CDH4/RGMA/CAV3/KIRREL1/IQGAP3/EFNA5/KANK3/WNT7B/EVL/KANK2/CYRIA/KEL/L1CAM/PLXNA4/AQP1/SHANK3,76
BP,GO:0035249,"synaptic transmission, glutamatergic",29/2867,110/18860,0.263636363636364,1.73428036909027,3.27013613187545,0.0016795517484784,0.0123757516109098,0.008711167920338,ABCC8/MAPK8IP2/ATP1A2/SYT1/CACNG4/SLC17A7/NR3C1/SLC1A4/TNR/KMO/PLPPR4/KCNJ8/GRM4/STXBP1/UNC13C/GRIA1/ADORA1/GRIK3/NLGN1/GRIN1/GRM8/NRXN1/GRID1/DRD1/NPY2R/PRKN/RELN/SHANK3/GRIN2B,29
BP,GO:0034440,lipid oxidation,30/2867,115/18860,0.260869565217391,1.71607952563655,3.26118669882505,0.0016889868867805,0.0124302073665122,0.0087494987826723,PDK4/FMO1/DGAT2/ABCC9/ACACB/ECHDC1/FMO2/ETFB/PPARGC1A/EHHADH/ACADL/TWIST1/ACADS/SOX9/ECHS1/GDF15/HADH/ACOXL/ACOX1/CYGB/ACAA2/ABCD2/LEP/ADIPOQ/IRS2/PPARA/APOD/ADH5/CPT1B/PLIN5,30
BP,GO:0002675,positive regulation of acute inflammatory response,11/2867,28/18860,0.392857142857143,2.584334047536,3.55210468400654,0.0017102300556819,0.0124675082150616,0.0087757544773163,PTGER3/PTGS2/TNFSF11/CCR7/IL6/FCGR1A/ADAM8/NPY5R/C2CD4A/HLA-E/C2CD4B,11
BP,GO:0010460,positive regulation of heart rate,11/2867,28/18860,0.392857142857143,2.584334047536,3.55210468400654,0.0017102300556819,0.0124675082150616,0.0087757544773163,ADRB1/EDN1/SLC1A1/RGS4/ADRA1A/EDN2/ADM2/HRC/ADM/AVPR1A/NPPA,11
BP,GO:0014046,dopamine secretion,11/2867,28/18860,0.392857142857143,2.584334047536,3.55210468400654,0.0017102300556819,0.0124675082150616,0.0087757544773163,SYT1/OPRK1/CXCL12/SNCA/CHRNA6/PINK1/SNCG/KCNA2/ABAT/NPY2R/PRKN,11
BP,GO:0034698,response to gonadotropin,11/2867,28/18860,0.392857142857143,2.584334047536,3.55210468400654,0.0017102300556819,0.0124675082150616,0.0087757544773163,TGFBR3/EPHA8/EDN1/INHBA/LHCGR/CCNA2/NOTCH1/NPR2/INHBB/EFNA5/WT1,11
BP,GO:0048745,smooth muscle tissue development,11/2867,28/18860,0.392857142857143,2.584334047536,3.55210468400654,0.0017102300556819,0.0124675082150616,0.0087757544773163,MYLK/ENG/PROX1/PKD2/TNN/SOX9/FOXP2/OSR1/NPR2/COL3A1/PTCH1,11
BP,GO:0090103,cochlea morphogenesis,11/2867,28/18860,0.392857142857143,2.584334047536,3.55210468400654,0.0017102300556819,0.0124675082150616,0.0087757544773163,MYO3B/EYA1/HPN/PTK7/TBX18/WNT5A/SOX9/GRHL3/CTHRC1/NECTIN3/FZD2,11
BP,GO:0009069,serine family amino acid metabolic process,12/2867,32/18860,0.375,2.46686431810255,3.51617957475011,0.0017125134659609,0.0124675082150616,0.0087757544773163,PHGDH/AGXT2/NDP/CDO1/PSAT1/SDS/SDSL/GLYAT/CBS/LOC102724560/SHMT1/SEPHS2,12
BP,GO:1904376,negative regulation of protein localization to cell periphery,12/2867,32/18860,0.375,2.46686431810255,3.51617957475011,0.0017125134659609,0.0124675082150616,0.0087757544773163,RHOQ/LYPLA1/WNK4/TMBIM1/LYPD1/DAB2/PID1/PKDCC/MRAP/LRRC15/SFN/SAPCD2,12
BP,GO:0060675,ureteric bud morphogenesis,20/2867,67/18860,0.298507462686567,1.96367308903685,3.34562517836263,0.0017326426735602,0.0125839125598243,0.0088576903326699,SOX8/WNT11/SIX4/EYA1/GATA3/FGF1/TCF21/PKD2/SOX9/BMP2/FGF2/GPC3/KIF26B/GREM1/NPNT/TACSTD2/WT1/PTCH1/LGR4/HOXB7,20
BP,GO:0070661,leukocyte proliferation,75/2867,356/18860,0.210674157303371,1.38587883039469,3.11208428628311,0.0017432657784416,0.0126334372158677,0.0088925502432883,CX3CL1/FYN/CD22/IGF1/TNFRSF1B/TNFRSF9/GSTP1/CD209/EFNB1/TREM2/PYCARD/IL4I1/CD79A/VSIR/CCL8/CRTAM/CD81/IL23A/NPR3/PRLR/BCL6/HHLA2/TACR1/NR5A2/CR2/TNFSF4/GPAM/HELLS/TNFSF11/CLU/CD80/NDP/STAT5A/FOXJ1/VAV3/VTCN1/ANXA1/IL6/TLR4/IL33/LEF1/ERBB2/TNFRSF21/IL18/PLCL2/VSIG4/MS4A1/KIT/TNFRSF13C/FCRL3/TGFBR2/CTLA4/GREM1/IGF2/PRNP/RASGRP1/STAT5B/LEP/GAPT/ATAD5/SOX11/CLEC4G/CSF1/IRS2/BTLA/PLA2G2A/PDCD1LG2/NMB/CARD11/CR1/FCGR3A/BTNL2/HLA-E/TNFRSF13B/MIF,75
BP,GO:0006979,response to oxidative stress,86/2867,418/18860,0.205741626794258,1.35343114103234,3.09383503357644,0.0017622136927479,0.0127529726645415,0.008976690051404,PDK2/MGST1/FYN/FUT8/AIFM2/PTPRN/ABCC9/PTGS2/EDN1/ADCYAP1R1/GSTP1/ERMP1/XBP1/DHRS2/SGK2/GSR/MET/EZH2/SLC1A1/AMBP/COL1A1/SOD3/PPARGC1A/CRYAB/NCOA7/KAT2B/ECT2/HYAL1/TACR1/TPO/EPAS1/PRDX6/MYB/PKD2/DUSP1/CAT/KLF2/MGAT3/KCNA5/C19orf12/PDGFRA/CD36/IL6/KLF4/TRPC6/IDH1/FBLN5/CBX8/FANCD2/SNCA/LCN2/MMP3/FOXO1/SLC7A11/MAPK13/PINK1/CYGB/DDR2/CA3/GPX4/CDK1/FOS/ANGPTL7/PRNP/RCAN2/MSRB3/NPPA/MCTP1/ADIPOQ/PENK/PYCR1/FOXO4/PRKN/HBA2/APOD/VKORC1L1/DAPK1/SIRPA/MB/MT-ND3/HBA1/GPX3/AQP1/HBB/SELENOP/HP,86
BP,GO:0015804,neutral amino acid transport,18/2867,58/18860,0.310344827586207,2.04154288394693,3.36354573120079,0.0017834771458665,0.0128761966386255,0.0090634261757062,SLC38A5/LLGL2/SLC1A3/SLC7A8/SLC7A5/SLC1A1/SLC1A2/SLC38A1/SLC1A4/RGS4/ACE2/SLC7A10/SLC7A11/SFXN2/SLC1A7/SLC7A13/LEP/SLC38A3,18
BP,GO:0086009,membrane repolarization,18/2867,58/18860,0.310344827586207,2.04154288394693,3.36354573120079,0.0017834771458665,0.0128761966386255,0.0090634261757062,ATP1A2/SNTA1/CAV1/CASQ2/KCNIP2/KCNJ8/ATP1B2/KCNA5/ATP1B1/ANK2/KCNE4/CACNA2D1/CACNA1D/KCNJ3/NPPA/SCN4B/KCNE1/CAV3,18
BP,GO:0098813,nuclear chromosome segregation,69/2867,323/18860,0.213622291021672,1.40527255272715,3.11054820598424,0.0017999409829275,0.0129796455933765,0.0091362428614601,ASPM/TRIP13/AURKA/TPX2/BIRC5/KIF4A/MAP3K20/CDC6/MISP/MYBL2/FAM83D/NCAPG/TTK/KAT2B/ECT2/NEK2/CENPF/KIF14/DUSP1/NCAPH/MND1/KIF18A/ZWINT/KIF25/DLGAP5/SGO1/TOP2A/CCNB1/PSRC1/CDCA8/ESPL1/USP44/BRIP1/NUSAP1/KIF23/KNL1/KIF11/CENPE/SPATA22/P3H4/KIF2C/NUF2/ANKRD53/FANCD2/SPC25/SKA1/BUB1B/KASH5/RACGAP1/SPC24/MAD2L1/PTTG1/CHMP4C/PLK1/CDT1/BUB1/CDK1/UBE2C/CCNE2/RMI2/HASPIN/AURKB/MAPK15/KIF18B/SYCP2/PRC1/SYCE3/KIF4B/KIFC1,69
BP,GO:0032273,positive regulation of protein polymerization,25/2867,91/18860,0.274725274725275,1.80722660666853,3.26816372462509,0.0018401601190101,0.0132382643354588,0.0093182820103098,BAIAP2L1/TENM1/PYCARD/MET/CCL24/CCR7/MAP1B/PSRC1/BIN1/CCL21/SLAIN1/ANKRD53/TTBK1/CDC42EP2/SKA1/PINK1/TPPP3/LMOD1/TPPP/CCL11/CDK5R1/CAV3/KIRREL1/EVL/OCLN,25
BP,GO:0042475,odontogenesis of dentin-containing tooth,25/2867,91/18860,0.274725274725275,1.80722660666853,3.26816372462509,0.0018401601190101,0.0132382643354588,0.0093182820103098,CFTR/TNC/FOXC1/DMRT3/NGFR/ROGDI/SERPINE1/FAM20A/ITGB6/DLX2/MSX2/RUNX2/BMP2/BCL11B/LRP4/PDGFRA/LEF1/APCDD1/EDA/MSX1/KLK4/KLK5/SOSTDC1/CSF1/PPARA,25
BP,GO:0035051,cardiocyte differentiation,41/2867,172/18860,0.238372093023256,1.56808429522798,3.16886546979195,0.001866666295786,0.0134130785012809,0.0094413319551704,IGF1/TGFBR3/NEBL/EDN1/TBX5/FOLR1/SOX6/POPDC1/TBX18/RGS4/PROX1/ADRA1A/KCNJ8/INHBA/TWIST1/EFNB2/BMP2/MYH11/CCNB1/PDGFRA/ALPK3/MYLK3/MYOCD/EGFR/NOTCH1/CXADR/EOMES/SPRY1/PI16/SOX17/GPER1/MESP1/GREM1/CDK1/NPPA/IRX3/CAV3/WT1/PPARA/SOX18/MIR23A,41
BP,GO:0010948,negative regulation of cell cycle process,68/2867,318/18860,0.213836477987421,1.40668153988237,3.09669147877965,0.0018827655989357,0.0134614450621465,0.0094753766941629,FHL1/RAD51/FOXN3/RPS6KA2/TRIP13/CAMSAP3/CDC14B/ORC1/BIRC5/MAP3K20/CLSPN/CDC45/CDC6/E2F1/RGCC/EZH2/TTK/BCL6/KAT2B/NEK2/PROX1/CENPF/PKD2/DUSP1/INHBA/ZWINT/KIF25/PKMYT1/E2F8/CCNB1/CDCA8/ESPL1/USP44/BRIP1/KLF4/IER3/KNL1/BARD1/BRCA2/TICRR/TOM1L1/NUF2/DTL/FANCD2/CDKN2B/SPC25/SKA1/EME1/FBXO43/BUB1B/BRSK1/SPC24/MAD2L1/CHMP4C/GPER1/E2F7/PLK1/CDT1/FAM107A/BUB1/CDK1/HASPIN/AURKB/FOXO4/MUC1/DCUN1D3/KANK2/BLM,68
BP,GO:0007091,metaphase/anaphase transition of mitotic cell cycle,26/2867,96/18860,0.270833333333333,1.78162422974073,3.25071672861033,0.0018837687241658,0.0134614450621465,0.0094753766941629,TRIP13/BIRC5/MAP3K20/CDC6/TTK/CENPF/DUSP1/ZWINT/DLGAP5/CCNB1/CDCA8/ESPL1/USP44/KNL1/CENPE/NUF2/SPC25/SKA1/BUB1B/SPC24/MAD2L1/PLK1/BUB1/UBE2C/HASPIN/AURKB,26
BP,GO:0032310,prostaglandin secretion,8/2867,17/18860,0.470588235294118,3.09567286977574,3.6600004253059,0.001888898278995,0.0134614450621465,0.0094753766941629,ACSL4/PTGS2/EDN1/PLA2G3/PLA2G4A/TNFSF11/LEP/MIF,8
BP,GO:0036005,response to macrophage colony-stimulating factor,8/2867,17/18860,0.470588235294118,3.09567286977574,3.6600004253059,0.001888898278995,0.0134614450621465,0.0094753766941629,TREM2/SPP1/TLR4/ALPL/MST1R/DCSTAMP/CSF1/PDE2A,8
BP,GO:0060841,venous blood vessel development,8/2867,17/18860,0.470588235294118,3.09567286977574,3.6600004253059,0.001888898278995,0.0134614450621465,0.0094753766941629,ENG/PROX1/EFNB2/APLNR/ACVRL1/NOTCH1/TBX20/CCBE1,8
BP,GO:1903035,negative regulation of response to wounding,27/2867,101/18860,0.267326732673267,1.75855674161766,3.23632498267821,0.0019157973196637,0.013637156798871,0.0095990584302145,TFPI/CD9/FAP/EDN1/PTPRS/SERPINE1/MDK/PROC/TNR/SPP1/PLAU/TSPAN8/F12/PDGFRA/IL33/FGF2/MMRN1/ADAMTS18/SIGLEC10/CERS2/SERPING1/ANGPT1/KLKB1/C1QTNF1/RGMA/PROS1/FIGNL2,27
BP,GO:0001838,embryonic epithelial tube formation,32/2867,126/18860,0.253968253968254,1.67068059638691,3.19811417686198,0.0019386102451182,0.0137673033645722,0.0096906672975967,SOX8/CELSR1/LRP2/GRHL2/SIX4/SALL4/SFRP1/GATA3/FOLR1/BMP5/PTK7/WNT5A/TWIST1/STIL/SOX9/OVOL2/OSR1/SFRP2/ADM/ST14/GRHL3/DLC1/CTHRC1/RET/SPINT1/GREM1/SPINT2/ZEB2/IRX1/IRX3/RGMA/PTCH1,32
BP,GO:0002688,regulation of leukocyte chemotaxis,32/2867,126/18860,0.253968253968254,1.67068059638691,3.19811417686198,0.0019386102451182,0.0137673033645722,0.0096906672975967,DAPK2/F7/EDN1/SERPINE1/RARRES2/CXCL12/MDK/IL23A/NEDD9/CCR6/THBS4/WNT5A/DUSP1/TNFAIP6/GPR18/CCR7/EDN2/LBP/C5AR2/IL6/CCN3/CCL21/VEGFC/CXCL13/VEGFD/GREM1/CXCL10/VEGFB/ANO6/CSF1/S100A14/MIF,32
BP,GO:0019218,regulation of steroid metabolic process,31/2867,121/18860,0.256198347107438,1.68535082889651,3.20214231775899,0.0019491122737249,0.0138210516267233,0.0097285001623588,DGAT2/APOB/SEC14L2/BMP5/QKI/PDE8B/FGF1/NR3C1/ACADL/NR5A2/PROX1/EGR1/PCK1/BMP2/NR1D1/STAT5A/GNAI1/LHCGR/RORC/AGTR1/ADM/DAB2/BMP6/KIT/FGFR4/GPR146/STAT5B/LEP/AKR1C3/CES1/MIR342,31
BP,GO:0030038,contractile actin filament bundle assembly,30/2867,116/18860,0.258620689655172,1.70128573662245,3.20775411551549,0.0019529993991372,0.0138210516267233,0.0097285001623588,MYOC/FERMT2/RAPGEF3/SORBS1/NRP1/MYL9/RGCC/CORO2B/SFRP1/MET/TACR1/ITGB1BP1/TGFB3/RHPN2/INPP5K/ROCK2/FHDC1/OAZ3/TMEFF2/EPHA1/FAM171A1/RHPN1/DLC1/ZEB2/S1PR1/PTGER4/SYNPO/TACSTD2/EVL/ARHGEF15,30
BP,GO:0043149,stress fiber assembly,30/2867,116/18860,0.258620689655172,1.70128573662245,3.20775411551549,0.0019529993991372,0.0138210516267233,0.0097285001623588,MYOC/FERMT2/RAPGEF3/SORBS1/NRP1/MYL9/RGCC/CORO2B/SFRP1/MET/TACR1/ITGB1BP1/TGFB3/RHPN2/INPP5K/ROCK2/FHDC1/OAZ3/TMEFF2/EPHA1/FAM171A1/RHPN1/DLC1/ZEB2/S1PR1/PTGER4/SYNPO/TACSTD2/EVL/ARHGEF15,30
BP,GO:0003179,heart valve morphogenesis,19/2867,63/18860,0.301587301587302,1.98393320820946,3.3120724681718,0.0019582806745253,0.0138334700014651,0.0097372413322751,TIE1/TBX5/GATA3/TWIST1/SOX4/SOX9/BMP2/DLL4/ROCK2/SMAD6/CDH11/NOTCH1/ADAMTS5/TGFBR2/ADAMTS9/TBX20/HEY1/NPPA/SLIT3,19
BP,GO:0060411,cardiac septum morphogenesis,22/2867,77/18860,0.285714285714286,1.87951567093527,3.27427139070185,0.0019593054237969,0.0138334700014651,0.0097372413322751,TGFBR3/LRP2/WNT11/TBX5/NRP1/ENG/BMP5/PROX1/MSX2/SOX4/APLNR/SMAD6/NOTCH1/DHRS3/TGFBR2/TBX20/HEY1/ZFPM2/SOX11/FZD2/SLIT3/PARVA,22
BP,GO:0060041,retina development in camera-type eye,43/2867,183/18860,0.234972677595628,1.54572190423912,3.14088170203222,0.0019765519391487,0.0139228959885114,0.0098001873911565,SOX8/USH1C/ATP2B4/NRP1/SLC17A7/TSPAN12/SLC1A1/DLX2/PROX1/OPN4/NDP/SOX9/RHOJ/DLL4/RAB11FIP4/SERPINF1/PDE6B/PDGFRA/TFAP2A/RBP4/BMPR1B/ACVRL1/ARSG/CNGA3/SDK1/NFIB/NTRK2/NOTCH1/THRB/CLDN19/CLDN3/VSTM4/FOS/PTPRM/FZD4/IRX5/NECTIN3/FJX1/COL4A1/SAMD11/RD3/ARHGEF15/RORB,43
BP,GO:0014032,neural crest cell development,23/2867,82/18860,0.280487804878049,1.84513428671085,3.2472534593077,0.0020453786618976,0.0143744010239029,0.0101179972748574,SOX8/SEMA3G/FOXC1/SEMA3A/EDN1/EFNB1/NRP1/SOX10/FOLR1/FN1/TWIST1/SOX9/OVOL2/ALDH1A2/EDNRB/SEMA3D/RADIL/RET/ZEB2/CDH2/ERBB4/SEMA4B/CYP26C1,23
BP,GO:0071277,cellular response to calcium ion,23/2867,82/18860,0.280487804878049,1.84513428671085,3.2472534593077,0.0020453786618976,0.0143744010239029,0.0101179972748574,DPEP1/SYT1/ABCC9/EDN1/WNT5A/ECT2/PKD2/FOSB/ITPKA/CPNE8/CPNE2/CRHBP/MICU3/KCNB1/INHBB/NLGN1/FOS/JUN/CPNE7/NRXN1/AKR1C3/ASPH/RYR3,23
BP,GO:0007266,Rho protein signal transduction,36/2867,147/18860,0.244897959183673,1.61101343223023,3.14880614547212,0.0020937934624667,0.0146807041041929,0.0103336009529864,MYOC/NGFR/LPAR2/FERMT2/CELSR1/NRP1/RASIP1/MET/KANK1/BCL6/TEK/CCR7/RHOJ/STARD8/DOCK6/EPS8L1/ROCK2/ARHGAP20/CDH13/ERBB2/AGTR1/DOCK11/CDC42EP2/ADRA2A/EPS8/RACGAP1/COL1A2/DLC1/ABCA1/COL3A1/PLEKHG5/F2R/CCDC125/PLEKHG7/KANK2/ARHGDIG,36
BP,GO:0000302,response to reactive oxygen species,47/2867,205/18860,0.229268292682927,1.50819672131148,3.09755745601292,0.0021498445768746,0.0150563423765217,0.0105980089801059,PDK2/FYN/PTPRN/ABCC9/EDN1/ADCYAP1R1/GSTP1/MET/EZH2/AMBP/COL1A1/SOD3/CRYAB/ECT2/HYAL1/TACR1/MYB/PKD2/DUSP1/CAT/KLF2/KCNA5/PDGFRA/CD36/IL6/KLF4/TRPC6/FBLN5/CBX8/LCN2/MMP3/MAPK13/PINK1/CYGB/DDR2/CA3/CDK1/FOS/NPPA/HBA2/APOD/SIRPA/MB/HBA1/AQP1/HBB/HP,47
BP,GO:0042593,glucose homeostasis,61/2867,281/18860,0.217081850533808,1.42803058983872,3.06072991535038,0.0021651281199994,0.0151459307727007,0.0106610693571533,CFTR/PDK4/PDK2/ABCC8/MLXIPL/IGF1/PTPRN/NGFR/ADGRF5/OPRK1/CMA1/TREM2/XBP1/PYGL/CCN4/COL1A1/PPARGC1A/GPLD1/SLC29A1/PDE8B/POMC/LEPR/CNR1/GPR68/CRY2/OBP2A/PCK1/SOX4/NR1D1/FOXA1/PPARG/INPP5K/SERPINF1/HNF1A/IL6/RBP4/FBN2/ABCA12/ADRA2A/FOXO1/KCNB1/HK2/FGFR4/KLF15/FABP5/GPER1/GPR27/LEP/RMI1/BHLHA15/ADIPOQ/SLC2A4/CAV3/CSMD1/EFNA5/PRKN/PTCH1/IRS2/SUCNR1/PPP1R3G/CEBPA,61
BP,GO:0035809,regulation of urine volume,9/2867,21/18860,0.428571428571429,2.81927350640291,3.53172538913517,0.0022061891816917,0.0152862363107772,0.0107598290236984,SLC4A1/EDN1/NPR3/AVPR2/INPP5K/EDNRB/ADM/UMOD/NPR1,9
BP,GO:0045217,cell-cell junction maintenance,9/2867,21/18860,0.428571428571429,2.81927350640291,3.53172538913517,0.0022061891816917,0.0152862363107772,0.0107598290236984,FERMT2/CAMSAP3/PKP1/VDR/KIFC3/INAVA/CLDN3/F2R/KIRREL1,9
BP,GO:0045618,positive regulation of keratinocyte differentiation,9/2867,21/18860,0.428571428571429,2.81927350640291,3.53172538913517,0.0022061891816917,0.0152862363107772,0.0107598290236984,FOXC1/PKP1/CYP27B1/VDR/OVOL2/PLAAT4/NOTCH1/IL20/ETV4,9
BP,GO:0051447,negative regulation of meiotic cell cycle,9/2867,21/18860,0.428571428571429,2.81927350640291,3.53172538913517,0.0022061891816917,0.0152862363107772,0.0107598290236984,RPS6KA2/TRIP13/TTK/DUSP1/ZWINT/PKMYT1/KNL1/FBXO43/NPR2,9
BP,GO:0060973,cell migration involved in heart development,9/2867,21/18860,0.428571428571429,2.81927350640291,3.53172538913517,0.0022061891816917,0.0152862363107772,0.0107598290236984,EDN1/TBX5/NDRG4/ENG/FOLR1/POPDC1/TWIST1/NOTCH1/MESP1,9
BP,GO:0086065,cell communication involved in cardiac conduction,18/2867,59/18860,0.305084745762712,2.00694046218512,3.27980128592121,0.0022075797516581,0.0152862363107772,0.0107598290236984,ATP1A2/TBX5/DSP/ATP1A3/CAV1/TBX18/CASQ2/ATP1B2/KCNA5/HRC/ATP1B1/ANK2/CACNA2D1/CXADR/CACNA1D/KCNJ3/SCN4B/IRX3,18
BP,GO:0006910,"phagocytosis, recognition",13/2867,37/18860,0.351351351351351,2.31129629804203,3.38037969350794,0.0022121877080381,0.0152862363107772,0.0107598290236984,TREM2/GZMK/COLEC11/MASP1/LBP/CD36/FCN3/FCGR1A/CLEC7A/COLEC10/PEAR1/C4B/C4A,13
BP,GO:0031295,T cell costimulation,16/2867,50/18860,0.32,2.10505755144751,3.31271221574342,0.0022128455261529,0.0152862363107772,0.0107598290236984,FYN/EFNB1/LGALS1/CAV1/CD5/CD81/HHLA2/TNFSF4/CD80/EFNB2/CCR7/CCL21/TNFRSF13C/ICOS/PDCD1LG2/CARD11,16
BP,GO:0045933,positive regulation of muscle contraction,16/2867,50/18860,0.32,2.10505755144751,3.31271221574342,0.0022128455261529,0.0152862363107772,0.0107598290236984,EDN1/CACNA1S/CACNG1/TACR1/ADRA1A/EDN2/ACE2/SPX/MYOCD/KIT/GPER1/NPNT/NPPA/F2R/ABAT/NPY2R,16
BP,GO:0072577,endothelial cell apoptotic process,21/2867,73/18860,0.287671232876712,1.89238906594168,3.23441066911027,0.0022378835579836,0.015424143026057,0.010856900182842,NGFR/XBP1/RGCC/SERPINE1/GATA3/F3/TEK/ID1/KDR/RAMP2/ANGPT1/GPER1/ANGPTL4/SCG2/NDNF/CD248/ANO6/CDH5/AKR1C3/MIR126/ECSCR,21
BP,GO:0007229,integrin-mediated signaling pathway,30/2867,117/18860,0.256410256410256,1.68674483289063,3.15483744483242,0.0022517365618956,0.0155020459340473,0.0109117352614959,FUT8/LIMS2/FERMT2/ITGA6/NRP1/FERMT1/TIMP1/SERPINE1/NEDD9/ITGB6/FN1/NID1/ITGB1BP1/PLAU/VAV3/ITGA7/LAMC1/TLN1/DIAPH3/ITGAX/ITGA9/DST/ADAMTS1/PLPP3/COL3A1/ISG15/FYB2/LAMA2/SLC2A10/ITGA1,30
BP,GO:0032231,regulation of actin filament bundle assembly,29/2867,112/18860,0.258928571428571,1.70331107678509,3.16072858696036,0.0022556235042869,0.015511239007421,0.0109182061740013,CX3CL1/MYOC/FERMT2/RAPGEF3/NRP1/RGCC/CORO2B/SFRP1/MET/TACR1/ITGB1BP1/TGFB3/RHPN2/INPP5K/ROCK2/OAZ3/TMEFF2/EPHA1/RHPN1/DLC1/S1PR1/PTGER4/SYNPO/SYNPO2/TACSTD2/PRKN/EVL/ARHGEF15/SHANK3,29
BP,GO:0141193,nuclear receptor-mediated signaling pathway,48/2867,211/18860,0.227488151658768,1.49648641098164,3.07064088004973,0.0022979847155804,0.0157668725575775,0.0110981440760777,CYP26B1/FKBP4/IGF1/LMO3/PGR/ESR1/CYP26A1/RHOXF1/SFRP1/EZH2/CYP27B1/VDR/NR3C1/TCF21/ESRRB/CRY2/TWIST1/PTGIS/BMP2/THRA/NR1D1/KLF2/ALDH1A2/FOXA1/PPARG/PIM1/ESR2/RXRG/HMGA2/THRB/NR3C2/DAB2/FOXH1/DHRS3/FABP5/GPER1/PDE3A/LEP/ZNF366/PER1/SRARP/PRAME/PPARA/CYP26C1/AKR1C3/KANK2/ZNF536/PLIN5,48
BP,GO:0097553,calcium ion transmembrane import into cytosol,45/2867,195/18860,0.230769230769231,1.51807034960157,3.07893311011429,0.0023035876458164,0.0157874963911143,0.0111126609864641,CX3CL1/FYN/ATP1A2/ATP2B4/ADCYAP1R1/CACNA1S/P2RX5/CACNA1F/CEMIP/JPH1/CAV1/CASQ2/PKD2/CCR7/NALF2/HRC/APLNR/CCL21/PLCE1/FGF2/CXCL9/SNCA/ANK2/CACNA2D1/PLCL2/SLC24A2/CLIC2/MS4A1/CACNA1D/CCR5/GPER1/CXCL10/CXCL11/PRNP/GRIN1/AKAP5/F2R/DRD1/CXCR3/CACNA1E/ASPH/PLN/RYR3/DMD/GRIN2B,45
BP,GO:0003081,regulation of systemic arterial blood pressure by renin-angiotensin,12/2867,33/18860,0.363636363636364,2.39211085391762,3.38881949099292,0.0023233241684829,0.0158335063006811,0.0111450469021513,RPS6KA2/CMA1/PCSK5/TACR1/ACE2/EDNRB/ENPEP/AGTR1/ANPEP/F2R/MME/SUCNR1,12
BP,GO:0010644,cell communication by electrical coupling,12/2867,33/18860,0.363636363636364,2.39211085391762,3.38881949099292,0.0023233241684829,0.0158335063006811,0.0111450469021513,ATP1A2/TBX5/ATP1A3/CAV1/CASQ2/ATP1B2/HRC/ATP1B1/ANK3/GJB2/IRX3/ASPH,12
BP,GO:0046457,prostanoid biosynthetic process,12/2867,33/18860,0.363636363636364,2.39211085391762,3.38881949099292,0.0023233241684829,0.0158335063006811,0.0111450469021513,PTGS2/EDN1/PLA2G3/PLA2G4A/PTGIS/EDN2/FABP5/CTHRC1/AVPR1A/PLA2G4F/AKR1C3/MIF,12
BP,GO:0071295,cellular response to vitamin,12/2867,33/18860,0.363636363636364,2.39211085391762,3.38881949099292,0.0023233241684829,0.0158335063006811,0.0111450469021513,TNC/SFRP1/COL1A1/FOLR1/CYP27B1/VDR/POSTN/PIM1/FOLR2/LEP/PENK/KANK2,12
BP,GO:1905476,negative regulation of protein localization to membrane,12/2867,33/18860,0.363636363636364,2.39211085391762,3.38881949099292,0.0023233241684829,0.0158335063006811,0.0111450469021513,RHOQ/LYPLA1/WNK4/TMBIM1/LYPD1/DAB2/PID1/PKDCC/MRAP/LRRC15/SFN/FZD9,12
BP,GO:0007159,leukocyte cell-cell adhesion,89/2867,439/18860,0.202733485193622,1.33364266855658,2.99478364756842,0.0023277467641498,0.015845881947667,0.0111537579964271,FYN/IGF1/PRKCZ/SIRPG/CD209/EFNB1/EZR/LGALS1/XBP1/PYCARD/IL4I1/CAV1/GATA3/CXCL12/VSIR/ZBTB16/CRTAM/CD5/MDK/CD81/IL23A/BCL6/HHLA2/NR5A2/TNFSF4/GPAM/TNFSF11/CD80/PCK1/SOX4/EFNB2/CCR7/STAT5A/FOXJ1/ASS1/VTCN1/ANXA1/DTX1/NT5E/IL6/KLF4/CCL21/LEF1/CD27/SKAP1/ERBB2/ILDR2/TNIP1/TNFRSF21/IL18/ADAM8/CCL28/JAM2/VSIG4/RUNX1/TNFRSF13C/TGFBR2/CTLA4/ICOS/IGF2/RHOH/UMOD/YWHAG/LRG1/PRNP/RASGRP1/OLR1/STAT5B/SELP/LEP/CHST2/SOX12/FUT7/TIGIT/CLEC4G/ASCL2/BTLA/PPARA/PLA2G2A/PDCD1/PDCD1LG2/SIRPA/CARD11/CR1/BTNL2/HLA-E/HLA-DQB2/HLA-DQA1/HLA-DQA2,89
BP,GO:0003170,heart valve development,22/2867,78/18860,0.282051282051282,1.85541931617969,3.20526280717441,0.0023441061436855,0.0158549910601803,0.0111601698097217,TNFRSF1B/TIE1/TBX5/GATA3/TWIST1/SOX4/SOX9/BMP2/DLL4/ROCK2/APLNR/SMAD6/CDH11/NOTCH1/ADAMTS5/TGFBR2/ADAMTS9/TBX20/HEY1/NPPA/SLIT3/PDE2A,22
BP,GO:0009880,embryonic pattern specification,22/2867,78/18860,0.282051282051282,1.85541931617969,3.20526280717441,0.0023441061436855,0.0158549910601803,0.0111601698097217,MEOX1/EFNB1/NRP1/CHRDL1/MEOX2/ZBTB16/WNT5A/SATB2/STIL/MEIS2/SMAD6/PCSK6/DOP1B/SIM2/TDRD5/FZD5/MESP1/ERBB4/TDRD6/RIPPLY3/WT1/PTCH1,22
BP,GO:2000242,negative regulation of reproductive process,22/2867,78/18860,0.282051282051282,1.85541931617969,3.20526280717441,0.0023441061436855,0.0158549910601803,0.0111601698097217,IGF1/YBX3/RPS6KA2/TRIP13/TIMP1/TTK/WNT5A/DUSP1/PAEP/ZWINT/ACVR1C/PKMYT1/SERPINF1/SULF1/KNL1/FBXO43/KIT/NPR2/ZFPM2/PTGDR2/WT1/SYCP2,22
BP,GO:0030308,negative regulation of cell growth,41/2867,174/18860,0.235632183908046,1.55006033781156,3.08627763145925,0.0023454814007976,0.0158549910601803,0.0111601698097217,SEMA3G/FHL1/CDH1/FSTL4/NRP1/SFRP1/PTPRS/WNT3/CRYAB/CYP27B1/BCL6/WNT5A/HYAL1/TNR/RGS4/SPP1/INHBA/CDKN2C/PSRC1/CCN3/ACVRL1/ESR2/SFRP2/DAB2/SCGB3A1/MSX1/TRIM46/PI16/SOX17/DCSTAMP/FBP1/NPR1/NPPA/RGMA/CAV3/SLIT3/WT1/PPARA/DCUN1D3/TRIM40/MEG3,41
BP,GO:0035336,long-chain fatty-acyl-CoA metabolic process,10/2867,25/18860,0.4,2.63132193930938,3.45569239417697,0.0023551664627969,0.0158549910601803,0.0111601698097217,DGAT2/ACSL4/ELOVL3/ACSL1/ELOVL7/HACD1/DGAT1/ACSL5/ELOVL2/HACD2,10
BP,GO:0040037,negative regulation of fibroblast growth factor receptor signaling pathway,10/2867,25/18860,0.4,2.63132193930938,3.45569239417697,0.0023551664627969,0.0158549910601803,0.0111601698097217,NGFR/GATA3/WNT5A/SPRY2/SULF1/FGF2/CREB3L1/SPRY1/SHISA2/SULF2,10
BP,GO:0060444,branching involved in mammary gland duct morphogenesis,10/2867,25/18860,0.4,2.63132193930938,3.45569239417697,0.0023551664627969,0.0158549910601803,0.0111601698097217,PGR/ESR1/VDR/WNT5A/MSX2/EPHA2/CCL11/CAV3/CSMD1/CSF1,10
BP,GO:0072243,metanephric nephron epithelium development,10/2867,25/18860,0.4,2.63132193930938,3.45569239417697,0.0023551664627969,0.0158549910601803,0.0111601698097217,SOX8/PKD2/SOX9/OSR1/UMOD/ADIPOQ/WNT7B/POU3F3/LGR4/AQP1,10
BP,GO:0033500,carbohydrate homeostasis,61/2867,282/18860,0.216312056737589,1.42296665157688,3.02997754627741,0.0023616759634727,0.01588122586499,0.0111786362267313,CFTR/PDK4/PDK2/ABCC8/MLXIPL/IGF1/PTPRN/NGFR/ADGRF5/OPRK1/CMA1/TREM2/XBP1/PYGL/CCN4/COL1A1/PPARGC1A/GPLD1/SLC29A1/PDE8B/POMC/LEPR/CNR1/GPR68/CRY2/OBP2A/PCK1/SOX4/NR1D1/FOXA1/PPARG/INPP5K/SERPINF1/HNF1A/IL6/RBP4/FBN2/ABCA12/ADRA2A/FOXO1/KCNB1/HK2/FGFR4/KLF15/FABP5/GPER1/GPR27/LEP/RMI1/BHLHA15/ADIPOQ/SLC2A4/CAV3/CSMD1/EFNA5/PRKN/PTCH1/IRS2/SUCNR1/PPP1R3G/CEBPA,61
BP,GO:0010642,negative regulation of platelet-derived growth factor receptor signaling pathway,7/2867,14/18860,0.5,3.28915242413673,3.62774994223896,0.0023799984140036,0.015919904304454,0.0112058615938573,NDRG4/NHERF1/LRP1/MYOCD/SNCA/ADIPOQ/APOD,7
BP,GO:0010745,negative regulation of macrophage derived foam cell differentiation,7/2867,14/18860,0.5,3.28915242413673,3.62774994223896,0.0023799984140036,0.015919904304454,0.0112058615938573,NR1H3/CETP/PPARG/ABCA5/ABCA1/ADIPOQ/PPARA,7
BP,GO:0046322,negative regulation of fatty acid oxidation,7/2867,14/18860,0.5,3.28915242413673,3.62774994223896,0.0023799984140036,0.015919904304454,0.0112058615938573,FMO1/DGAT2/ACACB/FMO2/ACADL/SOX9/PLIN5,7
BP,GO:0097107,postsynaptic density assembly,11/2867,29/18860,0.379310344827586,2.49521908037959,3.41173543180094,0.0023810827936163,0.015919904304454,0.0112058615938573,FGFR1/CBLN1/PTPRS/CSMD2/LRRC4B/NTRK3/LRRTM2/CASKIN1/NRXN1/RELN/SHANK3,11
BP,GO:0006006,glucose metabolic process,47/2867,206/18860,0.228155339805825,1.50087537800414,3.06045159721728,0.0023831407989888,0.015919904304454,0.0112058615938573,PDK4/PDK2/IGF1/DGAT2/ACACB/PGM1/C1QTNF3/SORBS1/ALDOC/PPARGC1A/GPLD1/NR3C1/KAT2B/LEPR/PCK1/GNMT/PDHA1/SDS/ALDOB/RBP4/FBN2/SORD/PMAIP1/RORC/FOXO1/PFKFB1/HK2/TFF3/FABP5/PGAM2/FBP1/PGM2L1/IGF2/GPD1/PFKFB3/ZNF692/PC/C1QTNF1/LEP/ADIPOQ/PRKN/IRS2/PPARA/KCNJ11/APOD/ZFP92/PPP1R3G,47
BP,GO:2000241,regulation of reproductive process,47/2867,206/18860,0.228155339805825,1.50087537800414,3.06045159721728,0.0023831407989888,0.015919904304454,0.0112058615938573,IGF1/YBX3/ASPM/RPS6KA2/TRIP13/AURKA/ESR1/TIMP1/SFRP1/RAD51AP1/CCR6/TTK/WNT5A/TACR1/DUSP1/MSX2/PAEP/INHBA/ZWINT/ACVR1C/TCP11/SOX9/PKMYT1/PKDREJ/SERPINF1/EDNRB/SULF1/KNL1/SPATA22/FBXO43/KIT/CDC25C/NPR2/INHBB/MSX1/DEFB1/BNC1/ZFPM2/PDE3A/UMODL1/MAPK15/CCDC87/PTGDR2/WT1/SYCP2/SYCE3/APELA,47
BP,GO:0000768,syncytium formation by plasma membrane fusion,19/2867,64/18860,0.296875,1.95293425183118,3.23316906069431,0.0023947932431257,0.0159451786691803,0.0112236519666874,CD9/EHD2/RAPGEF3/CACNA1S/TREM2/CCL8/CD81/GDF15/CAMK1/ADGRB3/CXCL9/ADAMTS5/SCGB3A1/DCSTAMP/CXCL10/CAV3/MYMK/ERVFRD-1/MYMX,19
BP,GO:0140253,cell-cell fusion,19/2867,64/18860,0.296875,1.95293425183118,3.23316906069431,0.0023947932431257,0.0159451786691803,0.0112236519666874,CD9/EHD2/RAPGEF3/CACNA1S/TREM2/CCL8/CD81/GDF15/CAMK1/ADGRB3/CXCL9/ADAMTS5/SCGB3A1/DCSTAMP/CXCL10/CAV3/MYMK/ERVFRD-1/MYMX,19
BP,GO:0045787,positive regulation of cell cycle,73/2867,349/18860,0.209169054441261,1.37597780493972,3.00170624799633,0.0024160377658327,0.0160690301734109,0.0113108298031905,IGF1/FGFR1/EDN1/CDC14B/AURKA/BIRC5/MAP3K20/CDC6/PTK6/FAM83D/RGCC/EZH2/SLC6A4/NCAPG/RAD51AP1/KAT2B/WNT5A/ECT2/PROX1/KIF14/CCND2/MSX2/NCAPH/STIL/STAT5A/DLGAP5/HSPA2/E2F8/FOXA1/KCNA5/RAB11FIP4/CCNB1/MEIS2/ROCK2/CDCA8/ANXA1/ESPL1/USP44/PIM1/NUSAP1/KIF23/KNL1/LEF1/BRCA2/PLK4/DTL/EGFR/ADAMTS1/SKA1/CDC25C/NPR2/CXCR5/RACGAP1/TAL1/DDR2/MSX1/POC1A/MAD2L1/TBX20/E2F7/IGF2/BUB1/CDK1/RRM2/STAT5B/UBE2C/CCNE2/ATAD5/AURKB/MAPK15/UBE2E2/PKP3/CDC14C,73
BP,GO:0044786,cell cycle DNA replication,15/2867,46/18860,0.326086956521739,2.14509940704569,3.29222678458694,0.0024434392676552,0.0162335161836899,0.0114266098625466,RAD51/MCM2/FGFR1/CDC45/GINS1/MCM4/BCL6/E2F8/BRCA2/E2F7/CDT1/TK1/CDK1/ATAD5/BLM,15
BP,GO:0001578,microtubule bundle formation,34/2867,138/18860,0.246376811594203,1.6207417742123,3.09872191815975,0.0024629709020426,0.0163275900910764,0.0114928275461209,ZMYND10/DNAH5/CAPN6/PLA2G3/SPEF1/SPAG1/ODAD1/NEURL1/KIF20A/DNAH7/BBOF1/DNAI1/DNAH8/FOXJ1/MAP1B/PSRC1/TTLL8/LRRC46/CFAP74/DNAAF1/LRGUK/TPPP3/RSPH1/PIERCE1/CFAP157/TRIM46/CFAP47/PLK1/DNAAF3/TPPP/CFAP65/DNAJB13/CFAP43/ODAD3,34
BP,GO:0007368,determination of left/right symmetry,34/2867,138/18860,0.246376811594203,1.6207417742123,3.09872191815975,0.0024629709020426,0.0163275900910764,0.0114928275461209,DNAH5/NDRG4/ENG/NKX3-2/FOLR1/WNT5A/PKD2/DNAI1/STIL/OVOL2/FOXJ1/MICAL2/APLNR/CFC1/CFC1B/PCSK6/DAAM2/NOTCH1/ENKUR/DNAAF1/PKD1L1/PIERCE1/FOXH1/TGFBR2/TBX20/SOX17/DPCD/MESP1/DNAAF3/CFAP53/CIROZ/ODAD3/SOX18/CFAP45,34
BP,GO:0031100,animal organ regeneration,17/2867,55/18860,0.309090909090909,2.03329422582998,3.24920330624987,0.0024807119632896,0.0164272854301067,0.011563002099269,F7/TGFBR3/GSTP1/AURKA/SLC7A5/EZH2/CXCL12/LPIN1/IL6/HSPG2/CCNA2/NOTCH1/CLDN1/CA3/PTCH1/SULF2/CEBPA,17
BP,GO:0048041,focal adhesion assembly,24/2867,88/18860,0.272727272727273,1.79408314043822,3.1612602231668,0.0024962498342309,0.0165121901439502,0.0116227656791123,MYOC/GPM6B/FERMT2/CAMSAP3/SORBS1/NRP1/CORO2B/SFRP1/ITGB1BP1/TEK/KDR/ROCK2/THSD1/TLN1/ACVRL1/CDH11/DMTN/DLC1/GREM1/FAM107A/PEAK1/EFNA5/APOD/STON1,24
BP,GO:0019319,hexose biosynthetic process,26/2867,98/18860,0.26530612244898,1.74526455158275,3.131786478403,0.0025790699387198,0.0170414849537801,0.0119953310078902,PDK2/DGAT2/PGM1/C1QTNF3/ALDOC/PPARGC1A/NR3C1/KAT2B/LEPR/PCK1/GNMT/SDS/ALDOB/RBP4/SORD/FOXO1/PFKFB1/PGAM2/FBP1/GPD1/PFKFB3/ZNF692/PC/LEP/ADIPOQ/PPARA,26
BP,GO:0050807,regulation of synapse organization,68/2867,322/18860,0.211180124223602,1.38920723503912,2.98253541945105,0.0026062651965255,0.0171973944030392,0.0121050741116275,MYCBP2/FYN/CYFIP2/CAMK2B/GPC4/CTTNBP2/PAK3/FGFR1/IGSF9/TREM2/SIX4/SYNDIG1/CBLN1/PTPRS/NEURL1/LIN7A/PRMT8/NEDD9/WNT5A/MARK1/PLPPR4/ADGRB2/NRN1/RAB17/LRRC4B/MAP1B/CAMK1/LRP4/ADGRB3/PLXNC1/ABHD17C/ITPKA/FGF7/NTRK3/CBLN2/SNCA/LRRTM2/TPBG/NLGN4X/VLDLR/NTRK2/SLC7A11/KCNK13/SPARCL1/FARP1/LRFN5/CASKIN1/NLGN1/FRMPD4/ZNF804A/CDH2/PRNP/LRRC15/LRRN3/CDK5R1/NECTIN3/NRXN1/GRID1/EFNA5/SLITRK6/FLRT2/SLITRK2/THBS2/RELN/ARHGEF15/ITSN1/SHANK3/GRIN2B,68
BP,GO:0032496,response to lipopolysaccharide,73/2867,350/18860,0.208571428571429,1.37204643978275,2.97465205702363,0.0026083233491696,0.0171973944030392,0.0121050741116275,ABCC8/CX3CL1/FMO1/CPS1/NR1H3/VIM/TNFRSF1B/TNIP3/EDN1/IL12RB2/OPRK1/GSTP1/IRAK3/TREM2/XBP1/MMP9/E2F1/SLC7A5/PYCARD/SERPINE1/CYP27B1/SASH1/WNT5A/PLSCR4/KMO/TNFSF4/KCNJ8/CD80/PTGFR/NR4A1/SLPI/EFNB2/CCR7/NR1D1/ZFP36/LBP/ASS1/AKAP12/CD36/EDNRB/IL6/TLR4/SMAD6/CXCL9/SNCA/TNIP1/LCN2/NOTCH1/MMP3/IL18/CCL28/BMP6/CXCL13/CCR5/ALPL/CLDN1/PPBP/ABCA1/GPX4/CXCL10/UMOD/FOS/SELP/F2R/PENK/PALM3/CNR2/S100A14/PDCD1LG2/ADH5/SIRPA/MIR342/MIF,73
BP,GO:1903037,regulation of leukocyte cell-cell adhesion,82/2867,401/18860,0.204488778054863,1.34518952009582,2.95824345029592,0.0026428232708045,0.0174059833837712,0.0122518978112796,FYN/IGF1/PRKCZ/SIRPG/CD209/EFNB1/LGALS1/XBP1/PYCARD/IL4I1/CAV1/GATA3/CXCL12/VSIR/ZBTB16/CRTAM/CD5/MDK/CD81/IL23A/BCL6/HHLA2/NR5A2/TNFSF4/GPAM/TNFSF11/CD80/PCK1/SOX4/EFNB2/CCR7/STAT5A/FOXJ1/ASS1/VTCN1/ANXA1/DTX1/IL6/KLF4/CCL21/LEF1/CD27/SKAP1/ERBB2/ILDR2/TNFRSF21/IL18/ADAM8/CCL28/VSIG4/RUNX1/TNFRSF13C/TGFBR2/CTLA4/ICOS/IGF2/RHOH/YWHAG/PRNP/RASGRP1/STAT5B/SELP/LEP/CHST2/SOX12/FUT7/TIGIT/CLEC4G/ASCL2/BTLA/PPARA/PLA2G2A/PDCD1/PDCD1LG2/SIRPA/CARD11/CR1/BTNL2/HLA-E/HLA-DQB2/HLA-DQA1/HLA-DQA2,82
BP,GO:0006575,modified amino acid metabolic process,44/2867,191/18860,0.230366492146597,1.51542101216771,3.03128299600029,0.0026490982435941,0.017428428812564,0.0122676969243682,IYD/DPEP1/CHDH/GSTO2/MTHFD2/GSTP1/PLA2G3/GSR/HPN/SLC1A1/GATA3/FOLR1/SLC1A2/AGXT2/ACADL/TPO/PCYOX1/NDP/GNMT/BBOX1/ASS1/CKMT2/DMGDH/BHMT2/GSTM5/IDH1/SLCO1C1/MBOAT2/ALDH1L1/SNCA/BHMT/SLC26A7/SLC7A11/ALDH4A1/CKB/SERINC2/TYMS/SHMT1/CPT1B/DIO1/CKMT1A/CKMT1B/HOGA1/GSTA1,44
BP,GO:0071398,cellular response to fatty acid,14/2867,42/18860,0.333333333333333,2.19276828275782,3.27643987956023,0.0026765019931544,0.0175892228724536,0.0123808782567292,PDK4/CPS1/DGAT2/EDN1/E2F1/ASS1/CCNB1/AKR1C2/PID1/CLDN1/LPL/CAV3/AKR1C1/AKR1C3,14
BP,GO:1903039,positive regulation of leukocyte cell-cell adhesion,62/2867,289/18860,0.214532871972318,1.41126263180953,2.98303765062407,0.0026793256094574,0.0175892228724536,0.0123808782567292,FYN/IGF1/PRKCZ/SIRPG/CD209/EFNB1/LGALS1/XBP1/PYCARD/IL4I1/CAV1/GATA3/VSIR/ZBTB16/CD5/MDK/CD81/IL23A/BCL6/HHLA2/NR5A2/TNFSF4/GPAM/TNFSF11/CD80/PCK1/SOX4/EFNB2/CCR7/STAT5A/VTCN1/ANXA1/IL6/CCL21/LEF1/CD27/SKAP1/IL18/ADAM8/RUNX1/TNFRSF13C/TGFBR2/ICOS/IGF2/RHOH/YWHAG/RASGRP1/STAT5B/SELP/LEP/CHST2/SOX12/FUT7/PDCD1LG2/SIRPA/CARD11/CR1/BTNL2/HLA-E/HLA-DQB2/HLA-DQA1/HLA-DQA2,62
BP,GO:0060828,regulation of canonical Wnt signaling pathway,60/2867,278/18860,0.215827338129496,1.41977802480722,2.98541065102983,0.0026901192319548,0.0176381960466508,0.0124153499847855,ADGRA2/ASPM/WNT11/BAMBI/SOX10/FERMT1/SFRP1/CAV1/KANK1/COL1A1/NHERF1/FOLR1/MDK/PTK7/TBX18/WNT5A/TMEM9/EGR1/RECK/SOX4/SOX9/BMP2/LRP4/FGF2/RBMS3/SFRP2/DAAM2/TPBG/RSPO3/EGFR/IGFBP1/GPC3/NOTCH1/LATS2/FOXO1/DAB2/EDA/SOX17/CTHRC1/MESP1/GREM1/GPRC5B/IGFBP6/TMEM88/ZEB2/CTNND2/CDH2/SOSTDC1/NPPA/SHISA3/TMEM64/SIAH2/NOTUM/PRKN/LYPD6/FZD9/SULF2/TLE1/LGR4/TMEM170B,60
BP,GO:0050870,positive regulation of T cell activation,58/2867,267/18860,0.217228464419476,1.42899506067363,2.98910654856732,0.0026925885723461,0.0176381960466508,0.0124153499847855,FYN/IGF1/PRKCZ/SIRPG/CD209/EFNB1/LGALS1/XBP1/PYCARD/IL4I1/CAV1/GATA3/VSIR/ZBTB16/CD5/MDK/CD81/IL23A/BCL6/HHLA2/NR5A2/TNFSF4/GPAM/TNFSF11/CD80/PCK1/SOX4/EFNB2/CCR7/STAT5A/VTCN1/ANXA1/IL6/CCL21/LEF1/CD27/IL18/ADAM8/RUNX1/TNFRSF13C/TGFBR2/ICOS/IGF2/RHOH/YWHAG/RASGRP1/STAT5B/LEP/SOX12/PDCD1LG2/SIRPA/CARD11/CR1/BTNL2/HLA-E/HLA-DQB2/HLA-DQA1/HLA-DQA2,58
BP,GO:0042311,vasodilation,18/2867,60/18860,0.3,1.97349145448204,3.19769510568839,0.0027130642639911,0.0177531944680326,0.0124962962247171,CPS1/ADRB1/ABCC9/IRAG1/KAT2B/KCNJ8/KLF2/EDNRB/ADRA2A/S100A1/ADORA1/GPER1/VSTM4/ADRB2/NPPA/DRD1/ADRB3/ITGA1,18
BP,GO:0031294,lymphocyte costimulation,16/2867,51/18860,0.313725490196078,2.06378191318383,3.22079471523224,0.0027766310078222,0.0181301180414088,0.0127616089624032,FYN/EFNB1/LGALS1/CAV1/CD5/CD81/HHLA2/TNFSF4/CD80/EFNB2/CCR7/CCL21/TNFRSF13C/ICOS/PDCD1LG2/CARD11,16
BP,GO:0050806,positive regulation of synaptic transmission,42/2867,181/18860,0.232044198895028,1.52645747860489,3.01324180386852,0.002833453124653,0.0182707723533548,0.0128606141273906,SLC4A8/CAMK2B/PRKCZ/SYT1/CACNG4/SLC1A3/ZDHHC2/CA2/SLC1A1/RASGRF2/TACR1/TNR/KMO/ADRA1A/SLC7A10/GFAP/STXBP1/SNCA/LRRTM2/NTRK2/GRIA1/SLC24A2/MICU3/PINK1/PDE9A/S100B/ADORA1/GPER1/FAM107A/NSG1/NLGN1/PRNP/GRIN1/AKAP5/NRXN1/DRD1/RELN/MME/LAMA2/MIR342/SHANK3/GRIN2B,42
BP,GO:0007494,midgut development,6/2867,11/18860,0.545454545454545,3.58816628087643,3.63540305889571,0.0028412242424055,0.0182707723533548,0.0128606141273906,CPS1/WNT5A/ALDH1A2/ASS1/EDNRB/RET,6
BP,GO:0033625,positive regulation of integrin activation,6/2867,11/18860,0.545454545454545,3.58816628087643,3.63540305889571,0.0028412242424055,0.0182707723533548,0.0128606141273906,FERMT2/FERMT1/RASIP1/SKAP1/CXCL13/P2RY12,6
BP,GO:0042487,regulation of odontogenesis of dentin-containing tooth,6/2867,11/18860,0.545454545454545,3.58816628087643,3.63540305889571,0.0028412242424055,0.0182707723533548,0.0128606141273906,DMRT3/NGFR/RUNX2/BMP2/APCDD1/CSF1,6
BP,GO:0044062,regulation of excretion,6/2867,11/18860,0.545454545454545,3.58816628087643,3.63540305889571,0.0028412242424055,0.0182707723533548,0.0128606141273906,EDN1/NHERF1/SPX/AGTR1/CORIN/NPR1,6
BP,GO:0060433,bronchus development,6/2867,11/18860,0.545454545454545,3.58816628087643,3.63540305889571,0.0028412242424055,0.0182707723533548,0.0128606141273906,HOXA5/AGR2/SPDEF/SOX9/TGFBR2/WNT7B,6
BP,GO:0060525,prostate glandular acinus development,6/2867,11/18860,0.545454545454545,3.58816628087643,3.63540305889571,0.0028412242424055,0.0182707723533548,0.0128606141273906,IGF1/ESR1/SFRP1/FOXA1/NOTCH1/HOXB13,6
BP,GO:1990839,response to endothelin,6/2867,11/18860,0.545454545454545,3.58816628087643,3.63540305889571,0.0028412242424055,0.0182707723533548,0.0128606141273906,KLF2/EDNRB/KLF4/KLF15/KLF11/IRS2,6
BP,GO:2001280,positive regulation of unsaturated fatty acid biosynthetic process,6/2867,11/18860,0.545454545454545,3.58816628087643,3.63540305889571,0.0028412242424055,0.0182707723533548,0.0128606141273906,PTGS2/EDN1/PLA2G3/EDN2/AVPR1A/ABCD2,6
BP,GO:0021987,cerebral cortex development,33/2867,134/18860,0.246268656716418,1.6200302984554,3.04965709679296,0.0028462611315392,0.0182707723533548,0.0128606141273906,FYN/ASPM/KIF26A/WDR62/SUN2/PTPRS/LHX6/MDK/SLC2A1/KIF14/FILIP1/FOXP2/EMX1/TUBB2A/TUBB2B/EGFR/TACC1/NTRK2/GRIA1/CCDC141/EOMES/COL3A1/P2RY12/FOS/EMX2/CDH2/CNTNAP2/CDK5R1/KCNA2/RELN/PAX5/FAT4/POU3F3,33
BP,GO:0051983,regulation of chromosome segregation,33/2867,134/18860,0.246268656716418,1.6200302984554,3.04965709679296,0.0028462611315392,0.0182707723533548,0.0128606141273906,TRIP13/BIRC5/MAP3K20/CDC6/NCAPG/TTK/KAT2B/CENPF/DUSP1/NCAPH/ZWINT/DLGAP5/CCNB1/CDCA8/ESPL1/USP44/KNL1/CENPE/KIF2C/NUF2/SPC25/SKA1/BUB1B/SPC24/MAD2L1/PLK1/BUB1/CDK1/UBE2C/RMI2/HASPIN/AURKB/MAPK15,33
BP,GO:0042246,tissue regeneration,23/2867,84/18860,0.273809523809524,1.80120251797964,3.11593664197275,0.0028734066214333,0.0184255684089591,0.0129695735244576,CD9/IGF1/P2RX5/EZH2/MDK/CD81/POSTN/CCNB1/ANXA1/CCN3/IGFBP1/NOTCH1/RUNX1/B4GALNT2/XIRP1/GJD4/ERBB4/MYMK/EYS/FZD9/APOD/SPAAR/MYMX,23
BP,GO:0050866,negative regulation of cell activation,52/2867,235/18860,0.221276595744681,1.45562490259668,2.9757843220103,0.0028990586915108,0.0185198236164839,0.0130359188233881,CX3CL1/CD9/NR1H3/HMGB3/ADGRF5/TYRO3/TREM2/LGALS1/SFRP1/IL4I1/VSIR/CRTAM/MDK/BCL6/FN1/TNFSF4/CD80/INHBA/NR1D1/STAT5A/FOXJ1/VTCN1/PDGFRA/ANXA1/DTX1/ADAMTS18/ERBB2/ILDR2/TNFRSF21/VSIG4/RUNX1/PGLYRP2/CYGB/CTLA4/GPER1/LRFN5/YWHAG/PRNP/C1QTNF1/TBC1D10C/SOX11/TIGIT/CLEC4G/ASCL2/BTLA/PLA2G2A/PDCD1/CNR2/PDCD1LG2/CR1/HLA-E/TNFRSF13B,52
BP,GO:0008207,C21-steroid hormone metabolic process,13/2867,38/18860,0.342105263157895,2.25047271125145,3.2669413703391,0.0029011476848078,0.0185198236164839,0.0130359188233881,DHRS2/BMP5/EGR1/BMP2/EDNRB/CYP11A1/ADM/AKR1C2/DAB2/BMP6/STAT5B/AKR1C1/AKR1C3,13
BP,GO:0042446,hormone biosynthetic process,19/2867,65/18860,0.292307692307692,1.92288910949532,3.15568207214438,0.0029100927014038,0.0185198236164839,0.0130359188233881,HSD17B6/HSD17B2/BMP5/PDE8B/NR3C1/TPO/NR5A2/EGR1/BMP2/HSD17B7/LHCGR/CYP11A1/ADM/DAB2/BMP6/CHST9/HSD17B11/DIO1/CYP21A2,19
BP,GO:2000630,positive regulation of miRNA metabolic process,19/2867,65/18860,0.292307692307692,1.92288910949532,3.15568207214438,0.0029100927014038,0.0185198236164839,0.0130359188233881,NGFR/GATA3/NR3C1/MYB/EGR1/BMP2/FOXA1/PPARG/IL6/KLF4/SMAD6/FGF2/MYOCD/EGFR/ATOH8/FOS/JUN/WT1/TEAD1,19
BP,GO:0050803,regulation of synapse structure or activity,69/2867,329/18860,0.209726443768997,1.37964448185674,2.94126273666422,0.0029124776077247,0.0185198236164839,0.0130359188233881,MYCBP2/FYN/CYFIP2/CAMK2B/GPC4/CTTNBP2/PAK3/FGFR1/IGSF9/TREM2/SIX4/SYNDIG1/CBLN1/SLC17A7/PTPRS/NEURL1/LIN7A/PRMT8/NEDD9/WNT5A/MARK1/PLPPR4/ADGRB2/NRN1/RAB17/LRRC4B/MAP1B/CAMK1/LRP4/ADGRB3/PLXNC1/ABHD17C/ITPKA/FGF7/NTRK3/CBLN2/SNCA/LRRTM2/TPBG/NLGN4X/VLDLR/NTRK2/SLC7A11/KCNK13/SPARCL1/FARP1/LRFN5/CASKIN1/NLGN1/FRMPD4/ZNF804A/CDH2/PRNP/LRRC15/LRRN3/CDK5R1/NECTIN3/NRXN1/GRID1/EFNA5/SLITRK6/FLRT2/SLITRK2/THBS2/RELN/ARHGEF15/ITSN1/SHANK3/GRIN2B,69
BP,GO:0046209,nitric oxide metabolic process,24/2867,89/18860,0.269662921348315,1.7739249029052,3.09854871126728,0.002934591436747,0.018640941843245,0.0131211727331869,IGF1/CPS1/ATP2B4/PTGS2/EDN1/ESR1/CYB5R3/CAV1/AGXT2/PKD2/CLU/PTGIS/KLF2/ASS1/ROCK2/CD36/KLF4/TLR4/CYGB/CLEC7A/MTARC1/PPARA/SIRPA/HBB,24
BP,GO:0002830,positive regulation of type 2 immune response,8/2867,18/18860,0.444444444444444,2.92369104367709,3.45713456218312,0.0029503551396042,0.0187019905043317,0.0131641442758259,PRKCZ/GATA3/CD81/TNFSF4/IL6/IL33/IL18/DENND1B,8
BP,GO:0060039,pericardium development,8/2867,18/18860,0.444444444444444,2.92369104367709,3.45713456218312,0.0029503551396042,0.0187019905043317,0.0131641442758259,TBX5/BMP5/WNT5A/BMP2/DLL4/NOTCH1/TBX20/WT1,8
BP,GO:0071900,regulation of protein serine/threonine kinase activity,30/2867,119/18860,0.252100840336134,1.65839618023701,3.05051111023819,0.0029680507309138,0.0187945629096099,0.0132293050670668,TENM1/FGFR1/CDC6/TRIB3/FLT1/PYCARD/CEMIP/RASIP1/EZH2/SASH1/FGF1/WNT5A/DUSP1/PKMYT1/CAMK1/PIM1/FGF2/ERBB2/HMGA2/LATS2/CDC25C/NEK10/MST1R/SYNPO2/RASGRP1/NPPA/CCNE2/CDK5R1/ADIPOQ/BLM,30
BP,GO:0140013,meiotic nuclear division,46/2867,203/18860,0.226600985221675,1.49065035970729,2.97582537615328,0.0030285425248807,0.0191178712448078,0.0134568785742364,CYP26B1/RAD51/ASPM/RPS6KA2/TRIP13/RAD54L/AURKA/RAD51AP1/TTK/WNT5A/MSX2/NCAPH/MND1/KIF18A/ZWINT/CKS2/HSPA2/SGO1/TOP2A/TESMIN/ESPL1/BRIP1/KNL1/BRDT/BRCA2/SPATA22/P3H4/NUF2/FANCD2/SKA1/EME1/FBXO43/NPR2/KASH5/HFM1/MSX1/PTTG1/PLK1/KCTD19/PDE3A/CCNE2/HSF5/RMI1/MAPK15/SYCP2/SYCE3,46
BP,GO:0033002,muscle cell proliferation,55/2867,252/18860,0.218253968253968,1.43574113752,2.94840536389969,0.0030658892531739,0.0193144475109582,0.0135952466441062,CX3CL1/IGF1/FOXC1/CALCRL/TGFBR3/FGFR1/EDN1/GSTP1/TBX5/XBP1/MMP9/RGCC/NDRG4/CCN4/CAV2/OGN/PPARGC1A/TACR1/MYB/TGFB3/BMP2/CNN1/ACE2/PPARG/CCNB1/IL6/KLF4/TLR4/CCN3/PIM1/RBP4/FGF2/CDH13/MYOCD/RGS5/NOTCH1/IL18/ANGPT1/ADAMTS1/RUNX1/DDR2/NPY5R/TBX20/GPER1/NDRG2/RBPMS2/NPR1/ZFPM2/CDK1/FOS/S1PR1/JUN/ERBB4/ADIPOQ/APOD,55
BP,GO:0071902,positive regulation of protein serine/threonine kinase activity,17/2867,56/18860,0.303571428571429,1.99698540036873,3.1634858701124,0.0030660374811769,0.0193144475109582,0.0135952466441062,TENM1/FGFR1/FLT1/CEMIP/EZH2/SASH1/FGF1/WNT5A/CAMK1/PIM1/FGF2/ERBB2/HMGA2/NEK10/MST1R/RASGRP1/ADIPOQ,17
BP,GO:0060972,left/right pattern formation,35/2867,145/18860,0.241379310344828,1.58786668751428,3.00868100616702,0.003091398229492,0.0193915198792869,0.0136494971141897,DNAH5/NDRG4/ENG/NKX3-2/FOLR1/WNT5A/PKD2/DNAI1/STIL/OVOL2/FOXJ1/MICAL2/APLNR/CFC1/CFC1B/PCSK6/DAAM2/NOTCH1/ENKUR/DNAAF1/PKD1L1/PIERCE1/FOXH1/TGFBR2/TBX20/SOX17/DPCD/MESP1/DNAAF3/CFAP53/CIMAP3/CIROZ/ODAD3/SOX18/CFAP45,35
BP,GO:0060071,"Wnt signaling pathway, planar cell polarity pathway",15/2867,47/18860,0.319148936170213,2.09945899412983,3.19526693797995,0.003092382029258,0.0193915198792869,0.0136494971141897,CELSR3/CELSR1/WNT11/SPEF1/SFRP1/WNT5A/ARHGEF19/CELSR2/RSPO3/GPC3/DAB2/PRICKLE2/CTHRC1/FZD2/WNT7B,15
BP,GO:0009954,proximal/distal pattern formation,12/2867,34/18860,0.352941176470588,2.32175465233181,3.26602486778852,0.003100601632286,0.0193915198792869,0.0136494971141897,CYP26B1/HOXA9/DLX2/HOXC11/ALDH1A2/LRP4/OSR1/GREM1/IRX1/IRX3/HOXC10/HOXA10,12
BP,GO:0032228,"regulation of synaptic transmission, GABAergic",12/2867,34/18860,0.352941176470588,2.32175465233181,3.26602486778852,0.003100601632286,0.0193915198792869,0.0136494971141897,CA2/SLC38A1/TACR1/ADRA1A/PHF24/STXBP1/PLCL2/ADORA1/NPY5R/NLGN1/NRXN1/CNR2,12
BP,GO:0034505,tooth mineralization,12/2867,34/18860,0.352941176470588,2.32175465233181,3.26602486778852,0.003100601632286,0.0193915198792869,0.0136494971141897,CFTR/ROGDI/FGFR1/ASPN/COL1A1/FAM20A/ITGB6/MSX2/TFAP2A/ALPL/HACD1/PPARA,12
BP,GO:0060914,heart formation,12/2867,34/18860,0.352941176470588,2.32175465233181,3.26602486778852,0.003100601632286,0.0193915198792869,0.0136494971141897,LRP2/WNT11/TBX5/EYA1/FOLR1/WNT5A/BMP2/PIM1/NOTCH1/FOXH1/SOX17/MESP1,12
BP,GO:0051258,protein polymerization,62/2867,291/18860,0.213058419243986,1.40156323227819,2.92290288412216,0.0031647643537486,0.0197724588966474,0.0139176362827805,FKBP4/BAIAP2L1/TENM1/CAPG/CYFIP2/SPTB/CAMSAP3/PAK3/TPX2/PYCARD/MET/CCL24/KANK1/SPTBN1/CASQ2/ARHGAP40/CCR7/MAP7D3/MAP1B/KANK4/WASF3/PSRC1/BIN1/TMOD1/CCL21/FHDC1/DIAPH3/SLAIN1/ANKRD53/SNCA/DAAM2/TTBK1/DIAPH2/GSN/ADD3/ESAM/CDC42EP2/EPS8/SKA1/PINK1/DMTN/TPPP3/LMOD1/MICALL2/GPX4/FAM107A/CDK1/TPPP/CCL11/UBE2C/CDK5R1/CDH5/CAV3/KIRREL1/INPP5J/PRKN/KRT5/KANK3/EVL/KANK2/OCLN/CYRIA,62
BP,GO:0002696,positive regulation of leukocyte activation,78/2867,381/18860,0.204724409448819,1.34673957523709,2.89490873065349,0.0032007367098921,0.0199766719296041,0.014061379796511,FYN/IGF1/PRKCZ/SIRPG/CD209/EFNB1/TREM2/LGALS1/XBP1/PYCARD/IL4I1/CAV1/GATA3/VSIR/ZBTB16/CD5/MDK/CD81/IL23A/PRLR/BCL6/WNT5A/HHLA2/TACR1/PLA2G4A/NR5A2/TNFSF4/GPAM/TNFSF11/CD80/PCK1/SOX4/EFNB2/CCR7/STAT5A/LBP/VAV3/VTCN1/IL15RA/ANXA1/IL6/TLR4/IL33/CCL21/LEF1/CD27/TSLP/TTBK1/SH3KBP1/IL18/ADAM8/RUNX1/TNFRSF13C/FCRL3/TGFBR2/ICOS/IGF2/RHOH/YWHAG/CLEC7A/RASGRP1/STAT5B/LEP/ATAD5/SOX12/IRS2/PDCD1LG2/SIRPA/CARD11/CR1/FCGR3A/BTNL2/HLA-E/HLA-DQB2/HLA-DQA1/HLA-DQA2/MIF/CEBPA,78
BP,GO:0030072,peptide hormone secretion,56/2867,258/18860,0.217054263565891,1.42784911435393,2.92973863623447,0.0032073716615456,0.019997551108242,0.014076076441763,CFTR/ABCC8/MLXIPL/NNAT/PTPRN/ACSL4/EDN1/RAPGEF3/TFR2/GPLD1/PDE8B/PASK/ECRG4/GPR68/CRHR1/TNFSF11/ACVR1C/SOX4/NR1D1/GNAI1/GNAZ/KCNA5/GRP/HNF1A/IL6/BLK/IL1RN/CCN3/RBP4/HADH/ILDR2/ABCA12/ILDR1/CRHBP/HMGA2/ADRA2A/FOXO1/KCNB1/INHBB/F2RL2/GPER1/GPR27/TRH/LEP/ABAT/BMP8A/ADRA2C/EFNA5/PRKN/IRS2/FFAR4/KCNJ11/FAM3D/ITSN1/AQP1/DOC2B,56
BP,GO:0001704,formation of primary germ layer,33/2867,135/18860,0.244444444444444,1.6080300740224,3.00185174653172,0.003228695294019,0.0200460480981906,0.014110212988484,LAMA3/FOXC1/COL11A1/FGFR1/WNT11/MMP9/EYA1/WNT3/COL12A1/WNT5A/TLX2/FN1/DUSP1/DUSP4/INHBA/COL4A2/ITGA7/KLF4/LEF1/EPHA2/SFRP2/HMGA2/ETS2/TAL1/EOMES/TBX20/SOX17/MESP1/ATOH8/SOX7/LAMB3/COL5A2/APELA,33
BP,GO:0006883,intracellular sodium ion homeostasis,9/2867,22/18860,0.409090909090909,2.69112471065732,3.3602979555374,0.0032349355460314,0.0200460480981906,0.014110212988484,ATP1A2/SLC1A3/ATP1A3/SCNN1A/ATP1B2/FXYD2/ATP1B1/TMPRSS3/UMOD,9
BP,GO:0042474,middle ear morphogenesis,9/2867,22/18860,0.409090909090909,2.69112471065732,3.3602979555374,0.0032349355460314,0.0200460480981906,0.014110212988484,FGFR1/EDN1/EYA1/HOXA2/NKX3-2/GSC/OSR1/MSX1/OSR2,9
BP,GO:0051900,regulation of mitochondrial depolarization,9/2867,22/18860,0.409090909090909,2.69112471065732,3.3602979555374,0.0032349355460314,0.0200460480981906,0.014110212988484,DCN/MYOC/IFI6/KDR/ALB/BOK/FZD9/HSH2D/MLLT11,9
BP,GO:0072234,metanephric nephron tubule development,9/2867,22/18860,0.409090909090909,2.69112471065732,3.3602979555374,0.0032349355460314,0.0200460480981906,0.014110212988484,SOX8/PKD2/SOX9/OSR1/UMOD/WNT7B/POU3F3/LGR4/AQP1,9
BP,GO:0140354,lipid import into cell,9/2867,22/18860,0.409090909090909,2.69112471065732,3.3602979555374,0.0032349355460314,0.0200460480981906,0.014110212988484,SLC27A6/SLC2A1/PLPPR4/SPX/CD36/RBP4/ACSL1/IRS2/ACSL5,9
BP,GO:0051491,positive regulation of filopodium assembly,11/2867,30/18860,0.366666666666667,2.4120451110336,3.2771192640827,0.0032497212988989,0.0200762761951287,0.0141314902439283,TENM1/MYO3B/NRP1/PALM/NEURL1/TGFB3/RHOQ/CCR7/CCL21/DOCK11/NLGN1,11
BP,GO:1903077,negative regulation of protein localization to plasma membrane,11/2867,30/18860,0.366666666666667,2.4120451110336,3.2771192640827,0.0032497212988989,0.0200762761951287,0.0141314902439283,RHOQ/LYPLA1/WNK4/TMBIM1/LYPD1/DAB2/PID1/PKDCC/MRAP/LRRC15/SFN,11
BP,GO:0048592,eye morphogenesis,41/2867,177/18860,0.231638418079096,1.52378812869611,2.9643343435317,0.0032616809000683,0.0201297037477312,0.0141690973644431,SOX8/USH1C/TSPAN12/SLC1A1/WNT5A/EFEMP1/MFAP2/PROX1/TWIST1/NDP/SOX4/SOX9/KDR/TFAP2A/RBP4/FGF2/FBN2/EPHA2/SDK1/SHROOM2/NTRK2/NOTCH1/THRB/FZD5/ADAMTS9/COL8A2/PTPRM/IRX5/SOX11/NECTIN3/SOX12/FJX1/TSKU/SAMD11/TMEM215/MFAP5/RORB/COL5A2/HMGN1/TENM3/AQP1,41
BP,GO:1905039,carboxylic acid transmembrane transport,37/2867,156/18860,0.237179487179487,1.56023897042383,2.97492879674351,0.0033026219474181,0.0203356936375985,0.0143140915900014,SLC38A5/ATP1A2/ACACB/SLC1A3/LRP2/SLC7A8/SLC25A1/SLC7A5/SLC17A7/SLC1A1/SLC1A2/SLC38A1/SLC1A4/RGS4/SLC2A1/SLC16A7/ACE2/SLC7A10/GFAP/CD36/SLC26A7/SLC7A11/ACSL1/SLC16A12/SFXN2/SLC1A7/SLC7A13/TTYH1/SLC23A1/LRRC8E/LRRC8C/ABCD2/SLC25A18/IRS2/SLC38A3/ACSL5/CPT1B,37
BP,GO:1904377,positive regulation of protein localization to cell periphery,22/2867,80/18860,0.275,1.8090338332752,3.07023834599271,0.003307306211523,0.0203356936375985,0.0143140915900014,ATP2B4/EPB41L2/PKP1/EZR/SORBS1/TREM2/ZDHHC2/AGR2/SPTBN1/PLS1/RAMP3/LRP1/GNAI1/CD36/EPHA2/STAC/SNCA/EGFR/GPER1/PRNP/AKAP5/NRXN1,22
BP,GO:0051315,attachment of mitotic spindle microtubules to kinetochore,10/2867,26/18860,0.384615384615385,2.53011724933594,3.30558485544824,0.0033117842903804,0.0203356936375985,0.0143140915900014,BIRC5/KAT2B/CDCA8/CENPE/KIF2C/NUF2/SKA1/CDT1/CDK1/AURKB,10
BP,GO:0051590,positive regulation of neurotransmitter transport,10/2867,26/18860,0.384615384615385,2.53011724933594,3.30558485544824,0.0033117842903804,0.0203356936375985,0.0143140915900014,SLC4A8/SYT1/KMO/STXBP1/SNCA/MICU3/GPER1/RAB3B/NLGN1/PRKN,10
BP,GO:0060074,synapse maturation,14/2867,43/18860,0.325581395348837,2.14177367153089,3.17356404919082,0.0034220809094483,0.0209917556493806,0.0147758870857797,CAMK2B/IGSF9/PALM/SEZ6L/CHRDL1/NEURL1/IGSF21/NRN1/ADGRB3/FGF7/SEZ6L2/NRXN1/RELN/ARHGEF15,14
BP,GO:0042116,macrophage activation,29/2867,115/18860,0.252173913043478,1.658876874782,3.00067300247468,0.003432790461173,0.0210145198433457,0.0147919105744886,CX3CL1/NR1H3/ADGRF5/TREM2/PLA2G3/FCER2/WNT5A/PLA2G4A/CLU/KCNJ8/NR4A1/CD93/NR1D1/WNK4/EDN2/LBP/IL6/TLR4/IL33/SNCA/TTBK1/VSIG4/LRFN5/HSPA12A/JUN/SUCNR1/FCGR3A/MIF/CEBPA,29
BP,GO:0050810,regulation of steroid biosynthetic process,24/2867,90/18860,0.266666666666667,1.75421462620626,3.03663278641677,0.0034361626458768,0.0210145198433457,0.0147919105744886,APOB/SEC14L2/BMP5/QKI/PDE8B/FGF1/NR3C1/NR5A2/PROX1/EGR1/PCK1/BMP2/NR1D1/GNAI1/LHCGR/ADM/DAB2/BMP6/FGFR4/GPR146/LEP/AKR1C3/CES1/MIR342,24
BP,GO:0098869,cellular oxidant detoxification,24/2867,90/18860,0.266666666666667,1.75421462620626,3.03663278641677,0.0034361626458768,0.0210145198433457,0.0147919105744886,MGST1/GSTO2/PTGS2/GSTP1/GSR/AMBP/SOD3/TPO/PRDX6/CAT/PRXL2A/CD36/FBLN5/CLIC2/CYGB/ALB/GPX4/HBA2/MB/HBA1/GPX3/GSTA1/HBB/HP,24
BP,GO:0030195,negative regulation of blood coagulation,16/2867,52/18860,0.307692307692308,2.02409379946876,3.13096568992236,0.003454263649023,0.0211024885572868,0.01485383087339,TFPI/CD9/FAP/EDN1/SERPINE1/PROC/PLAU/TSPAN8/F12/PDGFRA/ADAMTS18/SERPING1/ANGPT1/KLKB1/C1QTNF1/PROS1,16
BP,GO:0001676,long-chain fatty acid metabolic process,28/2867,110/18860,0.254545454545455,1.67447759774233,3.00380298230007,0.003461648941708,0.0211024885572868,0.01485383087339,ACSL4/PTGS2/MGLL/GSTP1/QKI/SLC27A6/EHHADH/ACADL/PLA2G4A/ACOT2/ELOVL3/PLP1/EPHX1/ACSL1/CYP2U1/ACOX1/ABHD6/CTHRC1/FAAH2/GPX4/CYP4F11/ABCD2/ACOT1/CYP4Z1/CYP4F12/ACSL5/ELOVL2/GSTA1,28
BP,GO:0006094,gluconeogenesis,25/2867,95/18860,0.263157894736842,1.7311328548088,3.02476769849136,0.0034679036138722,0.0211024885572868,0.01485383087339,PDK2/DGAT2/PGM1/C1QTNF3/ALDOC/PPARGC1A/NR3C1/KAT2B/LEPR/PCK1/GNMT/SDS/ALDOB/RBP4/FOXO1/PFKFB1/PGAM2/FBP1/GPD1/PFKFB3/ZNF692/PC/LEP/ADIPOQ/PPARA,25
BP,GO:0014033,neural crest cell differentiation,25/2867,95/18860,0.263157894736842,1.7311328548088,3.02476769849136,0.0034679036138722,0.0211024885572868,0.01485383087339,SOX8/SEMA3G/FOXC1/SEMA3A/EDN1/EFNB1/NRP1/SOX10/SFRP1/FOLR1/FN1/TWIST1/SOX9/OVOL2/ALDH1A2/GSC/EDNRB/SEMA3D/RADIL/RET/ZEB2/CDH2/ERBB4/SEMA4B/CYP26C1,25
BP,GO:0055017,cardiac muscle tissue growth,25/2867,95/18860,0.263157894736842,1.7311328548088,3.02476769849136,0.0034679036138722,0.0211024885572868,0.01485383087339,IGF1/FOXC1/TGFBR3/FGFR1/EDN1/TBX5/NDRG4/RGS4/ADRA1A/CCNB1/PIM1/RBP4/FGF2/NOTCH1/RUNX1/PI16/TBX20/ZFPM2/CDK1/S1PR1/NPPA/ERBB4/CAV3/PPARA/MIR23A,25
BP,GO:0051494,negative regulation of cytoskeleton organization,39/2867,167/18860,0.233532934131737,1.53625083283033,2.94710032531327,0.0034810892264322,0.0211201231242583,0.0148662436689051,FKBP4/MYOC/CAPG/SPTB/TPX2/SPEF1/MID1/CORO2B/MET/KANK1/KAT2B/SPTBN1/BBOF1/MAP1B/RHPN2/INPP5K/KANK4/TMOD1/DIAPH3/OAZ3/TMEFF2/SNCA/GSN/ADD3/EPS8/PLEKHH2/RHPN1/DMTN/LMOD1/DLC1/S1PR1/CDH5/CAV3/TACSTD2/INPP5J/PRKN/KANK3/KANK2/SHANK3,39
BP,GO:0046364,monosaccharide biosynthetic process,26/2867,100/18860,0.26,1.7103592605511,3.01557294013285,0.0034812244399583,0.0211201231242583,0.0148662436689051,PDK2/DGAT2/PGM1/C1QTNF3/ALDOC/PPARGC1A/NR3C1/KAT2B/LEPR/PCK1/GNMT/SDS/ALDOB/RBP4/SORD/FOXO1/PFKFB1/PGAM2/FBP1/GPD1/PFKFB3/ZNF692/PC/LEP/ADIPOQ/PPARA,26
BP,GO:0051899,membrane depolarization,26/2867,100/18860,0.26,1.7103592605511,3.01557294013285,0.0034812244399583,0.0211201231242583,0.0148662436689051,DCN/ATP1A2/FHL1/MYOC/EDN1/TBX5/HCN2/CAV1/SLC6A4/IFI6/KDR/ANK2/CHRNA6/ANK3/SCN3A/CACNA2D1/CACNA1D/ALB/SCN11A/BOK/SCN4B/CAV3/FZD9/HSH2D/MLLT11/ASIC3,26
BP,GO:0072593,reactive oxygen species metabolic process,52/2867,237/18860,0.219409282700422,1.44334114814439,2.90800802808748,0.0034855423303651,0.0211252361179358,0.0148698426540738,PDK4/FYN/ABCC9/MAOB/EDN1/GSTP1/SLC1A1/SOD3/CRYAB/FOXM1/TPO/PRDX6/CAT/IFI6/ACE2/CD36/TLR4/TFAP2A/IER3/FBLN5/PMAIP1/AGTR1/SNCA/LCN2/MMP3/FOXO1/PID1/PINK1/HK2/CBS/LOC102724560/ACOX1/CYGB/INAVA/TGFBR2/CA3/CLEC7A/ABCD2/LEP/GRIN1/PRKN/PPARA/AKR1C1/HBA2/AKR1C3/SIRPA/MB/HBA1/GPX3/PLIN5/HBB/HP,52
BP,GO:0043409,negative regulation of MAPK cascade,42/2867,183/18860,0.229508196721311,1.5097748832103,2.93398998719552,0.0035040021455033,0.0212159651817876,0.0149337059357004,IGF1/LMO3/DUSP13B/GSTP1/MECOM/IRAK3/EZR/TREM2/XBP1/TRIB3/CAV1/AMBP/NHERF1/FOXM1/ITGB1BP1/DUSP1/DUSP4/KLHL31/ACE2/PPARG/DSG3/SPRY2/KLF4/TLR4/MARVELD3/CBLC/TNIP1/FOXO1/DAB2/UCHL1/PINK1/SPRY1/GPER1/NDRG2/PBK/NPPA/TBC1D10C/PER1/ADIPOQ/CAV3/PRKN/SIRPA,42
BP,GO:0031334,positive regulation of protein-containing complex assembly,47/2867,210/18860,0.223809523809524,1.47228727556596,2.91396735649496,0.003549625545335,0.0214708195921308,0.0151130954090461,BAIAP2L1/TENM1/FERMT2/SH3GLB1/KCNK6/BIK/FERMT1/PYCARD/RASIP1/MET/CCL24/CLU/CCR7/MAP1B/PSRC1/CD36/BIN1/TLR4/CCL21/SLAIN1/SKAP1/ANKRD53/SNCA/TTBK1/CDC42EP2/MMP3/LATS2/SKA1/CXCL13/PINK1/TPPP3/TAL1/LMOD1/ABCA1/P2RY12/TPPP/CCL11/CLEC7A/CDK5R1/CDH5/CAV3/KIRREL1/TRABD2A/ISG15/EVL/MMP1/OCLN,47
BP,GO:0030168,platelet activation,34/2867,141/18860,0.24113475177305,1.58625790667587,2.95845627712731,0.0035709857834237,0.0215785512698139,0.0151889266606858,CD9/GP6/TYRO3/MYL9/COMP/SLC6A4/VWF/PLA2G4A/EMILIN2/VAV3/PDGFRA/IL6/DGKB/STXBP1/TLR4/TLN1/MMRN1/ADAMTS18/ADRA2A/SLC7A11/TREML1/F2RL2/SVEP1/COL3A1/P2RY12/SAA1/C1QTNF1/SELP/F2R/ADRA2C/RASA3/PEAR1/MFSD2B/HBB,34
BP,GO:0006836,neurotransmitter transport,48/2867,216/18860,0.222222222222222,1.46184552183855,2.89042878438863,0.0037526944295639,0.0226030796726441,0.015910081968,ABCC8/SYN1/ATP1A2/SYT13/GPM6B/SLC4A8/SYT1/SLC1A3/RIMS4/SLC6A2/SLC17A7/SLC1A1/SLC6A4/SLC1A2/LIN7A/SLC6A12/SLC38A1/SLC29A1/KMO/KCNJ8/GRM4/SYNGR3/GFAP/STX11/STXBP1/UNC13C/SLC6A3/SNCA/SLC22A3/DOC2A/MICU3/SYN2/BRSK1/SLC1A7/CADPS/SLC29A4/GPER1/RAB3B/NLGN1/SYT9/SNCG/MCTP1/STX19/NRXN1/DRD1/PRKN/SV2B/DOC2B,48
BP,GO:0006958,"complement activation, classical pathway",13/2867,39/18860,0.333333333333333,2.19276828275782,3.15700483063153,0.0037554055715365,0.0226030796726441,0.015910081968,C6/TREM2/C7/CR2/CLU/SUSD4/CR1/IGHG4/IGHG2/IGHG1/IGHG3/C4B/C4A,13
BP,GO:0032232,negative regulation of actin filament bundle assembly,13/2867,39/18860,0.333333333333333,2.19276828275782,3.15700483063153,0.0037554055715365,0.0226030796726441,0.015910081968,MYOC/CORO2B/MET/RHPN2/INPP5K/OAZ3/TMEFF2/RHPN1/DLC1/S1PR1/TACSTD2/PRKN/SHANK3,13
BP,GO:1902547,regulation of cellular response to vascular endothelial growth factor stimulus,13/2867,39/18860,0.333333333333333,2.19276828275782,3.15700483063153,0.0037554055715365,0.0226030796726441,0.015910081968,DCN/ADGRA2/ATP2B4/CADM4/PROX1/SPRY2/ANGPT1/ADAMTS3/JCAD/GREM1/TNXB/CCBE1/MIR342,13
BP,GO:0002686,negative regulation of leukocyte migration,17/2867,57/18860,0.298245614035088,1.96195056878331,3.07953269063426,0.0037612936307899,0.0226161265890923,0.0159192655621441,CXCL12/BMP5/DUSP1/HOXA7/TNFAIP6/GPR18/GDF15/C5AR2/CCN3/IL33/CCL21/CCL28/ADORA1/GREM1/PTGER4/APOD/MIF,17
BP,GO:0051966,"regulation of synaptic transmission, glutamatergic",21/2867,76/18860,0.276315789473684,1.81768949754924,3.02419216671593,0.0038062898795993,0.0228640673696489,0.0160937886005528,MAPK8IP2/ATP1A2/SYT1/CACNG4/TNR/KMO/PLPPR4/GRM4/STXBP1/ADORA1/GRIK3/NLGN1/GRIN1/GRM8/NRXN1/DRD1/NPY2R/PRKN/RELN/SHANK3/GRIN2B,21
BP,GO:0015695,organic cation transport,30/2867,121/18860,0.247933884297521,1.63098467312565,2.94812910188817,0.0038697946664706,0.0231518055159684,0.0162963246071309,SLC38A5/LLGL2/SLCO1A2/SLC7A8/SLC7A5/SLC6A2/SLC1A1/SLC1A2/SLC67A1/SLC6A12/SLC38A1/SLC1A4/RGS4/SEC14L1/ACE2/SLC7A10/SLC19A3/SLC44A5/SLC6A3/SNCA/SLC22A3/ADRA2A/SFXN2/KCNB1/FLVCR1/SLC29A4/SLC47A2/ADRA2C/SLC38A3/SLC44A4,30
BP,GO:1901976,regulation of cell cycle checkpoint,15/2867,48/18860,0.3125,2.05572026508546,3.10070321736896,0.0038765197622622,0.0231518055159684,0.0162963246071309,RAD51/BIRC5/MAP3K20/PROX1/DUSP1/ZWINT/CCNB1/CDCA8/USP44/KNL1/BARD1/BRCA2/SKA1/MAD2L1/AURKB,15
BP,GO:0001867,"complement activation, lectin pathway",7/2867,15/18860,0.466666666666667,3.06987559586095,3.39547088518799,0.0038808504393439,0.0231518055159684,0.0162963246071309,COLEC11/MASP1/FCN3/SERPING1/A2M/COLEC10/C4A,7
BP,GO:0002903,negative regulation of B cell apoptotic process,7/2867,15/18860,0.466666666666667,3.06987559586095,3.39547088518799,0.0038808504393439,0.0231518055159684,0.0162963246071309,BCL6/ORMDL3/AURKB/IRS2/PDCD1/HSH2D/MIF,7
BP,GO:0046321,positive regulation of fatty acid oxidation,7/2867,15/18860,0.466666666666667,3.06987559586095,3.39547088518799,0.0038808504393439,0.0231518055159684,0.0162963246071309,PPARGC1A/TWIST1/GDF15/ABCD2/IRS2/PPARA/PLIN5,7
BP,GO:0060347,heart trabecula formation,7/2867,15/18860,0.466666666666667,3.06987559586095,3.39547088518799,0.0038808504393439,0.0231518055159684,0.0162963246071309,TGFBR3/TEK/OVOL2/RBP4/ADAMTS1/HEY1/CAV3,7
BP,GO:0007200,phospholipase C-activating G protein-coupled receptor signaling pathway,35/2867,147/18860,0.238095238095238,1.56626305911273,2.91818887512793,0.0039186110323821,0.0233541533978929,0.0164387552596834,PTGER3/EDN1/OPRK1/ESR1/GPR143/NHERF1/WNT5A/TACR1/OPRD1/PKD2/GPR68/ADRA1A/GRPR/GRP/C5AR2/EDNRB/DGKB/LHCGR/PLCE1/AGTR1/ADRA2A/PTH1R/P2RY12/ADRA1B/GPR27/S1PR1/NMUR1/ADGRG2/P2RY2/NRXN1/CXCR2/F2R/GRID1/DRD1/FFAR4,35
BP,GO:0010639,negative regulation of organelle organization,75/2867,367/18860,0.204359673024523,1.3443402278488,2.82049489434261,0.0039689695518001,0.0236311125420111,0.0166337040342984,FKBP4/IGF1/MYOC/CAPG/SPTB/RPS6KA2/TRIP13/TPX2/BIRC5/SPEF1/MID1/CORO2B/MET/KANK1/TBC1D30/TTK/KAT2B/SPTBN1/CENPF/BBOF1/DUSP1/CLU/ZWINT/IFI6/MAP1B/RHPN2/PPARG/INPP5K/KANK4/CCNB1/CDCA8/ESPL1/USP44/TMOD1/IER3/KNL1/DIAPH3/TOM1L1/NUF2/OAZ3/TMEFF2/SNCA/GSN/ADD3/FEZ1/EPS8/SPC25/PLEKHH2/SKA1/FBXO43/BUB1B/RHPN1/PINK1/DMTN/SPC24/LMOD1/MAD2L1/DLC1/PLK1/ACAA2/BUB1/S1PR1/BOK/HASPIN/AURKB/CDH5/CAV3/TACSTD2/INPP5J/PRKN/KIF24/KANK3/FZD9/KANK2/SHANK3,75
BP,GO:0006721,terpenoid metabolic process,27/2867,106/18860,0.254716981132075,1.67560595191871,2.95330058786714,0.0040051443016083,0.0237825224919988,0.0167402799854504,CYP26B1/HSD17B6/RETSAT/DGAT2/ALDH3A2/LIPE/LRP2/CYP26A1/CYP3A5/RARRES2/PECR/LRP1/ALDH1A2/RDH5/RBP4/CRABP2/DHRS3/ALDH1A1/SDR16C5/LPL/PNPLA2/DGAT1/AKR1C1/CYP26C1/AKR1C3/ADH1B/ADH5,27
BP,GO:2001057,reactive nitrogen species metabolic process,24/2867,91/18860,0.263736263736264,1.73493754240179,2.97549188307284,0.0040078650435605,0.0237825224919988,0.0167402799854504,IGF1/CPS1/ATP2B4/PTGS2/EDN1/ESR1/CYB5R3/CAV1/AGXT2/PKD2/CLU/PTGIS/KLF2/ASS1/ROCK2/CD36/KLF4/TLR4/CYGB/CLEC7A/MTARC1/PPARA/SIRPA/HBB,24
BP,GO:0003229,ventricular cardiac muscle tissue development,18/2867,62/18860,0.290322580645161,1.90983043982133,3.03814636832566,0.0040154252244883,0.0237825224919988,0.0167402799854504,FOXC1/COL11A1/TGFBR3/LRP2/TBX5/DSP/ENG/PROX1/KCNJ8/DLL4/TNNI3/NOTCH1/MYL3/FOXH1/ADAMTS9/ZFPM2/IRX3/KCNJ11,18
BP,GO:0045599,negative regulation of fat cell differentiation,18/2867,62/18860,0.290322580645161,1.90983043982133,3.03814636832566,0.0040154252244883,0.0237825224919988,0.0167402799854504,FERMT2/RUNX1T1/MMP11/TRIB3/E2F1/CCN4/WNT5A/MSX2/BMP2/SLC7A10/LRP3/IL6/TLCD3B/FOXO1/GPER1/ZFPM2/ID4/ADIPOQ,18
BP,GO:0034446,substrate adhesion-dependent cell spreading,26/2867,101/18860,0.257425742574257,1.69342501044663,2.95844537632951,0.0040239058416604,0.0237825224919988,0.0167402799854504,MYOC/LIMS2/FERMT2/TYRO3/NRP1/OLFM4/KANK1/MDK/NEDD9/POPDC1/FN1/KIF14/ITGB1BP1/TEK/POSTN/LAMC1/EPHA1/DAB2/RADIL/DMTN/MICALL2/PEAK1/FZD4/TACSTD2/EFNA5/PARVA,26
BP,GO:0048640,negative regulation of developmental growth,26/2867,101/18860,0.257425742574257,1.69342501044663,2.95844537632951,0.0040239058416604,0.0237825224919988,0.0167402799854504,SEMA3G/CDH1/ADRB1/FSTL4/FGFR3/TBX5/TLL2/NRP1/PTPRS/WNT3/SLC6A4/WNT5A/TNR/RGS4/SPP1/SOCS2/GDF15/RBP4/TRIM46/PI16/ADRB2/RGMA/CAV3/PTCH1/PPARA/ADRB3,26
BP,GO:0032465,regulation of cytokinesis,25/2867,96/18860,0.260416666666667,1.71310022090455,2.96573049947423,0.004025697589121,0.0237825224919988,0.0167402799854504,KLHL13/CDC14B/AURKA/BIRC5/CDC6/SH3GLB1/KIF20A/ECT2/KIF14/E2F8/RAB11FIP4/CDCA8/KIF23/BRCA2/ANKRD53/CXCR5/RACGAP1/KLHL21/CHMP4C/E2F7/PLK1/DCDC1/AURKB/PRC1/CDC14C,25
BP,GO:0000038,very long-chain fatty acid metabolic process,12/2867,35/18860,0.342857142857143,2.25541880512233,3.1474828150203,0.0040753695174254,0.0240292641090488,0.016913958944647,SLC27A6/ACOT2/ELOVL3/ACSL1/ACOX1/ELOVL7/HACD1/ABCD2/ACOT1/CYP4F12/ELOVL2/HACD2,12
BP,GO:0048265,response to pain,12/2867,35/18860,0.342857142857143,2.25541880512233,3.1474828150203,0.0040753695174254,0.0240292641090488,0.016913958944647,SLC6A2/THBS4/TACR1/EDNRB/TMEM45B/SCN3A/GRIA1/RET/SCN11A/SCN9A/LPAR5/RELN,12
BP,GO:0006949,syncytium formation,19/2867,67/18860,0.283582089552239,1.86548943458501,3.00475677581541,0.0042201724377299,0.0248348772981225,0.0174810220200462,CD9/EHD2/RAPGEF3/CACNA1S/TREM2/CCL8/CD81/GDF15/CAMK1/ADGRB3/CXCL9/ADAMTS5/SCGB3A1/DCSTAMP/CXCL10/CAV3/MYMK/ERVFRD-1/MYMX,19
BP,GO:0051932,"synaptic transmission, GABAergic",19/2867,67/18860,0.283582089552239,1.86548943458501,3.00475677581541,0.0042201724377299,0.0248348772981225,0.0174810220200462,GABRP/GABRE/CA2/EZH2/SLC38A1/TACR1/ADRA1A/PHF24/STXBP1/TPBG/PLCL2/GABRG1/ADORA1/NPY5R/GABRB3/NLGN1/NRXN1/GABRD/CNR2,19
BP,GO:0034331,cell junction maintenance,16/2867,53/18860,0.30188679245283,1.98590335042218,3.04313152518049,0.0042622510076129,0.0250582435931132,0.0176382473235739,FERMT2/CAMSAP3/PKP1/CBLN1/VDR/CSMD2/ADGRB3/KIFC3/CBLN2/CLDN1/INAVA/CLDN3/F2R/KIRREL1/PLXNA4/CHCHD10,16
BP,GO:1902652,secondary alcohol metabolic process,39/2867,169/18860,0.230769230769231,1.51807034960157,2.86433644562091,0.004323448103989,0.0253934695885499,0.0178742095527234,CFTR/DGAT2/SCARF1/FGFR1/LIPE/APOB/CETP/SULT2B1/SEC14L2/CYB5R3/SQLE/CUBN/CYP27B1/QKI/FGF1/ACADL/LEPR/CAT/PCK1/GNAI1/HSD17B7/IDH1/CYP11A1/AGTR1/CYP39A1/VLDLR/TM7SF2/ABCA5/GPR146/ABCA1/ACAA2/PCSK9/LEP/TSKU/APOBR/CES1/MIR342/DISP3/CEBPA,39
BP,GO:0001516,prostaglandin biosynthetic process,11/2867,31/18860,0.354838709677419,2.33423720422607,3.14780973225779,0.0043550557240224,0.0254561382176275,0.0179183213746471,PTGS2/EDN1/PLA2G3/PLA2G4A/PTGIS/EDN2/FABP5/CTHRC1/AVPR1A/PLA2G4F/MIF,11
BP,GO:0001958,endochondral ossification,11/2867,31/18860,0.354838709677419,2.33423720422607,3.14780973225779,0.0043550557240224,0.0254561382176275,0.0179183213746471,FOXC1/FGFR3/COL1A1/RUNX2/MMP13/BMP6/NPR2/CBS/LOC102724560/ALPL/PHOSPHO1,11
BP,GO:0003171,atrioventricular valve development,11/2867,31/18860,0.354838709677419,2.33423720422607,3.14780973225779,0.0043550557240224,0.0254561382176275,0.0179183213746471,TBX5/TWIST1/SOX4/BMP2/APLNR/SMAD6/NOTCH1/TGFBR2/TBX20/HEY1/SLIT3,11
BP,GO:0014047,glutamate secretion,11/2867,31/18860,0.354838709677419,2.33423720422607,3.14780973225779,0.0043550557240224,0.0254561382176275,0.0179183213746471,ABCC8/KMO/KCNJ8/STXBP1/SNCA/NTRK2/ADORA1/NPY5R/AVPR1A/TRH/F2R,11
BP,GO:0036075,replacement ossification,11/2867,31/18860,0.354838709677419,2.33423720422607,3.14780973225779,0.0043550557240224,0.0254561382176275,0.0179183213746471,FOXC1/FGFR3/COL1A1/RUNX2/MMP13/BMP6/NPR2/CBS/LOC102724560/ALPL/PHOSPHO1,11
BP,GO:1901990,regulation of mitotic cell cycle phase transition,73/2867,357/18860,0.204481792717087,1.34514356841446,2.78753947778494,0.0043697424041825,0.0255174486791792,0.017961477196018,ANLN/FHL1/FOXN3/TRIP13/CDC14B/ORC1/AURKA/BIRC5/MAP3K20/CLSPN/CDC6/E2F1/RGCC/EZH2/TTK/CENPF/KIF14/PKD2/CCND2/DUSP1/INHBA/ZWINT/CDKN2C/STIL/DLGAP5/HSPA2/PKMYT1/CDKN1C/KCNA5/CCNB1/CDCA8/ANXA1/ESPL1/USP44/KLF4/IER3/KNL1/BARD1/CENPE/TICRR/NUF2/DTL/EGFR/CDKN2B/SPC25/ADAMTS1/SKA1/BUB1B/CDC25C/BRSK1/SPC24/DDR2/MAD2L1/CHMP4C/E2F7/PLK1/FAM107A/BUB1/CDK1/RRM2/KLF11/UBE2C/CCNE2/ATAD5/HASPIN/AURKB/UBE2E2/FOXO4/MUC1/DCUN1D3/KANK2/BLM/CDC14C,73
BP,GO:0031649,heat generation,8/2867,19/18860,0.421052631578947,2.76981256769409,3.26783641918855,0.0044237307224707,0.0257338364228707,0.0181137903670045,ADRB1/PTGER3/PTGS2/TNFSF11/EDNRB/ADRB2/ABAT/ADRB3,8
BP,GO:0035338,long-chain fatty-acyl-CoA biosynthetic process,8/2867,19/18860,0.421052631578947,2.76981256769409,3.26783641918855,0.0044237307224707,0.0257338364228707,0.0181137903670045,ACSL4/ELOVL3/ACSL1/ELOVL7/HACD1/ACSL5/ELOVL2/HACD2,8
BP,GO:0046068,cGMP metabolic process,8/2867,19/18860,0.421052631578947,2.76981256769409,3.26783641918855,0.0044237307224707,0.0257338364228707,0.0181137903670045,GUCY2F/NPR3/PDE5A/NPR2/PDE9A/NPR1/NPPA/PDE2A,8
BP,GO:0070663,regulation of leukocyte proliferation,60/2867,284/18860,0.211267605633803,1.38978271442397,2.80229500455941,0.0044285798662982,0.0257374158768903,0.0181163099089288,CD22/IGF1/TNFRSF1B/TNFRSF9/GSTP1/CD209/EFNB1/PYCARD/IL4I1/VSIR/CCL8/CRTAM/CD81/IL23A/PRLR/BCL6/HHLA2/TACR1/NR5A2/TNFSF4/GPAM/CD80/STAT5A/FOXJ1/VAV3/VTCN1/ANXA1/IL6/TLR4/IL33/ERBB2/TNFRSF21/IL18/VSIG4/KIT/TNFRSF13C/FCRL3/TGFBR2/CTLA4/GREM1/IGF2/PRNP/STAT5B/LEP/ATAD5/SOX11/CLEC4G/CSF1/IRS2/BTLA/PLA2G2A/PDCD1LG2/NMB/CARD11/CR1/FCGR3A/BTNL2/HLA-E/TNFRSF13B/MIF,60
BP,GO:0048593,camera-type eye morphogenesis,34/2867,143/18860,0.237762237762238,1.56407248140767,2.86677111268714,0.0045248943900928,0.0262720467978746,0.0184926312730383,SOX8/USH1C/TSPAN12/SLC1A1/WNT5A/PROX1/TWIST1/NDP/SOX4/SOX9/KDR/TFAP2A/RBP4/EPHA2/SDK1/SHROOM2/NTRK2/NOTCH1/THRB/FZD5/ADAMTS9/COL8A2/PTPRM/IRX5/SOX11/NECTIN3/SOX12/FJX1/TSKU/SAMD11/RORB/HMGN1/TENM3/AQP1,34
BP,GO:0062009,secondary palate development,10/2867,27/18860,0.37037037037037,2.43640920306424,3.16233966906908,0.0045529094108253,0.026409481210312,0.0185893699829298,TGFBR3/WNT11/WNT5A/ITGB6/TGFB3/LEF1/TGFBR2/GABRB3/SOX11/FZD2,10
BP,GO:0043085,positive regulation of catalytic activity,66/2867,318/18860,0.207547169811321,1.36530855341525,2.78165535817905,0.004557785451147,0.026412562209269,0.0185915386673152,PRSS22/TENM1/IGF1/FGFR3/TRAF4/RAP1GAP/FGFR1/RAPGEF3/CDC14B/TPX2/RGS1/ITGA6/ESR1/CLSPN/ACR/EEF1A2/FLT1/CEMIP/EZH2/VSIR/MMD/TBC1D30/NEDD9/SASH1/GPLD1/PRLR/FGF1/WNT5A/ECT2/KIF14/ITGB1BP1/CRHR1/BMP2/AVPR2/CHTF18/PLAAT4/CAMK1/PIM1/FGF2/CENPE/TOM1L1/CARD14/ERBB2/EPHA2/AZIN2/DOCK11/HMGA2/ANGPT1/CACNA1D/FGFR4/DDR2/NEK10/MST1R/PLK1/GPRC5B/RASGRP1/CIMAP3/LEP/UBE2C/DOK7/ADIPOQ/RGS6/RGS7/CCDC125/CR1/PLIN5,66
BP,GO:0031016,pancreas development,22/2867,82/18860,0.268292682926829,1.76491105685385,2.93901231376879,0.0045819776308433,0.0265274685884732,0.0186724201196775,IGF1/XBP1/MET/NKX3-2/BMP5/WNT5A/NR5A2/PROX1/SOX4/SOX9/ALDH1A2/MNX1/MEIS2/HNF1A/IL6/ILDR2/BMP6/DNAAF1/IGF2/CDH2/INSM1/BHLHA15,22
BP,GO:0001991,regulation of systemic arterial blood pressure by circulatory renin-angiotensin,9/2867,23/18860,0.391304347826087,2.57411928845483,3.19818732532288,0.0046062749051052,0.0265669308805833,0.0187001972328501,CMA1/PCSK5/ACE2/EDNRB/ENPEP/ANPEP/F2R/MME/SUCNR1,9
BP,GO:0051988,regulation of attachment of spindle microtubules to kinetochore,9/2867,23/18860,0.391304347826087,2.57411928845483,3.19818732532288,0.0046062749051052,0.0265669308805833,0.0187001972328501,BIRC5/KAT2B/ECT2/NEK2/CCNB1/CDCA8/RACGAP1/CDK1/AURKB,9
BP,GO:0090266,regulation of mitotic cell cycle spindle assembly checkpoint,9/2867,23/18860,0.391304347826087,2.57411928845483,3.19818732532288,0.0046062749051052,0.0265669308805833,0.0187001972328501,BIRC5/DUSP1/CCNB1/CDCA8/USP44/KNL1/SKA1/MAD2L1/AURKB,9
BP,GO:1903504,regulation of mitotic spindle checkpoint,9/2867,23/18860,0.391304347826087,2.57411928845483,3.19818732532288,0.0046062749051052,0.0265669308805833,0.0187001972328501,BIRC5/DUSP1/CCNB1/CDCA8/USP44/KNL1/SKA1/MAD2L1/AURKB,9
BP,GO:0005977,glycogen metabolic process,23/2867,87/18860,0.264367816091954,1.73909208632517,2.92549625520251,0.0046333472984222,0.0266977423953639,0.0187922741512462,IGF1/GYG2/PYGM/SORBS1/PYGL/GYS2/PCDH12/GBE1/POMC/PASK/LEPR/STBD1/GNMT/NR1D1/INPP5K/PPP1R1A/GABARAPL1/PHKG1/IGF2/UGP2/PHLDA2/IRS2/PPP1R3G,23
BP,GO:0035270,endocrine system development,33/2867,138/18860,0.239130434782609,1.57307289850017,2.86076050470302,0.0046488744837933,0.0267566672176332,0.0188337507449596,CDH1/PITX1/RAP1GAP/EDN1/WNT11/HOXA3/HOXA5/GATA3/MDK/BMP5/NR3C1/WNT5A/CRHR1/SOX4/SOX9/BMP2/THRA/HOXD3/ALDH1A2/CDKN1C/MNX1/PDGFRA/IL6/FGF2/SLC6A3/HMGA2/BMP6/INHBB/MSX1/CDH2/INSM1/BHLHA15/WT1,33
BP,GO:0002690,positive regulation of leukocyte chemotaxis,25/2867,97/18860,0.257731958762887,1.69543939388491,2.90738284837453,0.0046567780747254,0.0267566672176332,0.0188337507449596,DAPK2/F7/EDN1/SERPINE1/RARRES2/CXCL12/MDK/IL23A/NEDD9/CCR6/THBS4/WNT5A/CCR7/EDN2/LBP/IL6/CCL21/VEGFC/CXCL13/VEGFD/CXCL10/VEGFB/ANO6/CSF1/S100A14,25
BP,GO:0045666,positive regulation of neuron differentiation,25/2867,97/18860,0.257731958762887,1.69543939388491,2.90738284837453,0.0046567780747254,0.0267566672176332,0.0188337507449596,FGFR1/CXCL12/MMD/BCL6/ECT2/DLX2/PROX1/SOCS2/BMP2/GDF5/ZC4H2/HOXD3/FOXA1/MAP1B/TRPC6/FGF2/BMP6/GDPD5/S100B/GPRC5B/SOX11/IRX3/ADRA2C/NAP1L2/DMD,25
BP,GO:0071466,cellular response to xenobiotic stimulus,45/2867,202/18860,0.222772277227723,1.46546395134805,2.81603079909827,0.0046642932344625,0.0267745406726138,0.0188463316913577,CYP26B1/FMO1/GSTO2/ABCC9/EDN1/GSTP1/SLCO1A2/FMO2/CYP26A1/SOX10/E2F1/CYP3A5/ALDH3A1/ALDH2/GPLD1/SLC29A1/BCHE/AADAC/WNK4/AOC2/AOX1/CDH13/RORC/EPHX1/NR1I2/CRHBP/GLYAT/ACSL1/UCHL1/CYP2U1/UGT2B4/ABCA1/FBP1/PPP1R14A/NAT1/PRNP/GRIN1/ADIPOQ/CYP4F12/PDE2A/AKR1C1/UGT2B15/SULT1C4/GSTA1/CEBPA,45
BP,GO:0002573,myeloid leukocyte differentiation,55/2867,257/18860,0.214007782101167,1.40780843056436,2.78701609251239,0.0047284815454354,0.0271173955799077,0.0190876638353477,FSTL3/P2RX5/PIR/TESC/TF/TREM2/PLA2G3/DHRS2/MMP9/SFRP1/CCN4/GATA3/CD81/IL23A/NEDD9/QKI/NR3C1/ITGB6/GPR68/TNFSF11/PRXL2A/HOXA7/INHBA/TNFAIP6/NDP/BMP2/CCR7/STAT5A/PPARG/TLR4/IL33/LEF1/DIAPH3/EPHA2/GPC3/TMEM178A/BATF/KIT/RUNX1/TAL1/IL20/TGFBR2/DCSTAMP/EEIG1/FASN/FOS/OSCAR/JUN/TMEM64/ADIPOQ/CSF1/PDE2A/SIGLEC15/CEBPA/SPIB,55
BP,GO:0007520,myoblast fusion,15/2867,49/18860,0.306122448979592,2.01376679028779,3.00841930302174,0.0048157078813912,0.0275138047095654,0.0193666922614321,CD9/EHD2/CACNA1S/CCL8/CD81/GDF15/ADGRB3/CXCL9/ADAMTS5/SCGB3A1/CXCL10/CAV3/MYMK/ERVFRD-1/MYMX,15
BP,GO:0033628,regulation of cell adhesion mediated by integrin,15/2867,49/18860,0.306122448979592,2.01376679028779,3.00841930302174,0.0048157078813912,0.0275138047095654,0.0193666922614321,EPHA8/TESC/FERMT1/SERPINE1/ITGB1BP1/PLAU/CCL21/SKAP1/EPHA2/SFRP2/PDE3B/CXCL13/RET/P2RY12/MUC1,15
BP,GO:0060443,mammary gland morphogenesis,15/2867,49/18860,0.306122448979592,2.01376679028779,3.00841930302174,0.0048157078813912,0.0275138047095654,0.0193666922614321,PGR/ESR1/CAV1/VDR/NR3C1/WNT5A/MSX2/EPHA2/TGFBR2/SOSTDC1/CCL11/CAV3/CSMD1/CSF1/PTCH1,15
BP,GO:0060711,labyrinthine layer development,15/2867,49/18860,0.306122448979592,2.01376679028779,3.00841930302174,0.0048157078813912,0.0275138047095654,0.0193666922614321,LLGL2/GRHL2/BMP5/PCDH12/OVOL2/LEF1/RSPO3/ADM/ST14/FZD5/HEY1/SPINT1/SPINT2/SOCS3/WNT7B,15
BP,GO:0007080,mitotic metaphase chromosome alignment,18/2867,63/18860,0.285714285714286,1.87951567093527,2.96058677024575,0.0048382830444735,0.0276168287580795,0.0194392098599308,BIRC5/TTK/KAT2B/KIF14/KIF18A/CCNB1/PSRC1/CDCA8/CENPE/KIF2C/NUF2/ANKRD53/SKA1/CHMP4C/CDT1/CDK1/AURKB/KIFC1,18
BP,GO:1901988,negative regulation of cell cycle phase transition,58/2867,274/18860,0.211678832116788,1.39248788759073,2.7708740271896,0.0048591520310926,0.0277099298283415,0.0195047427731722,FHL1/RAD51/FOXN3/TRIP13/CAMSAP3/CDC14B/ORC1/BIRC5/MAP3K20/CLSPN/CDC45/CDC6/E2F1/RGCC/EZH2/TTK/PROX1/CENPF/PKD2/DUSP1/INHBA/ZWINT/PKMYT1/CCNB1/CDCA8/USP44/BRIP1/KLF4/IER3/KNL1/BARD1/BRCA2/TICRR/NUF2/DTL/FANCD2/CDKN2B/SPC25/SKA1/EME1/BUB1B/BRSK1/SPC24/MAD2L1/CHMP4C/E2F7/PLK1/CDT1/FAM107A/BUB1/CDK1/HASPIN/AURKB/FOXO4/MUC1/DCUN1D3/KANK2/BLM,58
BP,GO:0072329,monocarboxylic acid catabolic process,31/2867,128/18860,0.2421875,1.59318320544123,2.85108368495623,0.0048842924779636,0.0278271921026625,0.019587282516571,CYP26B1/ACACB/ECHDC1/CYP26A1/ETFB/LDHB/AGXT2/EHHADH/ACADL/TWIST1/ACADS/PCK1/ECHS1/LPIN1/HADH/SORD/NUDT7/ACOXL/ACOX1/LDHD/ACAA2/ABCD2/LEP/ADIPOQ/IRS2/CYP4F12/PPARA/CYP26C1/CPT1B/PLIN5/HOGA1,31
BP,GO:0001553,luteinization,6/2867,12/18860,0.5,3.28915242413673,3.35846561244869,0.0049553293138294,0.0279179303973763,0.0196511522957091,PTPRN/INHBA/STAT5A/PDGFRA/STAT5B/FZD4,6
BP,GO:0003157,endocardium development,6/2867,12/18860,0.5,3.28915242413673,3.35846561244869,0.0049553293138294,0.0279179303973763,0.0196511522957091,PROX1/OVOL2/KDR/NOTCH1/SOX17/SOX18,6
BP,GO:0009071,serine family amino acid catabolic process,6/2867,12/18860,0.5,3.28915242413673,3.35846561244869,0.0049553293138294,0.0279179303973763,0.0196511522957091,CDO1/SDS/SDSL/CBS/LOC102724560/SHMT1,6
BP,GO:0033605,positive regulation of catecholamine secretion,6/2867,12/18860,0.5,3.28915242413673,3.35846561244869,0.0049553293138294,0.0279179303973763,0.0196511522957091,SYT1/OPRK1/CXCL12/KCNB1/PINK1/NPY2R,6
BP,GO:0035812,renal sodium excretion,6/2867,12/18860,0.5,3.28915242413673,3.35846561244869,0.0049553293138294,0.0279179303973763,0.0196511522957091,EDN1/SPX/EDNRB/AGTR1/CORIN/NPR1,6
BP,GO:0038063,collagen-activated tyrosine kinase receptor signaling pathway,6/2867,12/18860,0.5,3.28915242413673,3.35846561244869,0.0049553293138294,0.0279179303973763,0.0196511522957091,GP6/COL1A1/COL4A2/DDR2/COL4A1/COL4A5,6
BP,GO:0045628,regulation of T-helper 2 cell differentiation,6/2867,12/18860,0.5,3.28915242413673,3.35846561244869,0.0049553293138294,0.0279179303973763,0.0196511522957091,PRKCZ/BCL6/TNFSF4/ANXA1/IL18/ASCL2,6
BP,GO:0051583,dopamine uptake involved in synaptic transmission,6/2867,12/18860,0.5,3.28915242413673,3.35846561244869,0.0049553293138294,0.0279179303973763,0.0196511522957091,SLC6A2/SLC6A3/SNCA/RAB3B/DRD1/PRKN,6
BP,GO:0051934,catecholamine uptake involved in synaptic transmission,6/2867,12/18860,0.5,3.28915242413673,3.35846561244869,0.0049553293138294,0.0279179303973763,0.0196511522957091,SLC6A2/SLC6A3/SNCA/RAB3B/DRD1/PRKN,6
BP,GO:0072697,protein localization to cell cortex,6/2867,12/18860,0.5,3.28915242413673,3.35846561244869,0.0049553293138294,0.0279179303973763,0.0196511522957091,EPB41L2/EZR/MISP/GNAI1/PLK1/SAPCD2,6
BP,GO:1903911,positive regulation of receptor clustering,6/2867,12/18860,0.5,3.28915242413673,3.35846561244869,0.0049553293138294,0.0279179303973763,0.0196511522957091,ZDHHC2/CD81/TNFAIP6/LRP4/FARP1/DOK7,6
BP,GO:2001214,positive regulation of vasculogenesis,6/2867,12/18860,0.5,3.28915242413673,3.35846561244869,0.0049553293138294,0.0279179303973763,0.0196511522957091,RRAS/KDR/RAMP2/ADM/TMEM100/CD34,6
BP,GO:0045786,negative regulation of cell cycle,80/2867,399/18860,0.200501253132832,1.31895836556861,2.72647200022669,0.0050333318720382,0.0282558590517058,0.0198890168994527,FHL1/RAD51/FOXN3/FOXC1/RPS6KA2/TRIP13/CAMSAP3/CDC14B/ORC1/BIRC5/MAP3K20/CLSPN/CDC45/CDC6/E2F1/RGCC/EZH2/GATA3/NHERF1/TTK/BCL6/KAT2B/NEK2/PROX1/CENPF/PKD2/DUSP1/INHBA/ZWINT/NR4A1/KIF25/BMP2/PKMYT1/E2F8/CDKN1C/CCNB1/CDCA8/ESPL1/USP44/BRIP1/KLF4/IER3/KNL1/BARD1/BRCA2/TICRR/TOM1L1/NUF2/DTL/FANCD2/CDKN2B/LATS2/SPC25/SKA1/EME1/FBXO43/BUB1B/NPR2/BRSK1/SPC24/MAD2L1/CHMP4C/GPER1/E2F7/PLK1/CDT1/FAM107A/BUB1/CDK1/HASPIN/AURKB/GAS1/FOXO4/NUPR2/MUC1/DCUN1D3/KANK2/BLM/MCIDAS/CEBPA,80
BP,GO:0051893,regulation of focal adhesion assembly,19/2867,68/18860,0.279411764705882,1.83805576642935,2.9312244952935,0.0050385509478613,0.0282558590517058,0.0198890168994527,MYOC/GPM6B/FERMT2/CAMSAP3/NRP1/SFRP1/ITGB1BP1/TEK/KDR/ROCK2/TLN1/ACVRL1/DMTN/DLC1/GREM1/FAM107A/PEAK1/EFNA5/APOD,19
BP,GO:0090109,regulation of cell-substrate junction assembly,19/2867,68/18860,0.279411764705882,1.83805576642935,2.9312244952935,0.0050385509478613,0.0282558590517058,0.0198890168994527,MYOC/GPM6B/FERMT2/CAMSAP3/NRP1/SFRP1/ITGB1BP1/TEK/KDR/ROCK2/TLN1/ACVRL1/DMTN/DLC1/GREM1/FAM107A/PEAK1/EFNA5/APOD,19
BP,GO:1903078,positive regulation of protein localization to plasma membrane,19/2867,68/18860,0.279411764705882,1.83805576642935,2.9312244952935,0.0050385509478613,0.0282558590517058,0.0198890168994527,ATP2B4/PKP1/EZR/SORBS1/TREM2/ZDHHC2/AGR2/SPTBN1/PLS1/RAMP3/LRP1/CD36/EPHA2/STAC/EGFR/GPER1/PRNP/AKAP5/NRXN1,19
BP,GO:0001101,response to acid chemical,34/2867,144/18860,0.236111111111111,1.55321086695346,2.82145831614917,0.0050774702685847,0.0284478725923747,0.0200241733124394,FYN/CPS1/RRAGD/F7/ATP2B4/EDN1/GSTP1/XBP1/SLC7A5/NEURL1/COL1A1/SLC1A2/PKD2/KLF2/CDO1/ASS1/PDGFRA/EGFR/NTRK2/LCN2/MMP3/GRIA1/KCNB1/COL1A2/AVPR1A/COL3A1/UMOD/GRIN1/PRKN/COL4A1/MIR342/COL5A2/CPEB1/SPAAR,34
BP,GO:0007369,gastrulation,45/2867,203/18860,0.221674876847291,1.45824491710495,2.77928432301102,0.0051301716011156,0.0287166787874604,0.0202133833076816,LAMA3/FOXC1/COL11A1/FGFR1/WNT11/MMP9/EYA1/SFRP1/WNT3/UGDH/COL12A1/WNT5A/TLX2/FN1/DUSP1/DUSP4/INHBA/GSC/APLNR/COL4A2/ITGA7/IL1RN/CFC1/CFC1B/KLF4/LEF1/EPHA2/OSR1/SFRP2/GPC3/HMGA2/ETS2/TAL1/PLPP3/EOMES/TGFBR2/TBX20/SOX17/MESP1/ATOH8/SOX7/ADIPOQ/LAMB3/COL5A2/APELA,45
BP,GO:0060113,inner ear receptor cell differentiation,20/2867,73/18860,0.273972602739726,1.80227530089684,2.90779873019418,0.005188092425866,0.0290141801810851,0.0204227915664992,USH1C/MCOLN3/FGFR1/ESRP1/CDH23/NHERF1/ELMOD3/MYCL/PLS1/FGF2/DIAPH3/NOTCH1/CTHRC1/GABRB3/TPRN/FZD2/TSKU/SLITRK6/MYO6/LHFPL5,20
BP,GO:0070169,positive regulation of biomineral tissue development,16/2867,54/18860,0.296296296296296,1.94912736245139,2.95720455186453,0.0052183466572786,0.0291565526926444,0.0205230061550289,CFTR/GPM6B/VDR/BMP2/KL/TFAP2A/BMPR1B/FBN2/OSR1/BMP6/PKDCC/OSR2/ADRB2/ANO6/ISG15/FZD9,16
BP,GO:0045577,regulation of B cell differentiation,12/2867,36/18860,0.333333333333333,2.19276828275782,3.03291042259798,0.0052813157533676,0.0294812841732983,0.0207515814000671,HMGB3/XBP1/SFRP1/IL4I1/BCL6/INHBA/STAT5A/CD27/FCRL3/STAT5B/CARD11/CR1,12
BP,GO:0042542,response to hydrogen peroxide,26/2867,103/18860,0.252427184466019,1.66054297140883,2.84607412543822,0.0053237625483049,0.0296909656249042,0.0208991740790531,FYN/ABCC9/EDN1/EZH2/COL1A1/CRYAB/ECT2/MYB/DUSP1/CAT/KLF2/KCNA5/IL6/KLF4/TRPC6/CBX8/LCN2/MAPK13/CDK1/NPPA/HBA2/SIRPA/HBA1/AQP1/HBB/HP,26
BP,GO:0032946,positive regulation of mononuclear cell proliferation,36/2867,155/18860,0.232258064516129,1.52786435185706,2.79394295560112,0.0053301257274782,0.029699206505353,0.0209049747524714,IGF1/CD209/EFNB1/PYCARD/CD81/IL23A/PRLR/BCL6/HHLA2/TACR1/NR5A2/TNFSF4/GPAM/CD80/STAT5A/VAV3/VTCN1/ANXA1/IL6/TLR4/IL18/TNFRSF13C/FCRL3/TGFBR2/IGF2/STAT5B/LEP/ATAD5/CSF1/IRS2/PDCD1LG2/CARD11/FCGR3A/BTNL2/HLA-E/MIF,36
BP,GO:0051492,regulation of stress fiber assembly,25/2867,98/18860,0.255102040816327,1.67813899190649,2.84970822887015,0.0053683219569191,0.0298573002526179,0.021016255361753,MYOC/FERMT2/RAPGEF3/NRP1/RGCC/CORO2B/SFRP1/MET/TACR1/ITGB1BP1/TGFB3/RHPN2/INPP5K/ROCK2/OAZ3/TMEFF2/EPHA1/RHPN1/DLC1/S1PR1/PTGER4/SYNPO/TACSTD2/EVL/ARHGEF15,25
BP,GO:0055006,cardiac cell development,25/2867,98/18860,0.255102040816327,1.67813899190649,2.84970822887015,0.0053683219569191,0.0298573002526179,0.021016255361753,IGF1/TGFBR3/NEBL/EDN1/TBX5/POPDC1/TBX18/RGS4/PROX1/ADRA1A/INHBA/MYH11/CCNB1/PDGFRA/ALPK3/MYLK3/NOTCH1/CXADR/SPRY1/PI16/CDK1/NPPA/CAV3/PPARA/MIR23A,25
BP,GO:0002287,alpha-beta T cell activation involved in immune response,24/2867,93/18860,0.258064516129032,1.69762705761896,2.85545665339787,0.0053915096136798,0.0299314949237989,0.0210684802495637,PRKCZ/IL12RB2/LGALS1/GATA3/IL23A/BCL6/TNFSF4/MYB/CD80/LY9/STAT5A/ANXA1/IL6/LEF1/RORC/IL18/BATF/EOMES/ICOS/PTGER4/PDP2/ASCL2/SOCS3/ENTPD7,24
BP,GO:0002293,alpha-beta T cell differentiation involved in immune response,24/2867,93/18860,0.258064516129032,1.69762705761896,2.85545665339787,0.0053915096136798,0.0299314949237989,0.0210684802495637,PRKCZ/IL12RB2/LGALS1/GATA3/IL23A/BCL6/TNFSF4/MYB/CD80/LY9/STAT5A/ANXA1/IL6/LEF1/RORC/IL18/BATF/EOMES/ICOS/PTGER4/PDP2/ASCL2/SOCS3/ENTPD7,24
BP,GO:0032102,negative regulation of response to external stimulus,89/2867,452/18860,0.196902654867257,1.29528568915119,2.6903979434375,0.0054105691622298,0.0300098995777326,0.0211236685021746,TFPI/CX3CL1/CD9/FYN/IGF1/NR1H3/TNFRSF1B/FAP/EDN1/C1QTNF3/GSTP1/IRAK3/TYRO3/TREM2/NRP1/PTPRS/SERPINE1/GATA3/WNT3/DTX4/MDK/WNT5A/FNDC4/PROC/TNR/NR5A2/SPP1/DUSP1/TEK/PLAU/TNFAIP6/PTGIS/GPR18/NR1D1/TSPAN8/F12/PPARG/TRIM45/C5AR2/PDGFRA/NT5E/KLF4/CCN3/IL33/PIM1/IER3/FGF2/MMRN1/ADAMTS18/SLC6A3/SIGLEC10/NECTIN4/CERS2/SUSD4/NOTCH1/SERPING1/ROBO3/ANGPT1/VSIG4/CXCL13/ADORA1/NPY5R/KLKB1/GPER1/LRFN5/GREM1/PBK/PTGER4/SAA1/C1QTNF1/CNTNAP2/SFN/A2M/AURKB/CDH5/ADIPOQ/TIGIT/RGMA/PROS1/SOCS3/DRD1/FFAR4/PPARA/ISG15/SIRPA/CR1/HLA-E/MIF/FIGNL2,89
BP,GO:0042092,type 2 immune response,14/2867,45/18860,0.311111111111111,2.04658373057396,2.97602333984881,0.0054204329107878,0.0300372029760068,0.0211428870914481,PRKCZ/GATA3/CD81/BCL6/TNFSF4/MYB/ANXA1/IL6/IL33/IL18/BATF/BCL6B/ASCL2/DENND1B,14
BP,GO:0098754,detoxification,38/2867,166/18860,0.228915662650602,1.50587701346019,2.77176290931339,0.0055315990040165,0.0306253099685033,0.0215568497280484,MGST1/AIFM2/GSTO2/PTGS2/GSTP1/GSR/AMBP/SOD3/SLC67A1/ALDH2/TPO/PRDX6/CAT/PRXL2A/CD36/PIM1/FBLN5/SLC22A3/CLIC2/CYGB/AKR7A3/ALB/SLC29A4/ALDH1A1/GPX4/SLC47A2/MTARC1/MT1X/HBA2/ADH5/MB/MT1A/MT1M/HBA1/GPX3/GSTA1/HBB/HP,38
BP,GO:0050000,chromosome localization,30/2867,124/18860,0.241935483870968,1.59152536651777,2.79804042769244,0.0056499157868099,0.0311951299437034,0.0219579403158681,BIRC5/FAM83D/TTK/KAT2B/ECT2/NEK2/CENPF/KIF14/KIF18A/ZWINT/DLGAP5/SGO1/CCNB1/PSRC1/CDCA8/KNL1/CENPE/KIF2C/NUF2/ANKRD53/SPC25/SKA1/KASH5/RACGAP1/SPC24/CHMP4C/CDT1/CDK1/AURKB/KIFC1,30
BP,GO:0050770,regulation of axonogenesis,34/2867,145/18860,0.23448275862069,1.54249906787102,2.77649112636134,0.0056858166589374,0.0313648634026139,0.0220774140018919,PLXND1/TNFRSF12A/SEMA3G/CDH1/FSTL4/PAK3/NRP1/METRN/PTPRS/CXCL12/WNT3/UST/WNT5A/FN1/TNR/SPP1/MAP1B/LRP4/PLXNC1/NTRK3/CRABP2/NTRK2/ROBO3/CHODL/BRSK1/TRIM46/RET/ZEB2/MAP6/CDH4/RGMA/EFNA5/KEL/L1CAM,34
BP,GO:0001736,establishment of planar polarity,11/2867,32/18860,0.34375,2.261292291594,3.02340859939205,0.0057392445258642,0.0315165921162861,0.0221842143276167,CELSR1/DLG3/SFRP1/PTK7/WNT5A/SFRP2/GRHL3/BRSK1/CTHRC1/ERBB4/SAPCD2,11
BP,GO:0007164,establishment of tissue polarity,11/2867,32/18860,0.34375,2.261292291594,3.02340859939205,0.0057392445258642,0.0315165921162861,0.0221842143276167,CELSR1/DLG3/SFRP1/PTK7/WNT5A/SFRP2/GRHL3/BRSK1/CTHRC1/ERBB4/SAPCD2,11
BP,GO:0010039,response to iron ion,11/2867,32/18860,0.34375,2.261292291594,3.02340859939205,0.0057392445258642,0.0315165921162861,0.0221842143276167,TF/TFR2/ACO1/CCNB1/TFAP2A/SLC6A3/SNCA/LCN2/BMP6/TFF1/ABAT,11
BP,GO:0051968,"positive regulation of synaptic transmission, glutamatergic",11/2867,32/18860,0.34375,2.261292291594,3.02340859939205,0.0057392445258642,0.0315165921162861,0.0221842143276167,CACNG4/TNR/KMO/STXBP1/NLGN1/GRIN1/NRXN1/DRD1/RELN/SHANK3/GRIN2B,11
BP,GO:0045620,negative regulation of lymphocyte differentiation,18/2867,64/18860,0.28125,1.85014823857691,2.8844308793484,0.0057944312276096,0.0317909272857752,0.0223773161127048,HMGB3/LGALS1/SFRP1/MDK/BCL6/TNFSF4/INHBA/STAT5A/FOXJ1/ANXA1/DTX1/ERBB2/RUNX1/PGLYRP2/CTLA4/CLEC4G/ASCL2/CR1,18
BP,GO:0010812,negative regulation of cell-substrate adhesion,19/2867,69/18860,0.27536231884058,1.81141727706081,2.85892036218317,0.0059828670756352,0.0325804221313781,0.0229330336471635,CX3CL1/MYOC/CORO2B/SERPINE1/KANK1/COL1A1/BCL6/ITGB1BP1/HOXA7/POSTN/ACVRL1/NOTCH1/DMTN/DLC1/FAM107A/FZD4/TACSTD2/EFNA5/APOD,19
BP,GO:0080164,regulation of nitric oxide metabolic process,19/2867,69/18860,0.27536231884058,1.81141727706081,2.85892036218317,0.0059828670756352,0.0325804221313781,0.0229330336471635,IGF1/ATP2B4/PTGS2/EDN1/ESR1/CAV1/AGXT2/PKD2/CLU/PTGIS/KLF2/ASS1/ROCK2/CD36/KLF4/TLR4/CLEC7A/SIRPA/HBB,19
BP,GO:0001905,activation of membrane attack complex,7/2867,16/18860,0.4375,2.87800837111964,3.18184614125399,0.006002643985383,0.0325804221313781,0.0229330336471635,GZMK/CLU/MASP1/FCN3/CR1/CFB/C4A,7
BP,GO:0002076,osteoblast development,7/2867,16/18860,0.4375,2.87800837111964,3.18184614125399,0.006002643985383,0.0325804221313781,0.0229330336471635,HOXA2/SATB2/MSX2/RUNX2/PTH1R/CEBPA/CLEC5A,7
BP,GO:0007158,neuron cell-cell adhesion,7/2867,16/18860,0.4375,2.87800837111964,3.18184614125399,0.006002643985383,0.0325804221313781,0.0229330336471635,TNR/NLGN4X/NCAM2/RET/NLGN1/CDK5R1/NRXN1,7
BP,GO:0007638,mechanosensory behavior,7/2867,16/18860,0.4375,2.87800837111964,3.18184614125399,0.006002643985383,0.0325804221313781,0.0229330336471635,SLC1A3/FOXP2/STRBP/CNTNAP2/NRXN1/SLITRK6/SHANK3,7
BP,GO:0009070,serine family amino acid biosynthetic process,7/2867,16/18860,0.4375,2.87800837111964,3.18184614125399,0.006002643985383,0.0325804221313781,0.0229330336471635,PHGDH/AGXT2/PSAT1/CBS/LOC102724560/SHMT1/SEPHS2,7
BP,GO:0010649,regulation of cell communication by electrical coupling,7/2867,16/18860,0.4375,2.87800837111964,3.18184614125399,0.006002643985383,0.0325804221313781,0.0229330336471635,TBX5/CAV1/CASQ2/HRC/ANK3/IRX3/ASPH,7
BP,GO:0038065,collagen-activated signaling pathway,7/2867,16/18860,0.4375,2.87800837111964,3.18184614125399,0.006002643985383,0.0325804221313781,0.0229330336471635,GP6/COL1A1/COL4A2/DDR2/OSCAR/COL4A1/COL4A5,7
BP,GO:0051782,negative regulation of cell division,7/2867,16/18860,0.4375,2.87800837111964,3.18184614125399,0.006002643985383,0.0325804221313781,0.0229330336471635,ASPM/E2F8/CHMP4C/E2F7/AURKB/PTCH1/BLM,7
BP,GO:2001212,regulation of vasculogenesis,7/2867,16/18860,0.4375,2.87800837111964,3.18184614125399,0.006002643985383,0.0325804221313781,0.0229330336471635,RRAS/KDR/RAMP2/ADM/HEY1/TMEM100/CD34,7
BP,GO:0017158,regulation of calcium ion-dependent exocytosis,13/2867,41/18860,0.317073170731707,2.08580397628183,2.94681785811555,0.006070892634174,0.0328335910348254,0.0231112367090441,SYT13/SYT1/CBARP/SYT17/SYT6/STXBP1/NOTCH1/DOC2A/ADRA2A/KCNB1/SYT9/SYT15/DOC2B,13
BP,GO:0033260,nuclear DNA replication,13/2867,41/18860,0.317073170731707,2.08580397628183,2.94681785811555,0.006070892634174,0.0328335910348254,0.0231112367090441,RAD51/MCM2/FGFR1/CDC45/GINS1/MCM4/BCL6/BRCA2/CDT1/TK1/CDK1/ATAD5/BLM,13
BP,GO:0040036,regulation of fibroblast growth factor receptor signaling pathway,13/2867,41/18860,0.317073170731707,2.08580397628183,2.94681785811555,0.006070892634174,0.0328335910348254,0.0231112367090441,NGFR/GATA3/WNT5A/RUNX2/SPRY2/SULF1/FGF2/CREB3L1/SPRY1/NRXN1/SHISA2/LRIT3/SULF2,13
BP,GO:0043255,regulation of carbohydrate biosynthetic process,26/2867,104/18860,0.25,1.64457621206836,2.79080209073892,0.0060945397171637,0.032932183947234,0.023180635275107,PDK2/IGF1/DGAT2/ADCYAP1R1/C1QTNF3/SORBS1/PPARGC1A/NR3C1/KAT2B/PASK/LEPR/GNMT/INPP5K/LHCGR/SNCA/FOXO1/PTH1R/GPER1/FBP1/IGF2/ZNF692/LEP/ADIPOQ/IRS2/PPARA/PPP1R3G,26
BP,GO:0051148,negative regulation of muscle cell differentiation,20/2867,74/18860,0.27027027027027,1.7779202292631,2.83884691714196,0.0061151781244883,0.0329597667526522,0.0232000505362778,XBP1/EZH2/SOX6/RGS4/BMP2/CCN3/RPL3L/MYOCD/NOTCH1/PLPP7/MSX1/PI16/HEY1/RBPMS2/IGF2/TRIM72/BHLHA15/CAV3/FOXO4/PPARA,20
BP,GO:0019318,hexose metabolic process,53/2867,249/18860,0.21285140562249,1.40020143356825,2.69154513571529,0.0061230928476104,0.0329597667526522,0.0232000505362778,PDK4/PDK2/IGF1/FUT8/DGAT2/ACACB/PGM1/C1QTNF3/SORBS1/SLC35A2/ALDOC/PPARGC1A/GPLD1/NR3C1/KAT2B/LEPR/GALE/PCK1/GNMT/PDHA1/SDS/ALDOB/RBP4/FBN2/SORD/PMAIP1/RORC/FOXO1/PFKFB1/HK2/TFF3/FABP5/PGAM2/FBP1/PGM2L1/IGF2/GPD1/PFKFB3/ZNF692/PC/C1QTNF1/LEP/CHST1/FUT2/FUT7/ADIPOQ/PRKN/IRS2/PPARA/KCNJ11/APOD/ZFP92/PPP1R3G,53
BP,GO:0003272,endocardial cushion formation,10/2867,28/18860,0.357142857142857,2.34939458866909,3.025366302289,0.0061321757192383,0.0329597667526522,0.0232000505362778,ENG/BMP5/MSX2/BMP2/APLNR/NOTCH1/MSX1/TGFBR2/TBX20/TMEM100,10
BP,GO:0015740,C4-dicarboxylate transport,10/2867,28/18860,0.357142857142857,2.34939458866909,3.025366302289,0.0061321757192383,0.0329597667526522,0.0232000505362778,SLC1A3/SLC1A1/SLC1A2/SLC1A4/GFAP/SLC7A13/LRRC8E/LRRC8C/SLC25A18/ABAT,10
BP,GO:0060065,uterus development,10/2867,28/18860,0.357142857142857,2.34939458866909,3.025366302289,0.0061321757192383,0.0329597667526522,0.0232000505362778,HOXA9/ESR1/GATA3/WNT5A/CDKN1C/LHCGR/RBP4/MYOCD/ANTXR2/HOXA10,10
BP,GO:2000647,negative regulation of stem cell proliferation,10/2867,28/18860,0.357142857142857,2.34939458866909,3.025366302289,0.0061321757192383,0.0329597667526522,0.0232000505362778,WNT11/FERMT1/CDKN2C/OVOL2/FGF2/NFIB/KDF1/SFN/PTCH1/CEBPA,10
BP,GO:1903046,meiotic cell cycle process,49/2867,227/18860,0.215859030837004,1.41998650909868,2.69534948547591,0.0061993980309133,0.0332916436660091,0.0234336553800101,CYP26B1/RAD51/ASPM/RPS6KA2/TRIP13/EDN1/RAD54L/AURKA/RAD51AP1/TTK/WNT5A/MSX2/NCAPH/MND1/KIF18A/ZWINT/CKS2/HSPA2/PKMYT1/SGO1/TOP2A/TESMIN/ESPL1/BRIP1/KNL1/BRDT/BRCA2/SPATA22/P3H4/NUF2/FANCD2/SKA1/EME1/FBXO43/CDC25C/NPR2/KASH5/HFM1/MSX1/PTTG1/PLK1/KCTD19/PDE3A/CCNE2/HSF5/RMI1/MAPK15/SYCP2/SYCE3,49
BP,GO:0048678,response to axon injury,22/2867,84/18860,0.261904761904762,1.722889365024,2.81137092061404,0.0062399171605446,0.0334482499680624,0.0235438889914674,TNC/SCARF1/TREM2/PTPRS/SLC1A1/FOLR1/TNR/SPP1/NDP/MAP1B/MATN2/KLF4/FGF2/NTRK3/CERS2/KCNB1/P2RY12/CDK1/JUN/RGMA/APOD/FIGNL2,22
BP,GO:0044042,glucan metabolic process,23/2867,89/18860,0.258426966292135,1.70001136528415,2.80262245811121,0.0062450672337145,0.0334482499680624,0.0235438889914674,IGF1/GYG2/PYGM/SORBS1/PYGL/GYS2/PCDH12/GBE1/POMC/PASK/LEPR/STBD1/GNMT/NR1D1/INPP5K/PPP1R1A/GABARAPL1/PHKG1/IGF2/UGP2/PHLDA2/IRS2/PPP1R3G,23
BP,GO:2000243,positive regulation of reproductive process,23/2867,89/18860,0.258426966292135,1.70001136528415,2.80262245811121,0.0062450672337145,0.0334482499680624,0.0235438889914674,AURKA/RAD51AP1/CCR6/WNT5A/TACR1/MSX2/INHBA/SOX9/EDNRB/KNL1/CDC25C/NPR2/INHBB/MSX1/DEFB1/BNC1/ZFPM2/PDE3A/MAPK15/CCDC87/WT1/SYCE3/APELA,23
BP,GO:0030865,cortical cytoskeleton organization,16/2867,55/18860,0.290909090909091,1.9136886831341,2.87310256450702,0.006341478839428,0.0337565409089747,0.0237608919048289,ANLN/EHD2/LLGL2/EPB41L2/EZR/KANK1/ECT2/RHOQ/PLS1/ROCK2/TLN1/FMNL2/RACGAP1/NLGN1/CAVIN3/IQGAP3,16
BP,GO:0035088,establishment or maintenance of apical/basal cell polarity,16/2867,55/18860,0.290909090909091,1.9136886831341,2.87310256450702,0.006341478839428,0.0337565409089747,0.0237608919048289,PRKCZ/LLGL2/CAMSAP3/DLG3/WNT11/EZR/NHERF1/PTK7/WNT5A/PARD3B/PARD6B/TCF15/FOXJ1/CRB3/PATJ/SYNE4,16
BP,GO:0042551,neuron maturation,16/2867,55/18860,0.290909090909091,1.9136886831341,2.87310256450702,0.006341478839428,0.0337565409089747,0.0237608919048289,CX3CL1/MYOC/EPHA8/SCARF1/B4GALT6/KCNIP2/CDKN1C/ADGRB3/EDNRB/LGI4/KCNB1/RET/RND1/CNTNAP2/IRX5/GLDN,16
BP,GO:0048286,lung alveolus development,16/2867,55/18860,0.290909090909091,1.9136886831341,2.87310256450702,0.006341478839428,0.0337565409089747,0.0237608919048289,IGF1/FLT4/PGR/HOXA5/ITGB6/TCF21/TGFB3/EDN2/KDR/FOXP2/FOXA1/MYOCD/ABCA12/SLC7A11/PKDCC/ATXN1L,16
BP,GO:0060688,regulation of morphogenesis of a branching structure,16/2867,55/18860,0.290909090909091,1.9136886831341,2.87310256450702,0.006341478839428,0.0337565409089747,0.0237608919048289,SOX8/FGFR1/ESR1/SIX4/SFRP1/MDK/WNT5A/SOX9/SULF1/FGF2/FGF7/GREM1/CAV3/TACSTD2/LGR4/HOXB7,16
BP,GO:0061245,establishment or maintenance of bipolar cell polarity,16/2867,55/18860,0.290909090909091,1.9136886831341,2.87310256450702,0.006341478839428,0.0337565409089747,0.0237608919048289,PRKCZ/LLGL2/CAMSAP3/DLG3/WNT11/EZR/NHERF1/PTK7/WNT5A/PARD3B/PARD6B/TCF15/FOXJ1/CRB3/PATJ/SYNE4,16
BP,GO:0002274,myeloid leukocyte activation,54/2867,255/18860,0.211764705882353,1.39305279139908,2.67555785295549,0.0063462800298415,0.0337565409089747,0.0237608919048289,CX3CL1/NR1H3/ADGRF5/LAT2/TREM2/PLA2G3/DHRS2/PYCARD/NDRG1/FCER2/WNT5A/ITGB6/FN1/PLA2G4A/VAMP8/CLU/KCNJ8/NR4A1/CD93/NR1D1/WNK4/EDN2/LBP/GRP/ANXA1/IL6/STXBP1/TLR4/IL33/ANXA3/SNCA/TSLP/TTBK1/IL18/VSIG4/BATF/KIT/TGFBR2/DNASE1L3/DCSTAMP/LRFN5/HSPA12A/SCN11A/RHOH/RASGRP1/JUN/CXCR2/CSF1/PLA2G2A/CNR2/SUCNR1/FCGR3A/MIF/CEBPA,54
BP,GO:0060143,positive regulation of syncytium formation by plasma membrane fusion,9/2867,24/18860,0.375,2.46686431810255,3.04445411180695,0.0063899649025526,0.0337565409089747,0.0237608919048289,EHD2/RAPGEF3/TREM2/CCL8/GDF15/CAMK1/CXCL9/SCGB3A1/DCSTAMP,9
BP,GO:0061162,establishment of monopolar cell polarity,9/2867,24/18860,0.375,2.46686431810255,3.04445411180695,0.0063899649025526,0.0337565409089747,0.0237608919048289,CAMSAP3/NHERF1/PTK7/WNT5A/TCF15/FOXJ1/MAP1B/PATJ/SYNE4,9
BP,GO:0072170,metanephric tubule development,9/2867,24/18860,0.375,2.46686431810255,3.04445411180695,0.0063899649025526,0.0337565409089747,0.0237608919048289,SOX8/PKD2/SOX9/OSR1/UMOD/WNT7B/POU3F3/LGR4/AQP1,9
BP,GO:0097623,potassium ion export across plasma membrane,9/2867,24/18860,0.375,2.46686431810255,3.04445411180695,0.0063899649025526,0.0337565409089747,0.0237608919048289,KCNIP2/WNK4/KCNA5/KCNE4/KCNB1/NPPA/ANO6/KCNA2/KCNE1,9
BP,GO:2001044,regulation of integrin-mediated signaling pathway,9/2867,24/18860,0.375,2.46686431810255,3.04445411180695,0.0063899649025526,0.0337565409089747,0.0237608919048289,LIMS2/TIMP1/SERPINE1/NID1/ITGB1BP1/PLAU/LAMC1/LAMA2/SLC2A10,9
BP,GO:0001956,positive regulation of neurotransmitter secretion,8/2867,20/18860,0.4,2.63132193930938,3.09045506720588,0.0064025812910096,0.0337565409089747,0.0237608919048289,SLC4A8/SYT1/KMO/STXBP1/SNCA/MICU3/GPER1/NLGN1,8
BP,GO:0034112,positive regulation of homotypic cell-cell adhesion,8/2867,20/18860,0.4,2.63132193930938,3.09045506720588,0.0064025812910096,0.0337565409089747,0.0237608919048289,GP6/TNFSF11/EMILIN2/IL6/MMRN1/ANK3/PLPP3/MFSD2B,8
BP,GO:0051580,regulation of neurotransmitter uptake,8/2867,20/18860,0.4,2.63132193930938,3.09045506720588,0.0064025812910096,0.0337565409089747,0.0237608919048289,ATP1A2/GPM6B/SYNGR3/GFAP/SNCA/RAB3B/DRD1/PRKN,8
BP,GO:0055062,phosphate ion homeostasis,8/2867,20/18860,0.4,2.63132193930938,3.09045506720588,0.0064025812910096,0.0337565409089747,0.0237608919048289,ABCC6/SLC17A7/NHERF1/SLC34A2/FGFR4/ALPL/UMOD/SLC34A3,8
BP,GO:0071371,cellular response to gonadotropin stimulus,8/2867,20/18860,0.4,2.63132193930938,3.09045506720588,0.0064025812910096,0.0337565409089747,0.0237608919048289,EPHA8/EDN1/INHBA/LHCGR/CCNA2/NOTCH1/EFNA5/WT1,8
BP,GO:0072079,nephron tubule formation,8/2867,20/18860,0.4,2.63132193930938,3.09045506720588,0.0064025812910096,0.0337565409089747,0.0237608919048289,SOX8/SIX4/GATA3/SOX9/OSR1/GREM1/IRX1/IRX3,8
BP,GO:0005996,monosaccharide metabolic process,57/2867,272/18860,0.209558823529412,1.37854182482201,2.66250357511218,0.0064682639559686,0.0340732899378971,0.0239838483818411,PDK4/PDK2/IGF1/ATP1A2/FUT8/DGAT2/GSTO2/ACACB/PGM1/C1QTNF3/SORBS1/SLC35A2/ALDOC/PPARGC1A/GPLD1/NR3C1/KAT2B/LEPR/GALE/SLC2A1/PCK1/GNMT/PDHA1/SDS/ALDOB/RBP4/FBN2/SORD/PMAIP1/RORC/FOXO1/PFKFB1/HK2/TFF3/FABP5/PGAM2/FBP1/PGM2L1/IGF2/GPD1/SLC23A1/PFKFB3/ZNF692/PC/C1QTNF1/LEP/CHST1/FUT2/FUT7/ADIPOQ/PRKN/IRS2/PPARA/KCNJ11/APOD/ZFP92/PPP1R3G,57
BP,GO:0030041,actin filament polymerization,36/2867,157/18860,0.229299363057325,1.50840111170602,2.70837557741748,0.0066038747437019,0.0347274693485849,0.024444318733517,BAIAP2L1/TENM1/CAPG/CYFIP2/SPTB/PAK3/PYCARD/CCL24/KANK1/SPTBN1/ARHGAP40/CCR7/KANK4/WASF3/BIN1/TMOD1/CCL21/FHDC1/DIAPH3/DAAM2/DIAPH2/GSN/ADD3/ESAM/CDC42EP2/EPS8/DMTN/LMOD1/MICALL2/FAM107A/CCL11/KIRREL1/KANK3/EVL/KANK2/CYRIA,36
BP,GO:1902930,regulation of alcohol biosynthetic process,17/2867,60/18860,0.283333333333333,1.86385304034415,2.83755817929831,0.0066606693833175,0.0349958592750107,0.0246332357214082,ADCYAP1R1/APOB/SEC14L2/BMP5/QKI/FGF1/PCK1/BMP2/GNAI1/LHCGR/SNCA/DAB2/BMP6/PTH1R/GPR146/GPER1/MIR342,17
BP,GO:0051251,positive regulation of lymphocyte activation,70/2867,346/18860,0.202312138728324,1.3308709230611,2.62999383733366,0.0066865135941764,0.0351013092737467,0.0247074609220319,FYN/IGF1/PRKCZ/SIRPG/CD209/EFNB1/LGALS1/XBP1/PYCARD/IL4I1/CAV1/GATA3/VSIR/ZBTB16/CD5/MDK/CD81/IL23A/PRLR/BCL6/HHLA2/TACR1/NR5A2/TNFSF4/GPAM/TNFSF11/CD80/PCK1/SOX4/EFNB2/CCR7/STAT5A/VAV3/VTCN1/IL15RA/ANXA1/IL6/TLR4/CCL21/LEF1/CD27/SH3KBP1/IL18/ADAM8/RUNX1/TNFRSF13C/FCRL3/TGFBR2/ICOS/IGF2/RHOH/YWHAG/CLEC7A/RASGRP1/STAT5B/LEP/ATAD5/SOX12/IRS2/PDCD1LG2/SIRPA/CARD11/CR1/FCGR3A/BTNL2/HLA-E/HLA-DQB2/HLA-DQA1/HLA-DQA2/MIF,70
BP,GO:0050432,catecholamine secretion,14/2867,46/18860,0.304347826086957,2.00209277990931,2.88107449044114,0.0067228676296583,0.0352313037247353,0.0247989627173876,SYT1/OPRK1/CXCL12/SNCA/CHRNA6/ADRA2A/KCNB1/PINK1/SNCG/KCNA2/ABAT/ADRA2C/NPY2R/PRKN,14
BP,GO:0099054,presynapse assembly,14/2867,46/18860,0.304347826086957,2.00209277990931,2.88107449044114,0.0067228676296583,0.0352313037247353,0.0247989627173876,GPC4/CBLN1/WNT5A/EFNB2/LRRC4B/LRP4/NTRK3/SNCA/NLGN4X/FARP1/LRFN5/NLGN1/NRXN1/SLITRK2,14
BP,GO:0003230,cardiac atrium development,12/2867,37/18860,0.324324324324324,2.13350427511572,2.92205113354389,0.0067544972151257,0.0352451404040769,0.0248087022177423,WNT11/TBX5/ENG/WNT5A/PROX1/SOX4/BMP2/DLL4/ANK2/NOTCH1/TBX20/MESP1,12
BP,GO:0051385,response to mineralocorticoid,12/2867,37/18860,0.324324324324324,2.13350427511572,2.92205113354389,0.0067544972151257,0.0352451404040769,0.0248087022177423,SLC12A3/EDN1/HCN2/SCNN1A/INHBA/FOSB/CSN1S1/NTRK3/GPER1/AVPR1A/FOS/PRKN,12
BP,GO:1900746,regulation of vascular endothelial growth factor signaling pathway,12/2867,37/18860,0.324324324324324,2.13350427511572,2.92205113354389,0.0067544972151257,0.0352451404040769,0.0248087022177423,DCN/ADGRA2/CADM4/PROX1/SPRY2/ANGPT1/ADAMTS3/JCAD/GREM1/TNXB/CCBE1/MIR342,12
BP,GO:2000352,negative regulation of endothelial cell apoptotic process,12/2867,37/18860,0.324324324324324,2.13350427511572,2.92205113354389,0.0067544972151257,0.0352451404040769,0.0248087022177423,SERPINE1/GATA3/TEK/ID1/KDR/RAMP2/ANGPT1/ANGPTL4/SCG2/NDNF/CDH5/MIR126,12
BP,GO:0021782,glial cell development,32/2867,136/18860,0.235294117647059,1.54783643488787,2.71474635389374,0.0067719580994264,0.0352756926190348,0.0248302076166226,CD9/VIM/MYOC/GPM6B/ERBB3/GSTP1/PHGDH/TREM2/SOX10/NDRG1/MDK/B4GALT6/CLU/LRP1/PLP1/SOX4/NR1D1/GFAP/WASF3/IL6/TLR4/NTRK3/ERBB2/TTBK1/NTRK2/LGI4/ZEB2/TPPP/ID4/CERS6/SOX11/DRD1,32
BP,GO:0062197,cellular response to chemical stress,68/2867,335/18860,0.202985074626866,1.33529770054506,2.62169447222135,0.0068766013072725,0.035790119303861,0.0251923074207487,PDK2/MGST1/FYN/FUT8/AIFM2/YBX3/MYLK/ABCC9/PTGS2/EDN1/ERMP1/XBP1/DHRS2/PYCARD/GSR/CAV1/MET/EZH2/SLC1A1/AMBP/SOD3/PPARGC1A/NCOA7/KAT2B/ECT2/SLC2A1/MYB/PKD2/CAT/KLF2/MGAT3/GDF15/PDGFRA/CD36/IL6/SCN2A/KLF4/TRPC6/FXYD2/FBLN5/CBX8/FANCD2/SNCA/LCN2/MMP3/FOXO1/SLC7A11/MAPK13/PINK1/CYGB/DDR2/CA3/FBP1/CDK1/FOS/LRRC8E/LRRC8C/NPPA/PENK/SLC2A4/PYCR1/FOXO4/PRKN/VKORC1L1/DAPK1/SIRPA/MB/AQP1,68
BP,GO:0007215,glutamate receptor signaling pathway,18/2867,65/18860,0.276923076923077,1.82168441952188,2.80962768437426,0.0068990715142416,0.0358763522113556,0.0252530059028339,CX3CL1/FYN/SLC1A1/GRM4/SSTR1/GRIA1/KCNB1/GRIK3/ADRB2/NLGN1/PRNP/CDK5R1/GRIN1/GRM8/NRXN1/GRID1/SHANK3/GRIN2B,18
BP,GO:0030258,lipid modification,40/2867,179/18860,0.223463687150838,1.47001225659742,2.67512356245016,0.0069315868324435,0.0360146293627558,0.0253503378082618,PDK4/FMO1/DGAT2/ABCC9/ACACB/ECHDC1/FMO2/ETFB/CYP3A5/PPARGC1A/EHHADH/ACADL/TWIST1/ACADS/SOX9/ECHS1/PLPPR3/GDF15/INPP5K/DGKB/HADH/PLPP2/MBOAT2/PLPP5/ACOXL/ACOX1/CYGB/PLPP3/ACAA2/ABCD2/LEP/ADIPOQ/INPP5J/IRS2/PPARA/APOD/ADH5/PLPP4/CPT1B/PLIN5,40
BP,GO:0140115,export across plasma membrane,25/2867,100/18860,0.25,1.64457621206836,2.73631483519862,0.0070634563526719,0.0366546848394664,0.0258008664639147,SLC38A5/ATP1A2/SLC4A4/FXYD3/TF/ATP1A3/SLC67A1/KCNIP2/WNK4/ATP1B2/KCNA5/FXYD6/FXYD2/ATP1B1/KCNE4/KCNB1/SLC29A4/ABCA1/NPPA/SLC35G1/ANO6/KCNA2/KCNE1/SLC47A2/FXYD1,25
BP,GO:0002695,negative regulation of leukocyte activation,46/2867,212/18860,0.216981132075472,1.42736803311594,2.64948852173658,0.0070875188268928,0.0367306282597456,0.0258543222787449,CX3CL1/NR1H3/HMGB3/ADGRF5/TYRO3/LGALS1/SFRP1/IL4I1/VSIR/CRTAM/MDK/BCL6/FN1/TNFSF4/CD80/INHBA/NR1D1/STAT5A/FOXJ1/VTCN1/ANXA1/DTX1/ERBB2/ILDR2/TNFRSF21/VSIG4/RUNX1/PGLYRP2/CTLA4/GPER1/LRFN5/YWHAG/PRNP/TBC1D10C/SOX11/TIGIT/CLEC4G/ASCL2/BTLA/PLA2G2A/PDCD1/CNR2/PDCD1LG2/CR1/HLA-E/TNFRSF13B,46
BP,GO:0030239,myofibril assembly,20/2867,75/18860,0.266666666666667,1.75421462620626,2.77094681669986,0.007173494861638,0.0371445274820254,0.0261456618062931,NEBL/EDN1/SIX4/MYL9/MYOM1/TNNT1/PROX1/LDB3/FLNC/TNNT3/MYH11/PDGFRA/TMOD1/MYLK3/PGM5/LMOD1/CFL2/KRT19/CSRP2/CAV3,20
BP,GO:0007492,endoderm development,23/2867,90/18860,0.255555555555556,1.68112235011433,2.74234732137479,0.0072093180623752,0.0372665344397783,0.0262315412849583,LAMA3/COL11A1/MMP9/COL12A1/FN1/DUSP1/DUSP4/INHBA/HOXC11/COL4A2/ITGA7/LAMC1/NOTCH1/HMGA2/EOMES/TBX20/SOX17/MESP1/SOX7/LAMB3/PAX9/COL5A2/APELA,23
BP,GO:0042093,T-helper cell differentiation,23/2867,90/18860,0.255555555555556,1.68112235011433,2.74234732137479,0.0072093180623752,0.0372665344397783,0.0262315412849583,PRKCZ/IL12RB2/LGALS1/GATA3/IL23A/BCL6/TNFSF4/MYB/CD80/LY9/STAT5A/ANXA1/IL6/LEF1/RORC/IL18/BATF/ICOS/PTGER4/PDP2/ASCL2/SOCS3/ENTPD7,23
BP,GO:0006809,nitric oxide biosynthetic process,21/2867,80/18860,0.2625,1.72680502267178,2.75818458868821,0.0072277498332383,0.0373272882754157,0.026274305302909,IGF1/ATP2B4/PTGS2/EDN1/ESR1/CYB5R3/CAV1/AGXT2/PKD2/CLU/PTGIS/KLF2/ASS1/ROCK2/CD36/KLF4/TLR4/CLEC7A/MTARC1/SIRPA/HBB,21
BP,GO:0042491,inner ear auditory receptor cell differentiation,15/2867,51/18860,0.294117647058824,1.93479554360984,2.83026484034696,0.0072456325324873,0.0373272882754157,0.026274305302909,USH1C/MCOLN3/FGFR1/ESRP1/CDH23/NHERF1/ELMOD3/MYCL/PLS1/FGF2/NOTCH1/TPRN/SLITRK6/MYO6/LHFPL5,15
BP,GO:0045776,negative regulation of blood pressure,15/2867,51/18860,0.294117647058824,1.93479554360984,2.83026484034696,0.0072456325324873,0.0373272882754157,0.026274305302909,ADRB1/ABCC9/KCNK6/ADRA1A/ADM2/KL/IER3/VEGFC/ADORA1/ADRB2/NPPA/ADIPOQ/ABAT/PPARA/ADRB3,15
BP,GO:0098815,modulation of excitatory postsynaptic potential,15/2867,51/18860,0.294117647058824,1.93479554360984,2.83026484034696,0.0072456325324873,0.0373272882754157,0.026274305302909,MAPK8IP2/PRKCZ/CBLN1/RGS4/NLGN4X/GRIA1/ADRB2/NLGN1/GRIN1/NRXN1/NPY2R/PRKN/RELN/SHANK3/GRIN2B,15
BP,GO:0008203,cholesterol metabolic process,36/2867,158/18860,0.227848101265823,1.49885426922686,2.66603851115443,0.007330661291779,0.0377333530844412,0.0265601302652364,CFTR/DGAT2/SCARF1/LIPE/APOB/CETP/SULT2B1/SEC14L2/CYB5R3/SQLE/CUBN/QKI/FGF1/ACADL/LEPR/CAT/PCK1/GNAI1/HSD17B7/CYP11A1/AGTR1/CYP39A1/VLDLR/TM7SF2/ABCA5/GPR146/ABCA1/ACAA2/PCSK9/LEP/TSKU/APOBR/CES1/MIR342/DISP3/CEBPA,36
BP,GO:0006720,isoprenoid metabolic process,29/2867,121/18860,0.239669421487603,1.5766185173548,2.69411588601736,0.0073791580511387,0.0379508475405011,0.0267132224400026,CYP26B1/HSD17B6/RETSAT/DGAT2/ALDH3A2/LIPE/LRP2/CYP26A1/CYP3A5/RARRES2/PECR/DHDDS/LRP1/ALDH1A2/RDH5/RBP4/CRABP2/DHRS3/ALDH1A1/SDR16C5/LPL/PNPLA2/DGAT1/AKR1C1/CYP26C1/AKR1C3/ADH1B/ADH5/NME1,29
BP,GO:0033198,response to ATP,11/2867,33/18860,0.333333333333333,2.19276828275782,2.90355929161302,0.0074472047045549,0.038139475483563,0.0268459957646572,ABCC9/P2RX5/P2RX6/KCNJ8/NT5E/CIB2/P2RY12/P2RY2/KCNJ11/ASPH/RYR3,11
BP,GO:0035767,endothelial cell chemotaxis,11/2867,33/18860,0.333333333333333,2.19276828275782,2.90355929161302,0.0074472047045549,0.038139475483563,0.0268459957646572,FGFR1/NRP1/MET/FGF1/NR4A1/KDR/CCN3/FGF2/NOTCH1/CXCL13/PLEKHG5,11
BP,GO:0048710,regulation of astrocyte differentiation,11/2867,33/18860,0.333333333333333,2.19276828275782,2.90355929161302,0.0074472047045549,0.038139475483563,0.0268459957646572,TREM2/QKI/BMP2/NR1D1/IL6/BIN1/NTRK3/TTBK1/NOTCH1/HMGA2/ID4,11
BP,GO:0048799,animal organ maturation,11/2867,33/18860,0.333333333333333,2.19276828275782,2.90355929161302,0.0074472047045549,0.038139475483563,0.0268459957646572,IGF1/FGFR3/GATA3/ZBTB16/BMP2/ALDH1A2/RET/GREM1/PHOSPHO1/LEP/RFLNB,11
BP,GO:1905820,positive regulation of chromosome separation,11/2867,33/18860,0.333333333333333,2.19276828275782,2.90355929161302,0.0074472047045549,0.038139475483563,0.0268459957646572,BIRC5/NCAPG/NCAPH/DLGAP5/CDCA8/ESPL1/USP44/SKA1/UBE2C/AURKB/MAPK15,11
BP,GO:0016125,sterol metabolic process,38/2867,169/18860,0.224852071005917,1.47914546884255,2.64912637871544,0.0075108233159485,0.038432908196676,0.0270525401199103,CFTR/DGAT2/SCARF1/LIPE/APOB/CETP/SULT2B1/SEC14L2/CYB5R3/SQLE/CUBN/QKI/FGF1/ACADL/LEPR/CAT/PCK1/GNAI1/HSD17B7/CYP11A1/AGTR1/CYP39A1/VLDLR/TM7SF2/ABCA5/GPR146/ABCA1/ACAA2/PCSK9/FAXDC2/LEP/TSKU/APOBR/CES1/MIR342/DISP3/CYP21A2/CEBPA,38
BP,GO:0007052,mitotic spindle organization,32/2867,137/18860,0.233576642335766,1.53653835872081,2.66858812703443,0.0075782970524261,0.0387129981358811,0.0272496926299091,WDR62/AURKA/TPX2/BIRC5/KIF4A/MISP/SUN2/MYBL2/TTK/NEK2/STIL/DLGAP5/GNAI1/CCNB1/PSRC1/CDCA8/KIF23/KIF11/CENPE/NUF2/ANKRD53/TACC1/SPC25/CENPH/RACGAP1/POC1A/CHMP4C/PLK1/AURKB/PRC1/KIF4B/KIFC1,32
BP,GO:0014902,myotube differentiation,32/2867,137/18860,0.233576642335766,1.53653835872081,2.66858812703443,0.0075782970524261,0.0387129981358811,0.0272496926299091,CYP26B1/CD9/IGF1/EHD2/CACNA1S/XBP1/SIX4/CAV2/CCL8/CD81/SMYD1/GDF15/ADGRB3/CCN3/CXCL9/RPL3L/MYOCD/NOTCH1/ADAMTS5/PLPP7/SCGB3A1/AVPR1A/B4GALNT2/CXCL10/TRIM72/BHLHA15/CAV3/MYMK/DNER/KEL/ERVFRD-1/MYMX,32
BP,GO:0016486,peptide hormone processing,13/2867,42/18860,0.30952380952381,2.03614197684655,2.84619983856134,0.0075925160249758,0.0387205578152921,0.0272550138127224,CMA1/PCSK5/BCHE/PCSK4/PCSK2/ACE2/CTSL/ENPEP/PCSK6/CORIN/ANPEP/HID1/MME,13
BP,GO:0050671,positive regulation of lymphocyte proliferation,35/2867,153/18860,0.22875816993464,1.50484097836321,2.65464498825254,0.0076073993354791,0.0387639401176677,0.0272855501819585,IGF1/CD209/EFNB1/PYCARD/CD81/IL23A/PRLR/BCL6/HHLA2/TACR1/NR5A2/TNFSF4/GPAM/CD80/STAT5A/VAV3/VTCN1/ANXA1/IL6/TLR4/IL18/TNFRSF13C/FCRL3/TGFBR2/IGF2/STAT5B/LEP/ATAD5/IRS2/PDCD1LG2/CARD11/FCGR3A/BTNL2/HLA-E/MIF,35
BP,GO:0002043,blood vessel endothelial cell proliferation involved in sprouting angiogenesis,16/2867,56/18860,0.285714285714286,1.87951567093527,2.79074838660339,0.0076516553827284,0.0389241950390012,0.027398352020076,NGFR/PPP1R16B/ITGB1BP1/DLL4/APLNR/FGF2/ACVRL1/EPHA2/AGTR1/BMPER/JCAD/MMRN2/MIR342/MIR126/MIR23A/APELA,16
BP,GO:0050819,negative regulation of coagulation,16/2867,56/18860,0.285714285714286,1.87951567093527,2.79074838660339,0.0076516553827284,0.0389241950390012,0.027398352020076,TFPI/CD9/FAP/EDN1/SERPINE1/PROC/PLAU/TSPAN8/F12/PDGFRA/ADAMTS18/SERPING1/ANGPT1/KLKB1/C1QTNF1/PROS1,16
BP,GO:0061008,hepaticobiliary system development,34/2867,148/18860,0.22972972972973,1.51123219487363,2.64360860679229,0.0078889157003607,0.0400975907545928,0.0282242935416005,CPS1/TGFBR3/LIMS2/AURKA/XBP1/SLC7A5/LSR/HPN/MET/EZH2/MDK/PROX1/PKD2/PCK1/SOX9/ALDH1A2/E2F8/ASS1/HNF1A/IL6/NOTCH1/DNAAF1/FOXH1/CLDN1/SOX17/CA3/HSPA12A/E2F7/MESP1/PCSK9/JUN/PTCH1/SULF2/CEBPA,34
BP,GO:0001658,branching involved in ureteric bud morphogenesis,17/2867,61/18860,0.278688524590164,1.83329807246965,2.75998123241558,0.0079546649443733,0.0403306156771021,0.028388317456545,SOX8/SIX4/EYA1/FGF1/TCF21/PKD2/SOX9/BMP2/FGF2/GPC3/GREM1/NPNT/TACSTD2/WT1/PTCH1/LGR4/HOXB7,17
BP,GO:0043030,regulation of macrophage activation,17/2867,61/18860,0.278688524590164,1.83329807246965,2.75998123241558,0.0079546649443733,0.0403306156771021,0.028388317456545,CX3CL1/NR1H3/ADGRF5/TREM2/WNT5A/PLA2G4A/NR1D1/LBP/IL6/TLR4/IL33/SNCA/TTBK1/VSIG4/LRFN5/MIF/CEBPA,17
BP,GO:1904645,response to amyloid-beta,17/2867,61/18860,0.278688524590164,1.83329807246965,2.75998123241558,0.0079546649443733,0.0403306156771021,0.028388317456545,FYN/IGF1/NGFR/APOB/TREM2/MMP9/ATP1A3/RAMP3/LRP1/CD36/TLR4/MMP13/LCN2/MMP3/CACNA2D1/ADRB2/PRNP,17
BP,GO:0007614,short-term memory,6/2867,13/18860,0.461538461538462,3.03614069920313,3.10932811505064,0.0080293831984571,0.0403727216405469,0.0284179554235588,MDK/SERPINF1/LCN2/PTCHD1/RCAN2/SLC2A4,6
BP,GO:0021670,lateral ventricle development,6/2867,13/18860,0.461538461538462,3.03614069920313,3.10932811505064,0.0080293831984571,0.0403727216405469,0.0284179554235588,DNAH5/ATP1B2/DPCD/TSKU/PAX5/AQP1,6
BP,GO:0032306,regulation of prostaglandin secretion,6/2867,13/18860,0.461538461538462,3.03614069920313,3.10932811505064,0.0080293831984571,0.0403727216405469,0.0284179554235588,ACSL4/EDN1/PLA2G3/PLA2G4A/TNFSF11/MIF,6
BP,GO:0036006,cellular response to macrophage colony-stimulating factor stimulus,6/2867,13/18860,0.461538461538462,3.03614069920313,3.10932811505064,0.0080293831984571,0.0403727216405469,0.0284179554235588,TREM2/TLR4/MST1R/DCSTAMP/CSF1/PDE2A,6
BP,GO:0040015,negative regulation of multicellular organism growth,6/2867,13/18860,0.461538461538462,3.03614069920313,3.10932811505064,0.0080293831984571,0.0403727216405469,0.0284179554235588,ADRB1/SOCS2/GDF15/ADRB2/PTCH1/ADRB3,6
BP,GO:0060075,regulation of resting membrane potential,6/2867,13/18860,0.461538461538462,3.03614069920313,3.10932811505064,0.0080293831984571,0.0403727216405469,0.0284179554235588,TREM2/KCNK6/ATP1A3/KCNK13/KCNK9/KCNK3,6
BP,GO:0061430,bone trabecula morphogenesis,6/2867,13/18860,0.461538461538462,3.03614069920313,3.10932811505064,0.0080293831984571,0.0403727216405469,0.0284179554235588,SFRP1/COL1A1/MSX2/CHAD/FBN2/GREM1,6
BP,GO:0061517,macrophage proliferation,6/2867,13/18860,0.461538461538462,3.03614069920313,3.10932811505064,0.0080293831984571,0.0403727216405469,0.0284179554235588,CX3CL1/TREM2/CLU/NDP/IL33/CSF1,6
BP,GO:0070837,dehydroascorbic acid transport,6/2867,13/18860,0.461538461538462,3.03614069920313,3.10932811505064,0.0080293831984571,0.0403727216405469,0.0284179554235588,SLC2A1/SLC2A6/SLC23A1/SLC2A14/SLC2A4/SLC2A10,6
BP,GO:0098814,spontaneous synaptic transmission,6/2867,13/18860,0.461538461538462,3.03614069920313,3.10932811505064,0.0080293831984571,0.0403727216405469,0.0284179554235588,SYT1/CBLN2/DOC2A/NSG1/PRKN/DOC2B,6
BP,GO:0002292,T cell differentiation involved in immune response,25/2867,101/18860,0.247524752475248,1.62829327927561,2.68056576998081,0.008063308494452,0.0404579557447502,0.0284779508579856,PRKCZ/IL12RB2/LGALS1/GATA3/IL23A/BCL6/TNFSF4/MYB/CD80/LY9/PCK1/STAT5A/ANXA1/IL6/LEF1/RORC/IL18/BATF/EOMES/ICOS/PTGER4/PDP2/ASCL2/SOCS3/ENTPD7,25
BP,GO:0007179,transforming growth factor beta receptor signaling pathway,54/2867,258/18860,0.209302325581395,1.376854503127,2.58054805072424,0.0080663007670072,0.0404579557447502,0.0284779508579856,FUT8/TGFBR3/FERMT2/LTBP4/BAMBI/XBP1/FERMT1/RGCC/CAV2/ASPN/ENG/FOLR1/ITGB6/TGFB3/SMAD9/FMOD/NDP/BMP2/OVOL2/GDF5/ID1/WFIKKN1/RASL11B/CDKN1C/GDF15/PPARG/SPRY2/SMAD6/FBN2/ACVRL1/MYOCD/CDKN2B/LATS2/DAB2/FOXH1/TGFBR2/SPRY1/COL1A2/COL3A1/NPNT/ZEB2/FOS/LRG1/WFIKKN2/CIDEA/SOX11/JUN/CDH5/CAV3/TSKU/CLDN5/PPARA/SLC2A10/MIR342,54
BP,GO:0032944,regulation of mononuclear cell proliferation,54/2867,258/18860,0.209302325581395,1.376854503127,2.58054805072424,0.0080663007670072,0.0404579557447502,0.0284779508579856,CD22/IGF1/TNFRSF1B/TNFRSF9/CD209/EFNB1/PYCARD/IL4I1/VSIR/CRTAM/CD81/IL23A/PRLR/BCL6/HHLA2/TACR1/NR5A2/TNFSF4/GPAM/CD80/STAT5A/FOXJ1/VAV3/VTCN1/ANXA1/IL6/TLR4/ERBB2/TNFRSF21/IL18/VSIG4/TNFRSF13C/FCRL3/TGFBR2/CTLA4/IGF2/PRNP/STAT5B/LEP/ATAD5/SOX11/CLEC4G/CSF1/IRS2/BTLA/PLA2G2A/PDCD1LG2/CARD11/CR1/FCGR3A/BTNL2/HLA-E/TNFRSF13B/MIF,54
BP,GO:0060538,skeletal muscle organ development,43/2867,197/18860,0.218274111675127,1.43587364708507,2.60382148105269,0.0080916556695787,0.0405516692624641,0.0285439148668698,CYP26B1/SOX8/YBX3/PITX1/ABCC9/CACNA1S/TLL2/SIX4/MYOM1/CAV2/CAV1/MEOX2/NEURL1/HLF/POPDC1/SMYD1/TCF21/EGR1/TWIST1/CNTFR/NR4A1/FOXP2/ASS1/MYOCD/NOTCH1/S100B/MYL3/EOMES/CFL2/B4GALNT2/IGF2/SCN11A/FOS/FOXN2/DES/SOX11/WT1/MAFF/DNER/PAX5/KEL/DMD/MYMX,43
BP,GO:0003156,regulation of animal organ formation,10/2867,29/18860,0.344827586206897,2.26838098216326,2.89414467394991,0.0081064351537761,0.0405588636212389,0.0285489789041369,FGFR1/FGF1/WNT5A/HOXC11/BMP2/SULF1/FGF2/SPRY1/MESP1/WT1,10
BP,GO:0006929,substrate-dependent cell migration,10/2867,29/18860,0.344827586206897,2.26838098216326,2.89414467394991,0.0081064351537761,0.0405588636212389,0.0285489789041369,TNFRSF12A/EPHA8/NRP1/FN1/ITGB1BP1/VEGFC/ADAM8/P2RY12/CSPG4/STON1,10
BP,GO:0043113,receptor clustering,18/2867,66/18860,0.272727272727273,1.79408314043822,2.73612881636491,0.0081681907510634,0.0408342364931864,0.0287428111176185,DLG3/CHRDL1/ZDHHC2/CD81/ITGB1BP1/TNFAIP6/LRP4/GSN/SLC7A11/FARP1/PIGR/NLGN1/CDH2/DOK7/NRXN1/FZD9/RELN/SHANK3,18
BP,GO:0008306,associative learning,24/2867,96/18860,0.25,1.64457621206836,2.68074427033813,0.0081908731895012,0.0409139836639096,0.0287989443543852,ABCC8/ATP1A2/RAPGEF3/OPRK1/NDRG4/SLC1A1/SLC6A4/PDE8B/TACR1/TNR/PPP1R1B/MEIS2/TPBG/SLC7A11/GRIA1/KIT/BRSK1/FOS/GRIN1/CSMD1/DRD1/RELN/PLN/SHANK3,24
BP,GO:0010463,mesenchymal cell proliferation,14/2867,47/18860,0.297872340425532,1.95949506118784,2.78850131067874,0.0082630736419493,0.0412069111315916,0.0290051330724271,FGFR1/WNT11/WNT5A/SOX9/BMP2/KDR/FOXP2/FGF7/OSR1/GPC3/NFIB/MSX1/TGFBR2/IRS2,14
BP,GO:0120178,steroid hormone biosynthetic process,14/2867,47/18860,0.297872340425532,1.95949506118784,2.78850131067874,0.0082630736419493,0.0412069111315916,0.0290051330724271,HSD17B6/HSD17B2/BMP5/NR3C1/NR5A2/EGR1/BMP2/HSD17B7/CYP11A1/ADM/DAB2/BMP6/HSD17B11/CYP21A2,14
BP,GO:0008543,fibroblast growth factor receptor signaling pathway,23/2867,91/18860,0.252747252747253,1.66264847813505,2.68282004152059,0.0082921624657978,0.0413180783849061,0.0290833825914309,NGFR/FGFR3/FGFR1/GATA3/FGF6/FGF1/WNT5A/RUNX2/KL/KLB/SPRY2/SULF1/FGF2/FGF7/CREB3L1/FGFR4/SPRY1/SHCBP1/NRXN1/SHISA2/LRIT3/FLRT2/SULF2,23
BP,GO:0008652,amino acid biosynthetic process,19/2867,71/18860,0.267605633802817,1.76039143827036,2.71783299954622,0.0083048537856838,0.0413279597282747,0.0290903379703097,CPS1/ATP2B4/SLC1A3/PHGDH/PYCR3/SLC38A1/AGXT2/ASS1/BHMT2/PSAT1/GAD2/BHMT/CBS/LOC102724560/ALDH1A1/SHMT1/SEPHS2/PYCR1/ABAT,19
BP,GO:0006576,biogenic amine metabolic process,22/2867,86/18860,0.255813953488372,1.68282217048856,2.68711739724033,0.0083614195606732,0.0415609726159709,0.0292543534140694,MAOB/MOXD1/SLC1A1/GATA3/ALDH2/EPAS1/AOC2/KL/SLC6A3/AZIN2/OAZ3/SNCA/SLC22A3/RNF180/SLC29A4/NPR1/TRH/INSM1/ABAT/DRD1/PRKN/MAOA,22
BP,GO:0150116,regulation of cell-substrate junction organization,20/2867,76/18860,0.263157894736842,1.7311328548088,2.70406585747823,0.008376068069509,0.041599769439988,0.0292816621108997,MYOC/GPM6B/FERMT2/CAMSAP3/NRP1/SFRP1/RHOU/ITGB1BP1/TEK/KDR/ROCK2/TLN1/ACVRL1/DMTN/DLC1/GREM1/FAM107A/PEAK1/EFNA5/APOD,20
BP,GO:0051963,regulation of synapse assembly,40/2867,181/18860,0.220994475138122,1.45376902724275,2.59720083341202,0.0083972339276327,0.0416708449355749,0.0293316914421714,MYCBP2/CYFIP2/GPC4/FGFR1/SIX4/SYNDIG1/CBLN1/PTPRS/NEURL1/LIN7A/WNT5A/MARK1/ADGRB2/RAB17/LRRC4B/MAP1B/LRP4/ADGRB3/NTRK3/CBLN2/SNCA/LRRTM2/TPBG/NLGN4X/VLDLR/NTRK2/FARP1/LRFN5/CASKIN1/NLGN1/LRRC15/LRRN3/NECTIN3/NRXN1/EFNA5/SLITRK6/FLRT2/SLITRK2/THBS2/ARHGEF15,40
BP,GO:0019934,cGMP-mediated signaling,12/2867,38/18860,0.31578947368421,2.07735942577056,2.81467164145648,0.0085329662291186,0.0422409623019645,0.0297329913606784,ATP2B4/IRAG1/GUCY2F/KDR/PDE11A/CD36/EDNRB/NPR1/PDE3A/NPPA/PDE2A/AQP1,12
BP,GO:1902932,positive regulation of alcohol biosynthetic process,12/2867,38/18860,0.31578947368421,2.07735942577056,2.81467164145648,0.0085329662291186,0.0422409623019645,0.0297329913606784,ADCYAP1R1/QKI/FGF1/PCK1/GNAI1/LHCGR/SNCA/DAB2/BMP6/PTH1R/GPR146/GPER1,12
BP,GO:1905332,positive regulation of morphogenesis of an epithelium,12/2867,38/18860,0.31578947368421,2.07735942577056,2.81467164145648,0.0085329662291186,0.0422409623019645,0.0297329913606784,SOX8/SIX4/GATA3/MDK/SOX9/FGF2/ITGAX/LCN2/GREM1/MMRN2/LGR4/HOXB7,12
BP,GO:0045807,positive regulation of endocytosis,37/2867,165/18860,0.224242424242424,1.47513502658253,2.59540115111753,0.008632251930327,0.0426937045680935,0.0300516721187349,RAP1GAP/SIRPG/TF/TREM2/PYCARD/TFR2/SERPINE1/WNT5A/COLEC11/CLU/LRP1/GPR18/CCR7/IL15RA/APLNR/CD36/BIN1/CCL21/FCN3/SNCA/GPC3/FCGR1A/DAB2/ANGPT1/GREM1/RAB31/PCSK9/NLGN1/CLEC7A/ANO6/CAV3/COLEC10/SIRPA/ITSN1/C4B/C4A/APELA,37
BP,GO:0010878,cholesterol storage,9/2867,25/18860,0.36,2.36818974537844,2.89828928488317,0.0086595390249151,0.0426937045680935,0.0300516721187349,NR1H3/APOB/TREM2/PPARG/CD36/ABCA1/LPL/PPARA/CES1,9
BP,GO:0042744,hydrogen peroxide catabolic process,9/2867,25/18860,0.36,2.36818974537844,2.89828928488317,0.0086595390249151,0.0426937045680935,0.0300516721187349,TPO/PRDX6/CAT/SNCA/HBA2/HBA1/GPX3/HBB/HP,9
BP,GO:0051953,negative regulation of amine transport,9/2867,25/18860,0.36,2.36818974537844,2.89828928488317,0.0086595390249151,0.0426937045680935,0.0300516721187349,RGS4/SNCA/ADRA2A/ADORA1/NPY5R/TRH/LEP/ABAT/ADRA2C,9
BP,GO:0061339,establishment or maintenance of monopolar cell polarity,9/2867,25/18860,0.36,2.36818974537844,2.89828928488317,0.0086595390249151,0.0426937045680935,0.0300516721187349,CAMSAP3/NHERF1/PTK7/WNT5A/TCF15/FOXJ1/MAP1B/PATJ/SYNE4,9
BP,GO:0048659,smooth muscle cell proliferation,39/2867,176/18860,0.221590909090909,1.45769255160605,2.58287540958077,0.0087594004460412,0.0431510496851578,0.0303735927775805,CX3CL1/IGF1/CALCRL/EDN1/GSTP1/XBP1/MMP9/RGCC/NDRG4/CCN4/OGN/PPARGC1A/TACR1/MYB/TGFB3/BMP2/CNN1/ACE2/PPARG/IL6/KLF4/TLR4/CCN3/FGF2/CDH13/MYOCD/RGS5/IL18/ADAMTS1/DDR2/NPY5R/GPER1/NDRG2/RBPMS2/NPR1/S1PR1/JUN/ADIPOQ/APOD,39
BP,GO:0042572,retinol metabolic process,15/2867,52/18860,0.288461538461538,1.89758793700196,2.74419885746712,0.0087826739717296,0.0432306680762303,0.0304296353676377,HSD17B6/RETSAT/DGAT2/LIPE/CYP3A5/ALDH1A2/RDH5/RBP4/DHRS3/ALDH1A1/SDR16C5/PNPLA2/DGAT1/AKR1C3/ADH1B,15
BP,GO:0048148,behavioral response to cocaine,7/2867,17/18860,0.411764705882353,2.70871376105378,2.98419337406038,0.0088822659798546,0.0435095043445094,0.0306259054311964,OPRK1/SLC6A4/FOSB/PPP1R1B/SNCA/SDK1/DRD1,7
BP,GO:0070341,fat cell proliferation,7/2867,17/18860,0.411764705882353,2.70871376105378,2.98419337406038,0.0088822659798546,0.0435095043445094,0.0306259054311964,TREM2/E2F1/OVOL2/PID1/VSTM2A/SLC2A4/CEBPA,7
BP,GO:0097091,synaptic vesicle clustering,7/2867,17/18860,0.411764705882353,2.70871376105378,2.98419337406038,0.0088822659798546,0.0435095043445094,0.0306259054311964,SYN1/SYNDIG1/SYN2/BRSK1/NLGN1/CDH2/NRXN1,7
BP,GO:0170043,non-proteinogenic amino acid biosynthetic process,7/2867,17/18860,0.411764705882353,2.70871376105378,2.98419337406038,0.0088822659798546,0.0435095043445094,0.0306259054311964,CPS1/ATP2B4/SLC1A3/SLC38A1/GAD2/ALDH1A1/ABAT,7
BP,GO:2001279,regulation of unsaturated fatty acid biosynthetic process,7/2867,17/18860,0.411764705882353,2.70871376105378,2.98419337406038,0.0088822659798546,0.0435095043445094,0.0306259054311964,PTGS2/EDN1/PLA2G3/EDN2/FABP5/AVPR1A/ABCD2,7
BP,GO:0035082,axoneme assembly,26/2867,107/18860,0.242990654205607,1.59846659864589,2.62847975831477,0.0089791503177493,0.0436262669919548,0.0307080934922288,ZMYND10/DNAH5/PLA2G3/SPEF1/SPAG1/ODAD1/NEURL1/DNAH7/BBOF1/DNAI1/DNAH8/FOXJ1/TTLL8/LRRC46/CFAP74/DNAAF1/LRGUK/RSPH1/PIERCE1/CFAP157/CFAP47/DNAAF3/CFAP65/DNAJB13/CFAP43/ODAD3,26
BP,GO:0002524,hypersensitivity,8/2867,21/18860,0.380952380952381,2.50602089458036,2.92361330566179,0.0089849764352053,0.0436262669919548,0.0307080934922288,GATA3/CCR7/FCGR1A/FCGR3B/FUT7/FCGR3A/HLA-E/IGHG1,8
BP,GO:0010744,positive regulation of macrophage derived foam cell differentiation,8/2867,21/18860,0.380952380952381,2.50602089458036,2.92361330566179,0.0089849764352053,0.0436262669919548,0.0307080934922288,APOB/PLA2G3/CD36/AGTR1/IL18/LPL/CSF1/PLA2G2A,8
BP,GO:0031643,positive regulation of myelination,8/2867,21/18860,0.380952380952381,2.50602089458036,2.92361330566179,0.0089849764352053,0.0436262669919548,0.0307080934922288,IGF1/TNFRSF1B/SOX10/QKI/WASF3/ITGAX/S100B/TPPP,8
BP,GO:0048846,axon extension involved in axon guidance,8/2867,21/18860,0.380952380952381,2.50602089458036,2.92361330566179,0.0089849764352053,0.0436262669919548,0.0307080934922288,SEMA3A/NRP1/CXCL12/WNT3/WNT5A/ALCAM/SLIT3/PLXNA4,8
BP,GO:0060602,branch elongation of an epithelium,8/2867,21/18860,0.380952380952381,2.50602089458036,2.92361330566179,0.0089849764352053,0.0436262669919548,0.0307080934922288,TNC/ESR1/SIX4/FGF1/WNT5A/SOX9/SPRY2/SPRY1,8
BP,GO:0072520,seminiferous tubule development,8/2867,21/18860,0.380952380952381,2.50602089458036,2.92361330566179,0.0089849764352053,0.0436262669919548,0.0307080934922288,KIF18A/BRIP1/LHCGR/CCNO/INHBB/DNAAF3/ODAD3/MCIDAS,8
BP,GO:1902284,neuron projection extension involved in neuron projection guidance,8/2867,21/18860,0.380952380952381,2.50602089458036,2.92361330566179,0.0089849764352053,0.0436262669919548,0.0307080934922288,SEMA3A/NRP1/CXCL12/WNT3/WNT5A/ALCAM/SLIT3/PLXNA4,8
BP,GO:1903975,regulation of glial cell migration,8/2867,21/18860,0.380952380952381,2.50602089458036,2.92361330566179,0.0089849764352053,0.0436262669919548,0.0307080934922288,CX3CL1/TREM2/RRAS/ATP1B2/RRAS2/CERS2/P2RY12/CSF1,8
BP,GO:0010976,positive regulation of neuron projection development,36/2867,160/18860,0.225,1.48011859086153,2.58223592533675,0.0089850446247618,0.0436262669919548,0.0307080934922288,CX3CL1/FYN/CAMK2B/SCARF1/FGFR1/ITGA6/PLA2G3/PTK6/NDRG4/EZH2/MDK/BMP5/PTK7/KAT2B/WNT5A/TNN/PACSIN1/ATP1B2/SERPINF1/CAMK1/TUBB2B/ITPKA/NTRK3/VLDLR/NTRK2/FEZ1/ROBO3/DDR2/RET/ZNF804A/NDNF/RGMA/RELN/ALKAL2/DMD/TENM3,36
BP,GO:0051224,negative regulation of protein transport,30/2867,128/18860,0.234375,1.54179019881409,2.60406765117206,0.0090423995463945,0.0438697101696189,0.0308794507128944,ABCC8/NR1H3/DERL3/FERMT1/PDE8B/LYPLA1/ACVR1C/GNAI1/GNAZ/CD36/MDFIC/CCN3/BARD1/HADH/ADRA2A/FOXO1/FRMD4A/ANGPT1/CABP1/KCNB1/PKDCC/INHBB/ADIPOQ/F2R/BMP8A/ADRA2C/PRKN/KCNJ11/APOD/FAM3D,30
BP,GO:0050670,regulation of lymphocyte proliferation,53/2867,254/18860,0.208661417322835,1.37263841322241,2.53154807948743,0.0091482964143967,0.0443480812624542,0.0312161713460275,CD22/IGF1/TNFRSF1B/TNFRSF9/CD209/EFNB1/PYCARD/IL4I1/VSIR/CRTAM/CD81/IL23A/PRLR/BCL6/HHLA2/TACR1/NR5A2/TNFSF4/GPAM/CD80/STAT5A/FOXJ1/VAV3/VTCN1/ANXA1/IL6/TLR4/ERBB2/TNFRSF21/IL18/VSIG4/TNFRSF13C/FCRL3/TGFBR2/CTLA4/IGF2/PRNP/STAT5B/LEP/ATAD5/SOX11/CLEC4G/IRS2/BTLA/PLA2G2A/PDCD1LG2/CARD11/CR1/FCGR3A/BTNL2/HLA-E/TNFRSF13B/MIF,53
BP,GO:0031638,zymogen activation,16/2867,57/18860,0.280701754385965,1.84654171179606,2.71006947764349,0.0091698453347044,0.0443767515603859,0.0312363520823142,HPN/SERPINE1/VSIR/HGFAC/GZMK/PLAU/MASP1/F12/CTSL/FCN3/RUNX1/CLEC3B/PRSS12/KLKB1/CFD/HP,16
BP,GO:0099172,presynapse organization,16/2867,57/18860,0.280701754385965,1.84654171179606,2.71006947764349,0.0091698453347044,0.0443767515603859,0.0312363520823142,GPC4/PLS3/CBLN1/WNT5A/EFNB2/LRRC4B/LRP4/NTRK3/SNCA/NLGN4X/FARP1/LRFN5/NLGN1/TLN2/NRXN1/SLITRK2,16
BP,GO:0051928,positive regulation of calcium ion transport,25/2867,102/18860,0.245098039215686,1.61232961967487,2.62542910784856,0.0091761106615241,0.0443767515603859,0.0312363520823142,CX3CL1/ATP2C2/MYLK/ADCYAP1R1/P2RX5/CEMIP/CAV1/CXCL12/MCHR1/APLNR/TRPC6/CXCL9/SNCA/ANK2/MS4A1/CACNA1D/GPER1/CXCL10/CXCL11/GRIN1/AKAP5/F2R/DRD1/CXCR3/ASPH,25
BP,GO:0044772,mitotic cell cycle phase transition,89/2867,461/18860,0.193058568329718,1.26999811604412,2.48497655073772,0.009210496245554,0.0445076364679833,0.0313284806611808,USH1C/ANLN/FHL1/FOXN3/TRIP13/CDC14B/ORC1/AURKA/BIRC5/MAP3K20/CLSPN/CDC6/E2F1/RGCC/CCNP/EZH2/FOXM1/TTK/RHOU/CENPF/KIF14/MYB/PKD2/CCND2/DUSP1/INHBA/ZWINT/CDKN2C/STIL/CKS2/DLGAP5/HSPA2/PKMYT1/CDKN1C/KCNA5/NES/CCNB1/CDCA8/ANXA1/ESPL1/USP44/KLF4/IER3/KNL1/BARD1/CENPE/TICRR/NUF2/DTL/CCNA2/EGFR/NFIB/CDKN2B/LATS2/EPS8/SPC25/CCNO/ADAMTS1/SKA1/BUB1B/CDC25C/BRSK1/SPC24/DDR2/MAD2L1/CHMP4C/MELK/E2F7/PLK1/FAM107A/BUB1/CDK1/RRM2/KLF11/ID4/UBE2C/CCNE2/ATAD5/HASPIN/AURKB/UBE2E2/IQGAP3/FOXO4/MUC1/DBX2/DCUN1D3/KANK2/BLM/CDC14C,89
BP,GO:0032733,positive regulation of interleukin-10 production,13/2867,43/18860,0.302325581395349,1.98878983785011,2.74834493021627,0.0093997045750378,0.045379371016476,0.031942085900897,PRKCZ/TREM2/PYCARD/IL23A/TNFSF4/IL6/TLR4/TSLP/INAVA/RBM47/CLEC7A/TIGIT/ISG15,13
BP,GO:0043254,regulation of protein-containing complex assembly,85/2867,438/18860,0.194063926940639,1.27661167146859,2.47997541401388,0.0094058245567954,0.045379371016476,0.031942085900897,FKBP4/BAIAP2L1/TENM1/CAPG/CYFIP2/PRKCZ/SPTB/FERMT2/CAMSAP3/PAK3/TREM2/SH3GLB1/KCNK6/BIK/FERMT1/PYCARD/RASIP1/MET/CCL24/KANK1/CRYAB/SPTBN1/OPRD1/KIF14/CLU/ARHGAP40/SOX9/THRA/CCR7/SYNGR3/GFAP/MAP1B/KANK4/PSRC1/CD36/BIN1/TMOD1/STXBP1/TLR4/CCL21/SLAIN1/SKAP1/ANKRD53/SNCA/DAAM2/TTBK1/GSN/ADD3/ESAM/CDC42EP2/MMP3/LATS2/EPS8/KCNK13/SKA1/CXCL13/PINK1/DMTN/TPPP3/BRSK1/TAL1/LMOD1/ABCA1/STXBP6/P2RY12/TPPP/PTGER4/CCL11/CLEC7A/INSM1/SELP/CDK5R1/CDH5/MAPK15/CAV3/KIRREL1/INPP5J/TRABD2A/KANK3/ISG15/EVL/MMP1/KANK2/OCLN/CYRIA,85
BP,GO:0002294,"CD4-positive, alpha-beta T cell differentiation involved in immune response",23/2867,92/18860,0.25,1.64457621206836,2.62402155563646,0.0095038668089369,0.0457053231191897,0.0321715203296086,PRKCZ/IL12RB2/LGALS1/GATA3/IL23A/BCL6/TNFSF4/MYB/CD80/LY9/STAT5A/ANXA1/IL6/LEF1/RORC/IL18/BATF/ICOS/PTGER4/PDP2/ASCL2/SOCS3/ENTPD7,23
BP,GO:0002828,regulation of type 2 immune response,11/2867,34/18860,0.323529411764706,2.12827509797082,2.78794140892812,0.0095260148695531,0.0457053231191897,0.0321715203296086,PRKCZ/GATA3/CD81/BCL6/TNFSF4/ANXA1/IL6/IL33/IL18/ASCL2/DENND1B,11
BP,GO:0015813,L-glutamate transmembrane transport,11/2867,34/18860,0.323529411764706,2.12827509797082,2.78794140892812,0.0095260148695531,0.0457053231191897,0.0321715203296086,ATP1A2/SLC1A3/SLC17A7/SLC1A1/SLC1A2/SLC1A4/SLC7A11/SLC1A7/SLC7A13/TTYH1/SLC25A18,11
BP,GO:0030212,hyaluronan metabolic process,11/2867,34/18860,0.323529411764706,2.12827509797082,2.78794140892812,0.0095260148695531,0.0457053231191897,0.0321715203296086,HMMR/ITIH6/HAS3/CEMIP/HYAL1/ITIH5/TNFAIP6/LYVE1/STAB2/FGF2/ITIH3,11
BP,GO:0043406,positive regulation of MAP kinase activity,11/2867,34/18860,0.323529411764706,2.12827509797082,2.78794140892812,0.0095260148695531,0.0457053231191897,0.0321715203296086,TENM1/FGFR1/FLT1/EZH2/SASH1/FGF1/FGF2/ERBB2/NEK10/MST1R/RASGRP1,11
BP,GO:0051497,negative regulation of stress fiber assembly,11/2867,34/18860,0.323529411764706,2.12827509797082,2.78794140892812,0.0095260148695531,0.0457053231191897,0.0321715203296086,MYOC/CORO2B/MET/RHPN2/INPP5K/OAZ3/TMEFF2/RHPN1/DLC1/S1PR1/TACSTD2,11
BP,GO:1902624,positive regulation of neutrophil migration,11/2867,34/18860,0.323529411764706,2.12827509797082,2.78794140892812,0.0095260148695531,0.0457053231191897,0.0321715203296086,DAPK2/EDN1/MDK/IL23A/THBS4/XG/CCR7/LBP/CCL21/ADAM8/FUT7,11
BP,GO:0017156,calcium-ion regulated exocytosis,18/2867,67/18860,0.26865671641791,1.76730578013317,2.66388837326818,0.0096184831926961,0.0460844140803509,0.0324383586699035,SYT13/SYT1/CBARP/SYT17/EQTN/SYT6/STXBP1/UNC13C/NOTCH1/DOC2A/ADRA2A/SYN2/TSPAN18/KCNB1/CADPS/SYT9/SYT15/DOC2B,18
BP,GO:0099068,postsynapse assembly,22/2867,87/18860,0.252873563218391,1.66347938691972,2.62620382189258,0.0096232286340504,0.0460844140803509,0.0324383586699035,CYFIP2/FGFR1/SYNDIG1/CBLN1/PTPRS/NEURL1/WNT5A/MARK1/CSMD2/LRRC4B/MAP1B/LRP4/NTRK3/LRRTM2/CASKIN1/NLGN1/CDH2/NECTIN3/NRXN1/RELN/ARHGEF15/SHANK3,22
BP,GO:0006694,steroid biosynthetic process,39/2867,177/18860,0.220338983050847,1.44945700046703,2.54366364839506,0.0096277686925556,0.0460844140803509,0.0324383586699035,CFTR/HSD17B6/APOB/HSD17B2/SEC14L2/CYB5R3/SQLE/CYP27B1/BMP5/QKI/PDE8B/PRLR/FGF1/NR3C1/NR5A2/PROX1/EGR1/INHBA/PCK1/BMP2/NR1D1/GNAI1/HSD17B7/LHCGR/CYP11A1/ADM/TM7SF2/DAB2/BMP6/FGFR4/GPR146/ACAA2/FAXDC2/LEP/AKR1C3/HSD17B11/CES1/MIR342/CYP21A2,39
BP,GO:0002697,regulation of immune effector process,82/2867,421/18860,0.194774346793349,1.28128502982998,2.47130981047399,0.0096761714387815,0.046279658675337,0.0325757893897446,CFH/CD22/TNFRSF1B/PRKCZ/IRAK3/TREM2/PLA2G3/LGALS1/XBP1/SLC7A5/PYCARD/FCER2/IL4I1/GATA3/CRTAM/CD81/IL23A/BCL6/WNT5A/POMC/CR2/TNFSF4/COLEC11/VAMP8/TGFB3/CLU/CD80/TWIST1/PCK1/STAT5A/MASP1/FOXJ1/LBP/ANXA1/CD36/IL6/STXBP1/TLR4/IL33/RBP4/FCN3/NECTIN4/SUSD4/SERPING1/FCGR1A/IL18/ANGPT1/VSIG4/BATF/KIT/CD1A/CD1E/FCRL3/AZGP1/PGLYRP2/FZD5/INAVA/DNASE1L3/GPRC5B/KLK5/EVPL/KLK7/APLF/YWHAG/CLEC7A/RASGRP1/STAT5B/LEP/A2M/ATAD5/FUT7/TIGIT/CLEC4G/ASCL2/PKP3/COLEC10/PDCD1/CALHM6/CR1/HLA-E/DENND1B/MIF,82
BP,GO:0006635,fatty acid beta-oxidation,19/2867,72/18860,0.263888888888889,1.73594155718327,2.64897285501493,0.0097119427946945,0.0463413659724867,0.0326192245397284,ACACB/ECHDC1/ETFB/EHHADH/ACADL/TWIST1/ACADS/ECHS1/HADH/ACOXL/ACOX1/ACAA2/ABCD2/LEP/ADIPOQ/IRS2/PPARA/CPT1B/PLIN5,19
BP,GO:0051965,positive regulation of synapse assembly,19/2867,72/18860,0.263888888888889,1.73594155718327,2.64897285501493,0.0097119427946945,0.0463413659724867,0.0326192245397284,SYNDIG1/CBLN1/ADGRB2/LRRC4B/ADGRB3/NTRK3/CBLN2/LRRTM2/TPBG/NTRK2/NLGN1/LRRC15/LRRN3/NRXN1/EFNA5/SLITRK6/FLRT2/SLITRK2/THBS2,19
BP,GO:0060042,retina morphogenesis in camera-type eye,19/2867,72/18860,0.263888888888889,1.73594155718327,2.64897285501493,0.0097119427946945,0.0463413659724867,0.0326192245397284,SOX8/USH1C/TSPAN12/SLC1A1/PROX1/NDP/SOX9/TFAP2A/RBP4/SDK1/NTRK2/NOTCH1/THRB/PTPRM/IRX5/NECTIN3/FJX1/SAMD11/RORB,19
BP,GO:0003281,ventricular septum development,20/2867,77/18860,0.25974025974026,1.70865060994116,2.63817291130963,0.0097364747428366,0.0463856034182632,0.0326503628358611,TGFBR3/LRP2/WNT11/TBX5/SALL4/GATA3/PTK7/WNT5A/PROX1/SOX4/APLNR/SMAD6/NOTCH1/TGFBR2/HEY1/ZFPM2/SOX11/FZD2/SLIT3/PDE2A,20
BP,GO:0045685,regulation of glial cell differentiation,20/2867,77/18860,0.25974025974026,1.70865060994116,2.63817291130963,0.0097364747428366,0.0463856034182632,0.0326503628358611,TNFRSF1B/TREM2/PTPRZ1/MDK/QKI/DLX2/CXCR4/BMP2/NR1D1/IL6/BIN1/NTRK3/TNFRSF21/DAAM2/TTBK1/NOTCH1/HMGA2/SPINT1/CDK1/ID4,20
BP,GO:0046777,protein autophosphorylation,31/2867,134/18860,0.23134328358209,1.52184664400356,2.56673476326499,0.0097698555622776,0.0465081847792369,0.032736646631215,MAP3K9/DAPK2/FLT4/CAMK2B/FGFR1/AURKA/MAP3K20/PTK6/BMX/FLT1/PASK/NEK2/SRMS/KDR/PDGFRA/PIM1/TOM1L1/NTRK2/KIT/FGFR4/DDR2/NEK10/MELK/SIK2/PEAK1/TNK1/ERBB4/MAPK15/ADIPOQ/DAPK1/GRK5,31
BP,GO:0048660,regulation of smooth muscle cell proliferation,38/2867,172/18860,0.22093023255814,1.45334641996739,2.52883916727878,0.0100489242621351,0.0477992258133953,0.033645397517156,CX3CL1/IGF1/CALCRL/EDN1/GSTP1/XBP1/MMP9/RGCC/NDRG4/CCN4/OGN/PPARGC1A/TACR1/MYB/TGFB3/BMP2/CNN1/ACE2/PPARG/IL6/KLF4/TLR4/FGF2/CDH13/MYOCD/RGS5/IL18/ADAMTS1/DDR2/NPY5R/GPER1/NDRG2/RBPMS2/NPR1/S1PR1/JUN/ADIPOQ/APOD,38
BP,GO:0031641,regulation of myelination,14/2867,48/18860,0.291666666666667,1.91867224741309,2.69818633540275,0.0100693017100558,0.0478587060949409,0.0336872650931048,IGF1/TNFRSF1B/SOX10/PTPRZ1/QKI/KIF14/WASF3/LPIN1/ITGAX/TNFRSF21/LGI4/JAM2/S100B/TPPP,14
BP,GO:0001889,liver development,33/2867,145/18860,0.227586206896552,1.49713144822775,2.54430124655567,0.0100995517219457,0.0479649804044593,0.033762070517853,CPS1/TGFBR3/LIMS2/AURKA/XBP1/SLC7A5/LSR/HPN/MET/EZH2/MDK/PROX1/PKD2/PCK1/SOX9/ALDH1A2/E2F8/ASS1/HNF1A/IL6/NOTCH1/DNAAF1/FOXH1/CLDN1/CA3/HSPA12A/E2F7/MESP1/PCSK9/JUN/PTCH1/SULF2/CEBPA,33
BP,GO:0005976,polysaccharide metabolic process,26/2867,108/18860,0.240740740740741,1.58366598199176,2.57549475984021,0.0101580206695332,0.0482050020687682,0.0339310193694501,IGF1/GYG2/PYGM/SORBS1/PYGL/HAS3/GYS2/PCDH12/GBE1/POMC/PASK/LEPR/STBD1/GNMT/NR1D1/INPP5K/PPP1R1A/GABARAPL1/CHST7/PHKG1/IGF2/UGP2/CHST1/PHLDA2/IRS2/PPP1R3G,26
BP,GO:1903828,negative regulation of protein localization,47/2867,222/18860,0.211711711711712,1.39270417958943,2.49201450110966,0.0103728074745284,0.0485009633412524,0.0341393435523832,ABCC8/NR1H3/GPM6B/DERL3/FERMT1/PDE8B/RHOQ/LYPLA1/ACVR1C/WNK4/GNAI1/GNAZ/ROCK2/CD36/MDFIC/TMBIM1/ABHD17C/CCN3/BARD1/HADH/LATS2/LYPD1/ADRA2A/FOXO1/FRMD4A/DAB2/PID1/ANGPT1/CABP1/KCNB1/PKDCC/INHBB/MRAP/LRRC15/SFN/ADIPOQ/F2R/CAV3/BMP8A/ADRA2C/PRKN/SAPCD2/KCNJ11/FZD9/APOD/FAM3D/TRIM40,47
BP,GO:0034109,homotypic cell-cell adhesion,25/2867,103/18860,0.242718446601942,1.59667593404696,2.57089093468176,0.0104108376208892,0.0485009633412524,0.0341393435523832,CD9/GP6/TYRO3/DSP/MYL9/COMP/SLC6A4/TNFSF11/XG/EMILIN2/PDGFRA/IL6/STXBP1/TLN1/MMRN1/ADAMTS18/SLC7A11/ANK3/CXADR/PLPP3/P2RY12/C1QTNF1/PEAR1/MFSD2B/HBB,25
BP,GO:0001788,antibody-dependent cellular cytotoxicity,5/2867,10/18860,0.5,3.28915242413673,3.06568297559465,0.0104358052394075,0.0485009633412524,0.0341393435523832,FCGR1A/FCGR3B/FCGR3A/HLA-E/IGHG1,5
BP,GO:0002069,columnar/cuboidal epithelial cell maturation,5/2867,10/18860,0.5,3.28915242413673,3.06568297559465,0.0104358052394075,0.0485009633412524,0.0341393435523832,PGR/XBP1/HOXA5/FZD5/BHLHA15,5
BP,GO:0002579,positive regulation of antigen processing and presentation,5/2867,10/18860,0.5,3.28915242413673,3.06568297559465,0.0104358052394075,0.0485009633412524,0.0341393435523832,TREM2/PYCARD/CCR7/CCL21/FAM3D,5
BP,GO:0006868,glutamine transport,5/2867,10/18860,0.5,3.28915242413673,3.06568297559465,0.0104358052394075,0.0485009633412524,0.0341393435523832,SLC38A5/SLC38A1/SLC1A4/LEP/SLC38A3,5
BP,GO:0015911,long-chain fatty acid import across plasma membrane,5/2867,10/18860,0.5,3.28915242413673,3.06568297559465,0.0104358052394075,0.0485009633412524,0.0341393435523832,SLC2A1/CD36/ACSL1/IRS2/ACSL5,5
BP,GO:0030643,intracellular phosphate ion homeostasis,5/2867,10/18860,0.5,3.28915242413673,3.06568297559465,0.0104358052394075,0.0485009633412524,0.0341393435523832,ABCC6/NHERF1/SLC34A2/UMOD/SLC34A3,5
BP,GO:0032000,positive regulation of fatty acid beta-oxidation,5/2867,10/18860,0.5,3.28915242413673,3.06568297559465,0.0104358052394075,0.0485009633412524,0.0341393435523832,TWIST1/ABCD2/IRS2/PPARA/PLIN5,5
BP,GO:0035356,intracellular triglyceride homeostasis,5/2867,10/18860,0.5,3.28915242413673,3.06568297559465,0.0104358052394075,0.0485009633412524,0.0341393435523832,DGAT2/C1QTNF3/XBP1/SLC25A27/PNPLA2,5
BP,GO:0035360,positive regulation of peroxisome proliferator activated receptor signaling pathway,5/2867,10/18860,0.5,3.28915242413673,3.06568297559465,0.0104358052394075,0.0485009633412524,0.0341393435523832,LMO3/PTGIS/BMP2/FABP5/LEP,5
BP,GO:0035907,dorsal aorta development,5/2867,10/18860,0.5,3.28915242413673,3.06568297559465,0.0104358052394075,0.0485009633412524,0.0341393435523832,NGFR/ENG/DLL4/ACVRL1/HEY1,5
BP,GO:0051593,response to folic acid,5/2867,10/18860,0.5,3.28915242413673,3.06568297559465,0.0104358052394075,0.0485009633412524,0.0341393435523832,FOLR1/BCHE/CBS/LOC102724560/FOLR2,5
BP,GO:0060068,vagina development,5/2867,10/18860,0.5,3.28915242413673,3.06568297559465,0.0104358052394075,0.0485009633412524,0.0341393435523832,LRP2/ESR1/TYRO3/WNT5A/RBP4,5
BP,GO:0060385,axonogenesis involved in innervation,5/2867,10/18860,0.5,3.28915242413673,3.06568297559465,0.0104358052394075,0.0485009633412524,0.0341393435523832,SEMA3A/EDN1/NRP1/NPR2/COL25A1,5
BP,GO:0070303,negative regulation of stress-activated protein kinase signaling cascade,5/2867,10/18860,0.5,3.28915242413673,3.06568297559465,0.0104358052394075,0.0485009633412524,0.0341393435523832,GSTP1/MAP3K20/FOXM1/FOXO1/PBK,5
BP,GO:0072203,cell proliferation involved in metanephros development,5/2867,10/18860,0.5,3.28915242413673,3.06568297559465,0.0104358052394075,0.0485009633412524,0.0341393435523832,EGR1/OSR1/GPC3/WT1/PTCH1,5
BP,GO:0090269,fibroblast growth factor production,5/2867,10/18860,0.5,3.28915242413673,3.06568297559465,0.0104358052394075,0.0485009633412524,0.0341393435523832,PTGS2/FGFR1/WNT11/RGCC/ROCK2,5
BP,GO:0090270,regulation of fibroblast growth factor production,5/2867,10/18860,0.5,3.28915242413673,3.06568297559465,0.0104358052394075,0.0485009633412524,0.0341393435523832,PTGS2/FGFR1/WNT11/RGCC/ROCK2,5
BP,GO:0097113,AMPA glutamate receptor clustering,5/2867,10/18860,0.5,3.28915242413673,3.06568297559465,0.0104358052394075,0.0485009633412524,0.0341393435523832,CHRDL1/ZDHHC2/SLC7A11/NLGN1/SHANK3,5
BP,GO:0097688,glutamate receptor clustering,5/2867,10/18860,0.5,3.28915242413673,3.06568297559465,0.0104358052394075,0.0485009633412524,0.0341393435523832,CHRDL1/ZDHHC2/SLC7A11/NLGN1/SHANK3,5
BP,GO:0099538,synaptic signaling via neuropeptide,5/2867,10/18860,0.5,3.28915242413673,3.06568297559465,0.0104358052394075,0.0485009633412524,0.0341393435523832,NPY5R/NPPA/PENK/GRID1/NPY2R,5
BP,GO:1902423,regulation of attachment of mitotic spindle microtubules to kinetochore,5/2867,10/18860,0.5,3.28915242413673,3.06568297559465,0.0104358052394075,0.0485009633412524,0.0341393435523832,BIRC5/KAT2B/CDCA8/CDK1/AURKB,5
BP,GO:1902746,regulation of lens fiber cell differentiation,5/2867,10/18860,0.5,3.28915242413673,3.06568297559465,0.0104358052394075,0.0485009633412524,0.0341393435523832,CDKN1C/SPRY2/FGF2/SPRY1/ZEB2,5
BP,GO:1903044,protein localization to membrane raft,5/2867,10/18860,0.5,3.28915242413673,3.06568297559465,0.0104358052394075,0.0485009633412524,0.0341393435523832,ZDHHC2/CAV1/RFTN1/ATP1B1/UMOD,5
BP,GO:1903348,positive regulation of bicellular tight junction assembly,5/2867,10/18860,0.5,3.28915242413673,3.06568297559465,0.0104358052394075,0.0485009633412524,0.0341393435523832,DSG3/ACVRL1/EPHA2/CLDN1/CLDN5,5
BP,GO:1990859,cellular response to endothelin,5/2867,10/18860,0.5,3.28915242413673,3.06568297559465,0.0104358052394075,0.0485009633412524,0.0341393435523832,KLF2/KLF4/KLF15/KLF11/IRS2,5
BP,GO:0030099,myeloid cell differentiation,92/2867,481/18860,0.191268191268191,1.25822046994004,2.42890469625687,0.010533935149362,0.0486276349814826,0.0342285064544423,SLC4A1/HMGB3/ADGRF5/TGFBR3/FSTL3/HOXA9/P2RX5/PIR/TESC/TF/TREM2/PLA2G3/DHRS2/MMP9/SFRP1/CCN4/HOXA5/GATA3/ZBTB16/CD81/IL23A/NEDD9/QKI/NR3C1/BCL6/ITGB6/EPAS1/MFAP2/MYB/GPR68/HOXB8/TNFSF11/PRXL2A/HOXA7/INHBA/TNFAIP6/NDP/BMP2/THRA/CCR7/STAT5A/KLF2/ZFP36/CDKN1C/PPARG/MEIS2/TLR4/IL33/LEF1/DIAPH3/EPHA2/GPC3/CDKN2B/FLI1/TMEM178A/BATF/KIT/DMTN/RUNX1/RACGAP1/TAL1/FLVCR1/IL20/TGFBR2/DCSTAMP/EPB42/EEIG1/FASN/FAXDC2/FOS/OSCAR/STAT5B/GPR171/JUN/MTURN/TMEM64/ADIPOQ/MXRA7/CSF1/PDE2A/ISG15/HBA2/HBG2/SIGLEC15/H4C11/MB/HBA1/HBB/CEBPA/CLEC5A/HOXB7/SPIB,92
BP,GO:0003416,endochondral bone growth,10/2867,30/18860,0.333333333333333,2.19276828275782,2.76821461755656,0.0105347920812148,0.0486276349814826,0.0342285064544423,FGFR3/COMP/MSX2/SOX9/MMP13/NPR2/DDR2/TGFBR2/POC1A/TSKU,10
BP,GO:0017121,plasma membrane phospholipid scrambling,10/2867,30/18860,0.333333333333333,2.19276828275782,2.76821461755656,0.0105347920812148,0.0486276349814826,0.0342285064544423,SLC4A1/VMP1/PLSCR4/ANO3/ANO4/SERINC2/ANO6/ATG9B/ANO9/XKR4,10
BP,GO:0050820,positive regulation of coagulation,10/2867,30/18860,0.333333333333333,2.19276828275782,2.76821461755656,0.0105347920812148,0.0486276349814826,0.0342285064544423,F7/SERPINE1/F3/PLAU/F12/EMILIN2/CD36/ANGPT1/ANO6/F2R,10
BP,GO:0051984,positive regulation of chromosome segregation,10/2867,30/18860,0.333333333333333,2.19276828275782,2.76821461755656,0.0105347920812148,0.0486276349814826,0.0342285064544423,BIRC5/CDC6/NCAPG/KAT2B/NCAPH/CCNB1/CDCA8/SKA1/CDK1/AURKB,10
BP,GO:0060142,regulation of syncytium formation by plasma membrane fusion,10/2867,30/18860,0.333333333333333,2.19276828275782,2.76821461755656,0.0105347920812148,0.0486276349814826,0.0342285064544423,EHD2/RAPGEF3/TREM2/CCL8/GDF15/CAMK1/CXCL9/SCGB3A1/DCSTAMP/CXCL10,10
BP,GO:0060384,innervation,10/2867,30/18860,0.333333333333333,2.19276828275782,2.76821461755656,0.0105347920812148,0.0486276349814826,0.0342285064544423,SEMA3A/EDN1/NRP1/SULF1/NPR2/GABRB3/LRIT3/SLITRK6/COL25A1/SULF2,10
BP,GO:1901381,positive regulation of potassium ion transmembrane transport,10/2867,30/18860,0.333333333333333,2.19276828275782,2.76821461755656,0.0105347920812148,0.0486276349814826,0.0342285064544423,FHL1/OPRK1/KCNIP2/ATP1B2/ATP1B1/ANK2/NPPA/ANO6/KCNE1/LRRC26,10
BP,GO:0035264,multicellular organism growth,39/2867,178/18860,0.219101123595506,1.44131398361048,2.50469134026214,0.0105661558013233,0.0486276349814826,0.0342285064544423,IGF1/ADRB1/LLGL2/GRHL2/EZR/COMP/HOXA5/SLC1A2/TNS2/GHR/GPAM/PLS1/SOCS2/STIL/GDF5/STAT5A/KLF2/CDKN1C/GDF15/GAREM1/SLC6A3/ETNK2/HMGA2/NPR2/FLVCR1/PKDCC/IGF2/GPX4/DNAAF3/COL3A1/ADRB2/STAT5B/RMI1/CSF1/SLITRK6/PTCH1/ADRB3/XRCC2/ODAD3,39
BP,GO:0055002,striated muscle cell development,39/2867,178/18860,0.219101123595506,1.44131398361048,2.50469134026214,0.0105661558013233,0.0486276349814826,0.0342285064544423,IGF1/NEBL/EDN1/CACNA1S/TBX5/SIX4/MYL9/MYOM1/TNNT1/CAV2/POPDC1/TBX18/SDC1/RGS4/PROX1/ADRA1A/LDB3/FLNC/TNNT3/MYH11/CCNB1/PDGFRA/ALPK3/TMOD1/MYLK3/PGM5/CXADR/LMOD1/PI16/CFL2/CDK1/KRT19/CSRP2/NPPA/CAV3/PPARA/DNER/KEL/MIR23A,39
BP,GO:0035384,thioester biosynthetic process,15/2867,53/18860,0.283018867924528,1.86178439102079,2.66002062687062,0.0105670514575652,0.0486276349814826,0.0342285064544423,PDK4/PDK2/ACSL4/ACACB/ELOVL3/ACSS2/PDHA1/SNCA/ACSL1/ELOVL7/HACD1/FASN/ACSL5/ELOVL2/HACD2,15
BP,GO:0048546,digestive tract morphogenesis,15/2867,53/18860,0.283018867924528,1.86178439102079,2.66002062687062,0.0105670514575652,0.0486276349814826,0.0342285064544423,WNT11/SOX10/SFRP1/AGR2/WNT5A/TCF21/OVOL2/PDGFRA/SFRP2/EGFR/NOTCH1/NPR2/SOX17/RBPMS2/SOX11,15
BP,GO:0071616,acyl-CoA biosynthetic process,15/2867,53/18860,0.283018867924528,1.86178439102079,2.66002062687062,0.0105670514575652,0.0486276349814826,0.0342285064544423,PDK4/PDK2/ACSL4/ACACB/ELOVL3/ACSS2/PDHA1/SNCA/ACSL1/ELOVL7/HACD1/FASN/ACSL5/ELOVL2/HACD2,15
BP,GO:0051153,regulation of striated muscle cell differentiation,24/2867,98/18860,0.244897959183673,1.61101343223023,2.56762997933731,0.0106450200738841,0.0489273481294963,0.034439471545078,CYP26B1/IGF1/EDN1/XBP1/EZH2/SOX6/SMYD1/RGS4/PROX1/EFNB2/BMP2/CCN3/MYLK3/RPL3L/MYOCD/NOTCH1/PLPP7/MSX1/PI16/MESP1/TRIM72/BHLHA15/CAV3/PPARA,24
BP,GO:0032147,activation of protein kinase activity,12/2867,39/18860,0.307692307692308,2.02409379946876,2.71055922485416,0.0106563265213774,0.0489273481294963,0.034439471545078,IGF1/TPX2/CLSPN/PRLR/FGF1/ECT2/KIF14/ITGB1BP1/TOM1L1/CARD14/ANGPT1/LEP,12
BP,GO:0050974,detection of mechanical stimulus involved in sensory perception,12/2867,39/18860,0.307692307692308,2.02409379946876,2.71055922485416,0.0106563265213774,0.0489273481294963,0.034439471545078,FYN/COL11A1/HPN/CXCL12/PHF24/PTPRQ/TMC2/KIT/SCN11A/SCN9A/LHFPL5/ASIC3,12
BP,GO:0044272,sulfur compound biosynthetic process,28/2867,119/18860,0.235294117647059,1.54783643488787,2.53826067249836,0.0107945621938533,0.04952463666146,0.034859896975582,PDK4/PDK2/FMO3/FMO1/ACSL4/ACACB/GSTP1/SLC1A1/SLC1A2/ELOVL3/CDO1/ACSS2/PDHA1/BHMT2/SLC19A3/SNCA/BHMT/SLC7A11/ACSL1/CBS/LOC102724560/ELOVL7/HACD1/FASN/ACSL5/ELOVL2/HACD2/GSTA1,28
BP,GO:0002088,lens development in camera-type eye,23/2867,93/18860,0.247311827956989,1.62689259688483,2.56593349869522,0.0108550698873785,0.0497271814961372,0.0350024662612094,VIM/CRYBG3/GATA3/CRYAB/WNT5A/PROX1/NDP/CDKN1C/SPRY2/TMOD1/FGF2/NTRK3/EPHA2/SHROOM2/TGFBR2/ADAMTS9/SPRY1/ZEB2/PLAAT3/SOX11/NECTIN3/SLITRK6/WNT7B,23
BP,GO:0035023,regulation of Rho protein signal transduction,23/2867,93/18860,0.247311827956989,1.62689259688483,2.56593349869522,0.0108550698873785,0.0497271814961372,0.0350024662612094,MYOC/LPAR2/FERMT2/NRP1/RASIP1/MET/KANK1/BCL6/TEK/CCR7/STARD8/DOCK6/EPS8L1/ARHGAP20/ERBB2/DOCK11/EPS8/DLC1/ABCA1/COL3A1/F2R/CCDC125/KANK2,23
BP,GO:0099173,postsynapse organization,51/2867,245/18860,0.208163265306122,1.3693614173957,2.46383294534525,0.0108842238675208,0.0498231904297133,0.035070045990387,FYN/CYFIP2/CAMK2B/PAK3/FGFR1/EZR/TREM2/NRP1/NEFH/SYNDIG1/CHRDL1/CBLN1/ZDHHC2/PTPRS/NEURL1/NEDD9/WNT5A/MARK1/PLPPR4/CSMD2/LRRC4B/MAP1B/LRP4/ABHD17C/ITPKA/NTRK3/KIF2C/LRRTM2/ARHGAP39/CNKSR2/SLC7A11/FARP1/CASKIN1/NLGN1/CTNND2/ZNF804A/CDH2/PRNP/DOK7/CDK5R1/NECTIN3/NRXN1/GRID1/FZD9/RELN/POTEI/ARHGEF15/ITSN1/POTEJ/SHANK3/GRIN2B,51
BP,GO:2000107,negative regulation of leukocyte apoptotic process,16/2867,58/18860,0.275862068965517,1.81470478573061,2.63099757721801,0.0109178382695876,0.0499394573670601,0.0351518851260334,CXCL12/BCL6/GPAM/CCR7/STAT5A/BCL11B/CCL21/CD27/RORC/CCR5/ORMDL3/AURKB/IRS2/PDCD1/HSH2D/MIF,16
CC,GO:0045178,basal part of cell,101/3047,319/19944,0.316614420062696,2.07238529495583,8.19913483819319,1.0948947060185e-13,1.7956273178703498e-11,1.4003127029605098e-11,CFTR/SLC4A1/CLDN11/PHLDB1/SLC4A8/ATP2B4/ATP2C2/ERBB3/TGFBR3/CA12/FAP/EDN1/SLC1A3/SLC4A4/DLG3/SLCO1A2/AURKA/ABCC6/TF/SLC7A8/EZR/DSP/PALM/SLCO4A1/SPEF1/VSIG1/NDRG4/SLC7A5/CAV1/MET/SLC16A6/FOLR1/CD81/LIN7A/SLC6A12/SLC38A1/NEDD9/SLC29A1/LEPR/SLC2A1/CA14/SLC16A7/PKD2/EPCAM/TEK/LRP1/RAB17/RHBG/C5AR2/ANXA1/MAP7/SLCO5A1/FXYD2/SLCO1C1/PTPRQ/RHCG/ABCA8/ERBB2/ATP1B1/ITGA9/SLC26A1/ANK2/SLC22A3/EGFR/SLC26A7/ST14/ADRA2A/ANK3/DST/SLC16A12/MARVELD2/SCN3A/KCNJ16/CXADR/PROM2/SHROOM4/PTH1R/CD300LG/PLPP3/CLDN1/ADORA1/SLC51A/CLDN19/SLC29A4/ABCA1/AQP7/CDH16/UMOD/SLC23A1/CDH2/CD34/ERBB4/CLDN7/TACSTD2/KRT14/SLC38A3/CLDN4/MYO1C/DIO1/ITGA1/AQP1,101
CC,GO:0043296,apical junction complex,55/3047,157/19944,0.35031847133758,2.29299363057325,6.90689580629913,7.09946851094336e-10,4.23386485743531e-08,3.30176238882151e-08,CLDN11/CDH1/YBX3/PRKCZ/TRAF4/CAMSAP3/ADCYAP1R1/DLG3/EPB41L4B/SORBS1/TJP3/LSR/LIN7A/POPDC1/AMOTL2/ECT2/PARD3B/EPCAM/PARD6B/WNK4/CRB3/PATJ/DSG3/SHROOM3/MARVELD3/KIFC3/ILDR2/CGN/ILDR1/SHROOM2/ESAM/ANK3/FRMD4A/MARVELD2/CXADR/JAM2/SHROOM4/FZD5/CLDN1/CLDN19/MICALL2/CLDN3/AMOTL1/CLMP/SYNPO/NECTIN3/CDH5/MAPK15/CLDN7/IGSF5/CLDN5/SAPCD2/CLDN4/OCLN/CLDN9,55
CC,GO:0031091,platelet alpha granule,32/3047,91/19944,0.351648351648352,2.3016983016983,5.28499563319894,2.23031953694461e-06,6.65040734652574e-05,5.18629327729703e-05,CD9/IGF1/VTI1B/TIMP1/MAGED2/SERPINE1/VWF/PHACTR2/FN1/TGFB3/CLU/F13A1/CD36/STXBP1/MMRN1/LEFTY2/SNCA/SERPING1/VEGFC/TREML1/ALB/PPBP/VEGFD/IGF2/VEGFB/SELP/A2M/PROS1/F8/THBS2/SERPINA3/CFD,32
CC,GO:0043025,neuronal cell body,111/3047,486/19944,0.228395061728395,1.49494949494949,4.69090448705892,5.62040939191521e-06,0.0001418072523498,0.0001105878123267,FKBP4/PRKAR2B/CX3CL1/MAPK8IP2/FYN/CD22/ATP1A2/SLC4A8/PTPRN/NGFR/PRKCZ/ROGDI/RAP1GAP/SLC1A3/OPRK1/APOB/AURKA/TPX2/HCN2/P2RX6/SEZ6L/VTI1B/CACNA1F/PYCARD/SLC6A2/ATP1A3/PTPRS/MAST1/HPN/SLC1A1/NEURL1/SEPTIN4/CRYAB/SLC38A1/PTK7/GHR/SLC1A4/CNNM1/TNN/MYOT/OPN4/RAB17/ZC4H2/ASS1/AKAP12/MAP1B/PPP1R1B/SERPINF1/LRP4/PRPH/TTLL7/BMPR1B/SLC6A3/AZIN2/CNGA3/SNCA/CRHBP/TTBK1/SLC22A3/HMCN2/FEZ1/CNKSR2/ADRA2A/SLC25A27/UCHL1/PDE1C/GRIA1/GRIP1/KCNB1/TMPRSS3/PDE9A/S100B/CYGB/FZD5/ADORA1/GRIK3/TMEM100/KIF5C/SCN11A/TMEM266/CTNND2/ALCAM/ZNF804A/SYNPO/SNCG/CNTNAP2/SEZ6L2/CADM2/NPPA/CDK5R1/KCNA2/NRXN1/PENK/SIAH2/NDN/KCNB2/LRIT3/PRKN/RGS7BP/LYPD6/GABRD/DNER/CNR2/APOD/MME/CACNA1E/L1CAM/ITSN1/ITGA1/C4A/TUBB3,111
CC,GO:0031256,leading edge membrane,49/3047,185/19944,0.264864864864865,1.73366093366093,4.25721366452338,5.50881601961323e-05,0.0011657365512471,0.0009090949356645,PLXND1/PSD/FERMT2/FAP/TESC/EZR/HCN2/PLEK2/FERMT1/BMX/GABRE/KANK1/SLC1A2/SPTBN1/OPRD1/PACSIN1/PSD4/LAMP5/AIF1L/EPS8L1/INPP5K/ARHGEF4/SPRY2/TLN1/SLC39A6/ERBB2/EPHA2/EGFR/EPS8/FGD5/GRIA1/KCNB1/PDE9A/GABRG1/ADORA1/DLC1/GPER1/JCAD/FAM107A/PLA2G4F/CSPG4/CNTNAP2/KCNA2/AKAP5/MYO6/MYO1C/PKHD1L1/SHISA9/NME1,49
CC,GO:0032279,asymmetric synapse,84/3047,367/19944,0.228882833787466,1.49814218479069,4.09015675467984,6.82015947655252e-05,0.0013557650353389,0.0010572878805756,SYN1/MAPK8IP2/FYN/SLC4A8/CAMK2B/PSD/NGFR/SYT1/CACNG4/PAK3/DLG3/IGSF9/AURKA/ABLIM1/PALM/NEFH/SYNDIG1/ZDHHC2/PTPRS/SLC1A1/NEURL1/LIN7A/SPTBN1/OPRD1/IGSF21/PLPPR4/SLC16A7/CRHR1/IQSEC3/CSMD2/EFNB2/LRRC4B/MAP1B/CAMK1/LRP4/ADGRB3/PLXNC1/ABHD17C/PAK6/LRRTM2/NLGN4X/SH3KBP1/NTRK2/NOTCH1/ADD3/CNKSR2/ADRA2A/EPS8/GRIA1/GRIP1/SYN2/CABP1/DMTN/KALRN/BRSK1/TAMALIN/ADORA1/PRICKLE2/GRIK3/FABP5/GPER1/BAALC/LRFN5/NLGN1/CTNND2/PRNP/SYNPO/CDK5R1/GRIN1/NECTIN3/ERBB4/AKAP5/GRID1/SEMA4B/ANKS1B/PRKN/RGS7BP/INSYN2A/DAPK1/CPEB1/PLXNA4/SHISA9/SHANK3/GRIN2B,84
CC,GO:0031252,cell leading edge,97/3047,438/19944,0.221461187214612,1.44956413449564,4.03990610714584,7.5378808194828e-05,0.0014128142335944,0.0011017774671484,PLXND1/TNFRSF12A/VIM/ARHGAP31/CDH1/CAPG/PSD/MYLK/FERMT2/APBB1IP/FAP/RAPGEF3/TESC/EZR/ABLIM1/HCN2/PLEK2/PTK6/SPEF1/FERMT1/BMX/GABRE/CADM4/KANK1/ACTA2/NHERF1/SLC1A2/NEDD9/SPTBN1/OPRD1/SSX2IP/PKD2/ITGB1BP1/ARAP3/KIF18A/CXCR4/PACSIN1/PSD4/LAMP5/AIF1L/FGD3/RAB3IP/ARHGEF6/EPS8L1/INPP5K/WASF3/ARHGEF4/SPRY2/TLR4/TLN1/PLCE1/FGD4/SLC39A6/ERBB2/EPHA2/EGFR/GSN/EPS8/DST/PLEKHH2/FGD5/GRIA1/KCNB1/PDE9A/S100B/ACTG2/GABRG1/ADORA1/DLC1/GPER1/JCAD/FAM107A/PLA2G4F/LDB2/CDH2/PLEKHG5/TLN2/ABLIM3/PTPRM/CSPG4/CNTNAP2/KDF1/KCNA2/AKAP5/INPP5J/PEAR1/EVL/MYO6/OCLN/MYO1C/PKHD1L1/ITSN1/SHISA9/NME1/STON1/TUBB3/FIGNL2,97
CC,GO:0031674,I band,41/3047,150/19944,0.273333333333333,1.78909090909091,4.11938664119715,0.0001018813309932,0.0018565042536542,0.0014477873351668,SLC4A1/ATP2B4/FERMT2/NEBL/CACNA1S/MYL9/JPH1/CRYAB/FHL5/KAT2B/SLC2A1/CASQ2/MYOT/LDB3/FLNC/KCNA5/HRC/BIN1/TUFT1/ANK2/ANK3/DST/PGM5/CACNA1D/S100A1/MYL3/DNAJB4/CFL2/KRT8/KRT19/SYNPO/SYNPO2/KY/DES/CSRP2/KCNE1/CAV3/SCN8A/PARVA/RYR3/DMD,41
CC,GO:0005938,cell cortex,75/3047,324/19944,0.231481481481481,1.51515151515152,3.96994650586598,0.0001115371665977,0.0019705487312052,0.0015367244598294,SLC4A1/ANLN/PHLDB1/CDH1/PRKCZ/PDZD4/SPTB/LLGL2/FERMT2/CTTNBP2/RAPGEF3/EPB41L2/COBLL1/EZR/MISP/MYL9/CAV1/KANK1/SEPTIN4/GYS2/NEDD9/CLIC5/FGF1/ECT2/CLIP4/SPTBN1/MLPH/PARD3B/SLC2A1/PKD2/PLS1/STIL/PARD6B/TRIP10/GNAI1/CEP85/AKAP12/CIB2/GYPC/TMOD1/STXBP1/SEPTIN11/SHROOM3/SEPTIN12/CNKSR1/OSR1/SNCA/SHROOM2/GSN/HMCN2/ADD3/TMC2/EPS8/DST/PLEKHH2/CABP1/SHROOM4/DMTN/DLC1/MELK/EPB42/MYO5B/CDH2/KRT19/CALB2/KDF1/IQGAP3/CLDN5/FAM110C/SAPCD2/MYO6/MYO1C/ASPH/CD302/FIGNL2,75
CC,GO:0098858,actin-based cell projection,57/3047,231/19944,0.246753246753247,1.61511216056671,3.99310390954299,0.0001220554825053,0.0020530358082945,0.001601051673349,USH1C/PLEKHG6/DPEP1/ADGRA2/DEF6/MYO3B/RAPGEF3/SLC7A8/EZR/PALM/SPEF1/SLC7A5/CUBN/CDH23/ACTA2/ICAM2/NHERF1/CLIC5/ELMOD3/DYNC2I2/TEK/PLS1/FOXA1/AOC3/PDGFRA/CIB2/FGD4/PTPRQ/SYTL1/TMC2/SLC7A11/EPS8/FARP1/UTRN/ANGPT1/CXADR/PROM2/FCRL3/ACTG2/DNALI1/S100P/TTYH1/NLGN1/CALB2/MYO1H/TBC1D10C/TPRN/ESPN/FZD9/MYO6/LHFPL5/MYO1C/DMD/PKHD1L1/STARD10/CD302/TUBB3,57
CC,GO:0098984,neuron to neuron synapse,89/3047,403/19944,0.220843672456576,1.44552221971577,3.83685307528813,0.0001615198629786,0.0026489257528492,0.0020657540370422,SYN1/MAPK8IP2/FYN/SLC4A8/CAMK2B/PSD/NGFR/SYT1/ROGDI/CACNG4/PAK3/DLG3/IGSF9/AURKA/ABLIM1/PALM/NEFH/SYNDIG1/ZDHHC2/ATP1A3/PTPRS/SLC1A1/NEURL1/LIN7A/SPTBN1/OPRD1/IGSF21/PLPPR4/SLC16A7/CRHR1/IQSEC3/CSMD2/EFNB2/ATP1B2/LRRC4B/MAP1B/CAMK1/LRP4/ADGRB3/PLXNC1/ABHD17C/PAK6/LRRTM2/NLGN4X/SH3KBP1/NTRK2/NOTCH1/ADD3/CNKSR2/ADRA2A/EPS8/GRIA1/GRIP1/SYN2/CABP1/DMTN/KALRN/BRSK1/TAMALIN/ADORA1/PRICKLE2/GRIK3/FABP5/GPER1/BAALC/LRFN5/NLGN1/CTNND2/SYT9/PRNP/SYNPO/CDK5R1/GRIN1/NECTIN3/ERBB4/AKAP5/PENK/GRID1/SEMA4B/ANKS1B/PRKN/RGS7BP/INSYN2A/DAPK1/CPEB1/PLXNA4/SHISA9/SHANK3/GRIN2B,89
CC,GO:0014069,postsynaptic density,79/3047,351/19944,0.225071225071225,1.47319347319347,3.79811844726382,0.000195721563742,0.0030026964661127,0.0023416406972574,SYN1/MAPK8IP2/FYN/CAMK2B/PSD/NGFR/SYT1/CACNG4/PAK3/DLG3/IGSF9/AURKA/ABLIM1/PALM/NEFH/SYNDIG1/ZDHHC2/PTPRS/NEURL1/LIN7A/SPTBN1/OPRD1/IGSF21/PLPPR4/SLC16A7/CRHR1/IQSEC3/CSMD2/EFNB2/LRRC4B/MAP1B/CAMK1/LRP4/ADGRB3/ABHD17C/PAK6/LRRTM2/NLGN4X/SH3KBP1/NTRK2/NOTCH1/ADD3/CNKSR2/ADRA2A/EPS8/GRIA1/GRIP1/SYN2/CABP1/DMTN/KALRN/BRSK1/TAMALIN/PRICKLE2/GRIK3/FABP5/GPER1/BAALC/LRFN5/NLGN1/CTNND2/PRNP/SYNPO/CDK5R1/GRIN1/NECTIN3/ERBB4/AKAP5/GRID1/SEMA4B/ANKS1B/PRKN/RGS7BP/INSYN2A/DAPK1/CPEB1/SHISA9/SHANK3/GRIN2B,79
CC,GO:0042734,presynaptic membrane,46/3047,179/19944,0.256983240223464,1.68207211782631,3.89255782080084,0.0001968230915287,0.0030026964661127,0.0023416406972574,ABCC8/SLC4A8/ATP2B4/LPAR2/SYT1/OPRK1/EFNB1/SLC6A2/PTPRS/SLC6A4/SLC1A2/OPRD1/IGSF21/CNR1/KCNJ8/EFNB2/LRRC4B/STX11/GAD2/STXBP1/FXYD6/UNC13C/ERBB2/SLC6A3/CHRNA6/ADRA2A/CACNA2D1/GRIA1/CADM3/KCNJ3/ADORA1/GRIK3/GPER1/CNTNAP2/KCNA2/ERBB4/KCTD12/STX19/NRXN1/RGS7/DRD1/FLRT2/KCNQ5/RGS7BP/PDE2A/ITSN1,46
CC,GO:0043292,contractile muscle fiber,60/3047,253/19944,0.237154150197628,1.55228171038448,3.75416801601455,0.0002622210441399,0.0037395001077343,0.002916234037803,SLC4A1/ATP2B4/ABCC9/FERMT2/NEBL/CACNA1S/MYL9/MYOM1/JPH1/TNNT1/ACTA2/MYH1/CRYAB/FHL5/KAT2B/SPTBN1/SLC2A1/CASQ2/MYOT/KCNJ8/LDB3/AHNAK/FLNC/TNNI3/KCNA5/HRC/TNNT3/HABP4/SYNE1/MYH11/BIN1/TMOD1/TUFT1/ANK2/ANK3/DST/PGM5/CACNA1D/S100A1/MYL3/DNAJB4/LMOD1/CA3/CFL2/NPNT/KRT8/KRT19/SYNPO/SYNPO2/KY/DES/CSRP2/CDK5R1/KCNE1/SYNM/CAV3/SCN8A/PARVA/RYR3/DMD,60
CC,GO:0098644,complex of collagen trimers,12/3047,27/19944,0.444444444444444,2.90909090909091,4.21524866649226,0.0002895651213348,0.0040415897786307,0.003151817446108,COL11A1/COL1A1/COL12A1/COL9A1/COL10A1/COL4A2/COL1A2/COL3A1/COL8A2/COL4A1/COL4A5/COL5A2,12
CC,GO:0043204,perikaryon,40/3047,153/19944,0.261437908496732,1.71122994652406,3.75014923131194,0.0003400332541758,0.0045522819334557,0.0035500786579901,FYN/PTPRN/NGFR/ROGDI/OPRK1/CACNA1F/PTPRS/SLC1A1/NEURL1/SEPTIN4/CRYAB/OPN4/ASS1/MAP1B/PRPH/TTLL7/AZIN2/CNGA3/CRHBP/GRIP1/KCNB1/PDE9A/FZD5/GRIK3/TMEM100/TMEM266/CTNND2/SYNPO/CNTNAP2/NPPA/CDK5R1/KCNA2/PENK/NDN/KCNB2/LRIT3/RGS7BP/LYPD6/CNR2/ITGA1,40
CC,GO:0030018,Z disc,36/3047,134/19944,0.26865671641791,1.7584803256445,3.74094351812772,0.0003757353044235,0.0048329874451345,0.0037689857161992,SLC4A1/ATP2B4/NEBL/MYL9/JPH1/CRYAB/FHL5/SLC2A1/CASQ2/MYOT/LDB3/FLNC/KCNA5/HRC/BIN1/ANK2/ANK3/DST/PGM5/CACNA1D/S100A1/DNAJB4/CFL2/KRT8/KRT19/SYNPO/SYNPO2/KY/DES/CSRP2/KCNE1/CAV3/SCN8A/PARVA/RYR3/DMD,36
CC,GO:0005902,microvillus,28/3047,97/19944,0.288659793814433,1.88940955951265,3.72878115460473,0.0004679172911651,0.0057915800566854,0.0045165402881083,USH1C/PLEKHG6/DPEP1/RAPGEF3/SLC7A8/EZR/SPEF1/SLC7A5/CUBN/ICAM2/NHERF1/TEK/FOXA1/AOC3/PDGFRA/SYTL1/SLC7A11/ANGPT1/PROM2/FCRL3/S100P/MYO1H/TPRN/ESPN/MYO6/MYO1C/STARD10/CD302,28
CC,GO:0030017,sarcomere,53/3047,222/19944,0.238738738738739,1.56265356265356,3.57988233906946,0.0004892753363137,0.0059437892707741,0.0046352400282353,SLC4A1/ATP2B4/ABCC9/FERMT2/NEBL/CACNA1S/MYL9/MYOM1/JPH1/TNNT1/MYH1/CRYAB/FHL5/KAT2B/SPTBN1/SLC2A1/CASQ2/MYOT/LDB3/FLNC/TNNI3/KCNA5/HRC/TNNT3/HABP4/SYNE1/BIN1/TMOD1/TUFT1/ANK2/ANK3/DST/PGM5/CACNA1D/S100A1/MYL3/DNAJB4/LMOD1/CA3/CFL2/KRT8/KRT19/SYNPO/SYNPO2/KY/DES/CSRP2/KCNE1/CAV3/SCN8A/PARVA/RYR3/DMD,53
CC,GO:0044306,neuron projection terminus,35/3047,131/19944,0.267175572519084,1.74878556557946,3.65127599254305,0.0005025517695715,0.0059940720152532,0.0046744528231916,SLC4A8/PTPRN/SYT1/SCGN/OPRK1/SLC1A1/SLC1A2/OPRD1/TNN/PACSIN1/BIN1/UNC13C/SLC6A3/SNCA/CRHBP/TPBG/NTRK2/ADRA2A/KCNA6/UCHL1/ADORA1/GRIK3/PRSS12/GPER1/SCN9A/PRNP/CALB2/SNCG/GRIN1/KCNA2/PENK/PRKN/KCNQ5/MME/DMD,35
CC,GO:0005819,spindle,95/3047,452/19944,0.210176991150442,1.37570394207562,3.43094248424602,0.0006061256611908,0.0071003291739498,0.0055371629950892,PLEKHG6/CAPG/ASPM/CLTCL1/POLB/RPS6KA2/HMMR/WDR62/CAPN6/CDC14B/AURKA/TPX2/BIRC5/KIF4A/DPYSL2/CDC6/MISP/TTC28/FAM83D/MID1/KATNAL1/PYCR3/NEDD9/TTK/KIF20A/NR3C1/KAT2B/ECT2/TMEM9/MAP7D1/NEK2/CENPF/KIF14/PKD2/KIF18A/DLGAP5/HSPA2/AUNIP/MAP7D3/SGO1/CEP85/RAB11FIP4/CCNB1/PSRC1/CDCA8/ESPL1/USP44/TUBB2A/TUBB2B/NUSAP1/KIF23/KIF11/CENPE/DIAPH3/SEPTIN12/KIF2C/ANKRD53/DYNLT1/LATS2/DNAAF1/SKA1/BUB1B/DYNC1I1/RSPH1/KASH5/RACGAP1/KLHL21/TRAT1/DNALI1/POC1A/MAD2L1/CHMP4C/PLK1/ADRB2/UMOD/CKAP2L/CDK1/DCDC1/SHCBP1/TPPP/CFAP53/SNCG/TUBB6/HASPIN/AURKB/CXCR2/MAPK15/FAM110C/KIF18B/CCDC69/PRC1/TTC23L/CDC14C/KIFC1/TUBB3,95
CC,GO:0030864,cortical actin cytoskeleton,24/3047,80/19944,0.3,1.96363636363636,3.66734265705087,0.0006297923176498,0.0072481361469879,0.0056524296653339,ANLN/CDH1/SPTB/LLGL2/RAPGEF3/EPB41L2/MISP/GYS2/SPTBN1/MLPH/SLC2A1/PLS1/CIB2/SHROOM3/SHROOM2/GSN/TMC2/PLEKHH2/SHROOM4/DLC1/CDH2/KRT19/CALB2/CLDN5,24
CC,GO:0016528,sarcoplasm,28/3047,99/19944,0.282828282828283,1.85123966942149,3.60554209015346,0.0006698692068452,0.0075764517188016,0.005908465236421,CAMK2B/IRAG1/ATP2A3/CACNA1S/OPRK1/JPH1/RASD1/THBS4/CASQ2/FLNC/HRC/HABP4/GSN/ANK3/SCN3A/CACNA2D1/HK2/S100A1/CCDC78/BAALC/CTHRC1/SLC2A4/SRL/MB/ASPH/PLN/RYR3/SERPINB5,28
CC,GO:0099572,postsynaptic specialization,83/3047,387/19944,0.214470284237726,1.40380549682875,3.40645974266651,0.0006888726034948,0.007659329286316,0.0059730969723196,SYN1/MAPK8IP2/FYN/CAMK2B/PSD/NGFR/SYT1/CACNG4/PAK3/DLG3/IGSF9/AURKA/ABLIM1/PALM/P2RX6/NEFH/SYNDIG1/ZDHHC2/PTPRS/SIPA1L3/NEURL1/LIN7A/SPTBN1/OPRD1/IGSF21/PLPPR4/SLC16A7/CRHR1/IQSEC3/CSMD2/EFNB2/LRRC4B/MAP1B/CAMK1/LRP4/ADGRB3/ABHD17C/PAK6/LRRTM2/NLGN4X/SH3KBP1/NTRK2/NOTCH1/ADD3/CNKSR2/ADRA2A/EPS8/GRIA1/GRIP1/SYN2/CABP1/KCNB1/DMTN/KALRN/BRSK1/TAMALIN/PRICKLE2/GRIK3/FABP5/GPER1/BAALC/LRFN5/GABRB3/NLGN1/CTNND2/PRNP/SYNPO/CDK5R1/GRIN1/NECTIN3/ERBB4/AKAP5/GRID1/SEMA4B/ANKS1B/PRKN/RGS7BP/INSYN2A/DAPK1/CPEB1/SHISA9/SHANK3/GRIN2B,83
CC,GO:0032587,ruffle membrane,28/3047,100/19944,0.28,1.83272727272727,3.54498864990763,0.0007968271389976,0.008546490151968,0.0066649457860341,PSD/FAP/TESC/EZR/FERMT1/BMX/KANK1/PACSIN1/PSD4/AIF1L/EPS8L1/INPP5K/ARHGEF4/SPRY2/TLN1/ERBB2/EPHA2/EGFR/EPS8/FGD5/PDE9A/DLC1/JCAD/FAM107A/PLA2G4F/MYO6/MYO1C/NME1,28
CC,GO:0001725,stress fiber,25/3047,86/19944,0.290697674418605,1.90274841437632,3.56266409096518,0.0008207757310579,0.008546490151968,0.0066649457860341,MYLK/FERMT2/NEBL/SORBS1/ABLIM1/SPEF1/MYL9/SIPA1L3/ACTA2/TEK/LDB3/SEPTIN11/SEPTIN12/DST/PGM5/AFAP1L1/SHROOM4/MST1R/MICALL2/FAM107A/XIRP1/SYNPO/SYNPO2/ABLIM3/EVL,25
CC,GO:0097517,contractile actin filament bundle,25/3047,86/19944,0.290697674418605,1.90274841437632,3.56266409096518,0.0008207757310579,0.008546490151968,0.0066649457860341,MYLK/FERMT2/NEBL/SORBS1/ABLIM1/SPEF1/MYL9/SIPA1L3/ACTA2/TEK/LDB3/SEPTIN11/SEPTIN12/DST/PGM5/AFAP1L1/SHROOM4/MST1R/MICALL2/FAM107A/XIRP1/SYNPO/SYNPO2/ABLIM3/EVL,25
CC,GO:0030016,myofibril,56/3047,243/19944,0.230452674897119,1.50841750841751,3.38614981563533,0.0008633139796468,0.0088489682913798,0.00690083213994,SLC4A1/ATP2B4/ABCC9/FERMT2/NEBL/CACNA1S/MYL9/MYOM1/JPH1/TNNT1/MYH1/CRYAB/FHL5/KAT2B/SPTBN1/SLC2A1/CASQ2/MYOT/KCNJ8/LDB3/AHNAK/FLNC/TNNI3/KCNA5/HRC/TNNT3/HABP4/SYNE1/BIN1/TMOD1/TUFT1/ANK2/ANK3/DST/PGM5/CACNA1D/S100A1/MYL3/DNAJB4/LMOD1/CA3/CFL2/KRT8/KRT19/SYNPO/SYNPO2/KY/DES/CSRP2/KCNE1/SYNM/CAV3/SCN8A/PARVA/RYR3/DMD,56
CC,GO:0005874,microtubule,101/3047,492/19944,0.205284552845528,1.34368070953437,3.27779846055679,0.000961802971512,0.009559738625938,0.0074551235112417,FKBP4/DNAH9/DNAH5/ASPM/KIF26A/REEP1/POLB/GTSE1/TUBA3D/CAMSAP3/CAPN6/AURKA/TPX2/BIRC5/KIF4A/DPYSL2/MISP/SPEF1/MID1/KATNAL1/PYCARD/NDRG1/KIF20A/CLIP4/NEK2/KIF14/DNAH7/KIF18A/DNAI1/DNAH8/KIF25/RIBC2/KIF1C/MAP1B/PSRC1/HOOK1/MAP7/SPRY2/KIF12/TUBB2A/TUBB2B/FHDC1/NUSAP1/KIF23/TTLL7/KIF11/SHROOM3/CENPE/TTLL8/GABARAPL1/SLAIN1/KIFC3/KIF2C/CRHBP/DYNLT1/SHROOM2/FEZ1/ENKUR/DST/TUBA3E/JAKMIP1/SKA1/RADIL/DYNC1I1/TPPP3/PIERCE1/RACGAP1/KLHL21/KIF26B/CHMP4C/CLMP/PLK1/KIFC2/HID1/KIF5C/DYNLRB2/SNTB2/CDK1/ZNF804A/DCDC1/TPPP/MAP6/CFAP53/SAA1/TUBB6/TUBAL3/AURKB/FIGN/FAM110C/DNAH14/KIF18B/KIF24/CFAP144/CFAP126/MAP1LC3C/PRC1/CFAP45/CFAP90/KIF4B/KIFC1/TUBB3,101
CC,GO:0030863,cortical cytoskeleton,30/3047,111/19944,0.27027027027027,1.76904176904177,3.45019690677466,0.0009973145950167,0.0097647518556866,0.0076150022494603,SLC4A1/ANLN/CDH1/SPTB/LLGL2/RAPGEF3/EPB41L2/EZR/MISP/GYS2/SPTBN1/MLPH/SLC2A1/PLS1/CIB2/GYPC/TMOD1/SHROOM3/SHROOM2/GSN/TMC2/PLEKHH2/SHROOM4/DMTN/DLC1/EPB42/CDH2/KRT19/CALB2/CLDN5,30
CC,GO:0098839,postsynaptic density membrane,32/3047,121/19944,0.264462809917355,1.73102930127724,3.42506997901034,0.0010298036453301,0.0099345763431851,0.007747439189326,CACNG4/DLG3/IGSF9/SYNDIG1/PTPRS/LIN7A/OPRD1/IGSF21/PLPPR4/SLC16A7/CRHR1/CSMD2/EFNB2/LRRC4B/ADGRB3/ABHD17C/LRRTM2/NLGN4X/NOTCH1/CNKSR2/ADRA2A/GRIA1/GRIK3/LRFN5/GRIN1/NECTIN3/ERBB4/GRID1/SEMA4B/RGS7BP/SHISA9/GRIN2B,32
CC,GO:0005875,microtubule associated complex,39/3047,157/19944,0.248407643312102,1.62594093804285,3.34364279740679,0.0011649038198433,0.0110750276205392,0.0086368155063896,DNAH9/DNAH5/AURKA/BIRC5/KIF4A/MID1/KATNAL1/ODAD1/KIF20A/KIF14/DNAI7/DNAH7/DYNC2I2/KIF18A/DNAI1/DNAH8/KIF25/KIF1C/MAP1B/CDCA8/MAP7/KIF12/KIF23/KIF11/KIFC3/KIF2C/TTBK1/DYNLT1/DYNC1I1/DNALI1/KIFC2/KIF5C/DYNLRB2/AURKB/DNAH14/KIF18B/DYNLT4/KIF4B/KIFC1,39
CC,GO:0042641,actomyosin,26/3047,93/19944,0.279569892473118,1.82991202346041,3.40650480471432,0.0012335168871033,0.0113970010977437,0.0088879052206409,MYLK/FERMT2/NEBL/SORBS1/ABLIM1/SPEF1/MYL9/SIPA1L3/ACTA2/KAT2B/TEK/LDB3/SEPTIN11/SEPTIN12/DST/PGM5/AFAP1L1/SHROOM4/MST1R/MICALL2/FAM107A/XIRP1/SYNPO/SYNPO2/ABLIM3/EVL,26
CC,GO:0072686,mitotic spindle,46/3047,194/19944,0.237113402061856,1.55201499531396,3.28091410069599,0.0012883069109774,0.0117379074111281,0.0091537596306293,CAPG/ASPM/CDC14B/AURKA/TPX2/DPYSL2/CDC6/MISP/FAM83D/KATNAL1/PYCR3/NEDD9/KIF20A/KAT2B/ECT2/TMEM9/PKD2/KIF18A/DLGAP5/ESPL1/USP44/TUBB2A/TUBB2B/NUSAP1/KIF23/KIF11/CENPE/SKA1/RACGAP1/TRAT1/DNALI1/MAD2L1/PLK1/ADRB2/CKAP2L/CDK1/DCDC1/TPPP/TUBB6/AURKB/CXCR2/KIF18B/PRC1/CDC14C/KIFC1/TUBB3,46
CC,GO:0001527,microfibril,7/3047,13/19944,0.538461538461538,3.52447552447552,3.86638382905854,0.0014117040193457,0.0126859977628882,0.009893124057708,LTBP4/MFAP2/FBN2/MFAP4/ADAMTSL5/THSD4/MFAP5,7
CC,GO:0043679,axon terminus,30/3047,114/19944,0.263157894736842,1.72248803827751,3.2850985266528,0.0015805955564714,0.014011766014125,0.010927019067498,SLC4A8/PTPRN/SCGN/OPRK1/SLC1A1/OPRD1/TNN/PACSIN1/BIN1/UNC13C/SLC6A3/SNCA/CRHBP/TPBG/NTRK2/ADRA2A/KCNA6/ADORA1/GRIK3/PRSS12/GPER1/SCN9A/PRNP/CALB2/SNCG/GRIN1/KCNA2/PENK/PRKN/KCNQ5,30
CC,GO:0072562,blood microparticle,36/3047,145/19944,0.248275862068966,1.62507836990596,3.20791988716627,0.001778322506697,0.0155543941919106,0.0121300314141023,CFH/SLC4A1/TF/AMBP/ENG/BCHE/FN1/SLC2A1/CLU/F13A1/HSPA2/PZP/JCHAIN/CIB2/FCN3/OAZ3/GSN/SERPING1/ACTG2/ALB/ANGPTL4/A2M/PROS1/HBA2/SERPINA3/HBG2/HBA1/IGHG4/IGHG2/IGHG1/IGHG3/C4B/CFB/C4A/HBB/HP,36
CC,GO:0043197,dendritic spine,41/3047,171/19944,0.239766081871345,1.56937799043062,3.17533183113498,0.0018323471884286,0.0157157378423991,0.0122558546075192,PRKAR2B/ATP1A2/PSD/NGFR/CTTNBP2/PALMD/PALM/P2RX6/SYNDIG1/SLC1A1/NEURL1/CRYAB/OPRD1/NR1D1/MAP1B/ABHD17C/ITPKA/SEPTIN11/NTRK2/FARP1/GRIA1/ADORA1/GPER1/PTCHD1/GABRB3/NLGN1/FRMPD4/ZNF804A/SYNPO/CDK5R1/GRIN1/AKAP5/KCNA4/GRID1/DRD1/ANKS1B/RGS7BP/LAMA2/ITSN1/SHISA9/SHANK3,41
CC,GO:0060076,excitatory synapse,20/3047,67/19944,0.298507462686567,1.95386702849389,3.32105822201093,0.0018446826430864,0.0157157378423991,0.0122558546075192,SYT1/P2RX6/SYNDIG1/CBLN1/SLC17A7/SLC16A7/ADGRB3/PLXNC1/STXBP1/UNC13C/SUSD4/LRRTM2/NLGN4X/GRIA1/KCNJ3/NLGN1/CALB2/GRIN1/AKAP5/PLXNA4,20
CC,GO:0044309,neuron spine,41/3047,172/19944,0.238372093023256,1.56025369978858,3.13364882627814,0.0020575757518736,0.0173047396567838,0.0134950312471068,PRKAR2B/ATP1A2/PSD/NGFR/CTTNBP2/PALMD/PALM/P2RX6/SYNDIG1/SLC1A1/NEURL1/CRYAB/OPRD1/NR1D1/MAP1B/ABHD17C/ITPKA/SEPTIN11/NTRK2/FARP1/GRIA1/ADORA1/GPER1/PTCHD1/GABRB3/NLGN1/FRMPD4/ZNF804A/SYNPO/CDK5R1/GRIN1/AKAP5/KCNA4/GRID1/DRD1/ANKS1B/RGS7BP/LAMA2/ITSN1/SHISA9/SHANK3,41
CC,GO:0032426,stereocilium tip,9/3047,21/19944,0.428571428571429,2.8051948051948,3.51465762003669,0.0022873295201109,0.0189935210783899,0.0148120206099126,USH1C/MYO3B/CDH23/NHERF1/TMC2/EPS8/ESPN/LHFPL5/PKHD1L1,9
CC,GO:0005811,lipid droplet,28/3047,107/19944,0.261682242990654,1.71282922684792,3.13954028346845,0.0024282593254506,0.0198622471414391,0.0154894931173611,ABHD5/CLDN11/AIFM2/DGAT2/ACSL4/LIPE/APOB/CYB5R3/CAV1/G0S2/PLIN2/EDA/DHRS3/AQP7/FAAH2/PLIN1/PLIN4/FABP4/HSD17B13/SDR16C5/CIDEA/PNPLA2/GIMAP7/TMT1A/CIDEC/HSD17B11/CES1/PLIN5,28
CC,GO:0001518,voltage-gated sodium channel complex,7/3047,14/19944,0.5,3.27272727272727,3.61230457960111,0.0024525030769155,0.0198622471414391,0.0154894931173611,SCN4A/SCN2A/SCN3A/SCN11A/SCN9A/SCN4B/SCN8A,7
CC,GO:0030055,cell-substrate junction,88/3047,433/19944,0.203233256351039,1.33025404157044,2.95038705937547,0.0026513417352181,0.0212107338817455,0.0165411050489864,CD9/FHL1/VIM/ARHGAP31/TNC/LAMA3/COL17A1/FGFR3/LIMS2/FERMT2/MCAM/APBB1IP/FAP/TNS1/EPB41L2/ITGA6/EZR/SORBS1/NRP1/MISP/FERMT1/FLT1/CORO2B/CAV2/CAV1/ENG/SLC6A4/CD81/TNS2/NEDD9/PTK7/ITGB6/RND3/RHOU/TEK/CAT/PLAU/LRP1/AHNAK/EFNB2/RRAS/AIF1L/FLNC/STARD8/CNN1/AKAP12/RRAS2/ANXA1/THSD1/CIB2/TLN1/HMGA1/KIF23/CDH13/GRB7/EPHA2/HSPG2/EGFR/SH3KBP1/GSN/DST/DAB2/PGM5/SHROOM4/DDR2/DLC1/FAM107A/XIRP1/SNTB2/ALCAM/YWHAG/CDH2/TLN2/KLF11/SYNPO2/PEAK1/CSPG4/CSRP2/FZD2/CAV3/FLRT2/EVL/MME/ANXA6/PARVA/L1CAM/DMD/ITGA1,88
CC,GO:0071162,CMG complex,6/3047,11/19944,0.545454545454545,3.5702479338843,3.62085970318379,0.0029176127904452,0.0230596866329166,0.0179830033754773,MCM2/CDC45/GINS1/MCM4/GINS2/GINS4,6
CC,GO:0051233,spindle midzone,13/3047,38/19944,0.342105263157895,2.23923444976077,3.24698248625962,0.0030368708823847,0.023716515462433,0.0184952286821926,AURKA/BIRC5/CDC6/KIF14/KIF18A/CDCA8/CENPE/RACGAP1/PLK1/AURKB/KIF18B/CCDC69/PRC1,13
CC,GO:0045334,clathrin-coated endocytic vesicle,25/3047,94/19944,0.265957446808511,1.74081237911025,3.05716283828482,0.0031905366697654,0.0246234359454838,0.0192024869536347,CFTR/CD9/SYT1/CLTCL1/LRP2/APOB/TF/CEMIP/WNT5A/VAMP8/AVPR2/EGFR/FCGR1A/FZD5/CTLA4/ROR2/ADRB2/SYT9/FZD4/FZD2/MYO6/HLA-DQB2/HLA-DQA1/HLA-DQA2/STON1,25
CC,GO:0031045,dense core granule,15/3047,47/19944,0.319148936170213,2.0889748549323,3.17394685397831,0.0032510135347393,0.0247984288231279,0.0193389544416563,IGF1/SYT13/ADRB1/SYT1/OPRD1/ECRG4/SPX/CRHBP/ADAM8/CACNA2D1/CADPS/ADRB2/SYT9/SCG2/PENK,15
CC,GO:0099634,postsynaptic specialization membrane,36/3047,150/19944,0.24,1.57090909090909,2.98038572658043,0.0032905992762939,0.02481187500286,0.0193494403905487,CACNG4/DLG3/IGSF9/P2RX6/SYNDIG1/PTPRS/LIN7A/OPRD1/IGSF21/PLPPR4/SLC16A7/CRHR1/CSMD2/EFNB2/LRRC4B/ADGRB3/ABHD17C/LRRTM2/NLGN4X/NOTCH1/CNKSR2/ADRA2A/GRIA1/KCNB1/GRIK3/LRFN5/GABRB3/NLGN1/GRIN1/NECTIN3/ERBB4/GRID1/SEMA4B/RGS7BP/SHISA9/GRIN2B,36
CC,GO:0030665,clathrin-coated vesicle membrane,34/3047,140/19944,0.242857142857143,1.58961038961039,2.97289353381383,0.0034370779926756,0.0256218541272181,0.0199810993354108,CFTR/CD9/SYT1/CLTCL1/LRP2/APOB/TF/CEMIP/NCALD/SLC17A7/WNT5A/REEP6/VAMP8/AVPR2/AP1M2/GAD2/CLBA1/EGFR/FCGR1A/AP1S3/DAB2/FZD5/ROR2/ADRB2/SYT9/FZD4/FZD2/MYO6/RASSF9/ATP6V1G2/HLA-DQB2/HLA-DQA1/HLA-DQA2/STON1,34
CC,GO:0030669,clathrin-coated endocytic vesicle membrane,21/3047,76/19944,0.276315789473684,1.80861244019139,2.99914048037903,0.0040459996023177,0.0298221993159602,0.0232567215461435,CFTR/CD9/SYT1/LRP2/APOB/TF/WNT5A/VAMP8/AVPR2/EGFR/FCGR1A/FZD5/ROR2/ADRB2/SYT9/FZD4/FZD2/HLA-DQB2/HLA-DQA1/HLA-DQA2/STON1,21
CC,GO:0034705,potassium channel complex,26/3047,101/19944,0.257425742574257,1.68496849684969,2.93058476961588,0.004313118825468,0.0314378438834119,0.0245166754289765,ABCC8/ABCC9/KCNK6/HCN2/KCNIP2/KCNJ8/KCNA5/KCNMB1/KCNA6/KCNE4/KCNJ16/KCNJ6/KCNB1/KCNF1/KCNJ3/GRIK3/KCNS3/KCNG3/CNTNAP2/KCNA2/KCNE1/KCNA4/KCNB2/LRRC26/KCNQ5/KCNJ11,26
CC,GO:0016342,catenin complex,11/3047,31/19944,0.354838709677419,2.32258064516129,3.12940183315836,0.0045318424002727,0.0323140066802054,0.025199947443164,CDH1/CDH19/CDH7/CDH20/CDH23/CDH11/CDH13/CDH18/CDH2/CDH4/CDH5,11
CC,GO:0044298,cell body membrane,11/3047,31/19944,0.354838709677419,2.32258064516129,3.12940183315836,0.0045318424002727,0.0323140066802054,0.025199947443164,CD22/SLC4A8/SLC6A2/ATP1A3/ATP1B2/GRIA1/KCNB1/P2RY12/CADM2/KCNA2/KCNB2,11
CC,GO:0042571,"immunoglobulin complex, circulating",6/3047,12/19944,0.5,3.27272727272727,3.34417639439848,0.0050848166623264,0.0354855290477247,0.0276732463369612,JCHAIN/PIGR/IGHG4/IGHG2/IGHG1/IGHG3,6
CC,GO:0044217,other organism part,12/3047,36/19944,0.333333333333333,2.18181818181818,3.01380237785666,0.0055055783723786,0.0380174674976881,0.0296477682989031,CFH/C6/CD209/C7/GZMK/MASP1/FCN3/DYNLT1/NMT2/C4B/CFB/C4A,12
CC,GO:0045171,intercellular bridge,25/3047,98/19944,0.255102040816327,1.66975881261596,2.82242006389448,0.005735226381554,0.0391907136072858,0.0305627195332813,TPX2/CDC6/FAM83D/OLFM4/PYCR3/KIF20A/TMEM9/NEK2/FLNC/TRIM45/CDCA8/TUBB2A/TUBB2B/CEP55/AOX1/CENPE/SKA1/DNALI1/PKNOX2/ADRB2/CD34/TUBB6/JPT1/PRC1/TUBB3,25
CC,GO:0005925,focal adhesion,84/3047,423/19944,0.198581560283688,1.29980657640232,2.64659189237759,0.0061506359846266,0.0415960536692276,0.0324385142542436,CD9/FHL1/VIM/ARHGAP31/TNC/FGFR3/LIMS2/FERMT2/MCAM/APBB1IP/FAP/TNS1/EPB41L2/ITGA6/EZR/SORBS1/NRP1/MISP/FERMT1/FLT1/CORO2B/CAV2/CAV1/ENG/SLC6A4/CD81/TNS2/NEDD9/PTK7/ITGB6/RND3/RHOU/TEK/CAT/PLAU/LRP1/AHNAK/EFNB2/RRAS/AIF1L/FLNC/STARD8/CNN1/AKAP12/RRAS2/ANXA1/THSD1/TLN1/HMGA1/KIF23/CDH13/GRB7/EPHA2/HSPG2/EGFR/SH3KBP1/GSN/DST/DAB2/PGM5/SHROOM4/DDR2/DLC1/FAM107A/XIRP1/SNTB2/ALCAM/YWHAG/CDH2/TLN2/KLF11/SYNPO2/PEAK1/CSPG4/CSRP2/FZD2/CAV3/FLRT2/EVL/MME/ANXA6/PARVA/L1CAM/ITGA1,84
CC,GO:0014704,intercalated disc,15/3047,50/19944,0.3,1.96363636363636,2.89710206159981,0.0062206284237865,0.041640124959224,0.0324728830715386,ATP1A2/DSP/MYH1/SLC2A1/KCNA5/ATP1B1/ANK2/ANK3/PGM5/CXADR/CDH2/DES/SCN4B/CAV3/FXYD1,15
CC,GO:0034706,sodium channel complex,9/3047,24/19944,0.375,2.45454545454545,3.02771450200784,0.0066097754040758,0.043798107728018,0.0341557772076649,SCN4A/SCNN1A/SCN2A/SCN3A/GRIK3/SCN11A/SCN9A/SCN4B/SCN8A,9
CC,GO:0001726,ruffle,42/3047,189/19944,0.222222222222222,1.45454545454545,2.66622240719758,0.0069798563016466,0.045787857338802,0.0357074753957923,TNFRSF12A/CAPG/PSD/FAP/TESC/EZR/PTK6/FERMT1/BMX/KANK1/NHERF1/ITGB1BP1/ARAP3/KIF18A/PACSIN1/PSD4/AIF1L/FGD3/EPS8L1/INPP5K/ARHGEF4/SPRY2/TLR4/TLN1/FGD4/ERBB2/EPHA2/EGFR/EPS8/FGD5/PDE9A/S100B/DLC1/JCAD/FAM107A/PLA2G4F/TLN2/CSPG4/INPP5J/MYO6/MYO1C/NME1,42
CC,GO:0044291,cell-cell contact zone,20/3047,75/19944,0.266666666666667,1.74545454545455,2.74656868245257,0.0075878982070527,0.049283774493333,0.0384337522525029,ATP1A2/DSP/CADM4/MYH1/SLC2A1/AHNAK/KCNA5/ATP1B1/ANK2/ANK3/PGM5/CXADR/JAM2/CDH2/DES/SCN4B/NECTIN3/CAV3/PCDH9/FXYD1,20
CC,GO:0031528,microvillus membrane,11/3047,33/19944,0.333333333333333,2.18181818181818,2.88527870624566,0.0077375462086708,0.0497630422832165,0.0388075073004545,DPEP1/SLC7A8/EZR/SLC7A5/CUBN/NHERF1/SYTL1/SLC7A11/PROM2/FCRL3/S100P,11
MF,GO:0003779,actin binding,105/2899,445/18662,0.235955056179775,1.51893523919523,4.75145768447069,4.53173101625537e-06,0.0002802517865315,0.000223950363795,BAIAP2L1/SYN1/ANLN/CAPG/CAMK2B/MYLK/SPTB/MYO3B/FERMT2/CAMSAP3/NEBL/TNS1/EPB41L2/COBLL1/EZR/SORBS1/ABLIM1/MISP/SPEF1/FERMT1/SNTA1/PLS3/SLC6A2/CORO2B/NCALD/ACTR3C/CORO2A/SLC6A4/MYH1/PHACTR2/AMOTL2/SPTBN1/MLPH/MYOT/PLS1/KIF18A/CXCR4/LDB3/AIF1L/FLNC/TNNI3/CNN1/TNNT3/SYNE1/EPS8L1/MAP1B/WASF3/MYH11/MICAL2/HOOK1/BIN1/TMOD1/TLN1/FHDC1/TRPC6/SHROOM3/FGD4/DIAPH3/CGN/SNCA/DAAM2/EGFR/SHROOM2/DIAPH2/GSN/ADD3/TAGLN/EPS8/DST/PLEKHH2/UTRN/FMNL2/SHROOM4/DMTN/CCR5/MYL3/LMOD1/MICALL2/CFL2/PKNOX2/MYO5B/FAM107A/XIRP1/SNTB2/TLN2/SYNPO/SYNPO2/SNTG2/ABLIM3/MYO1H/MARCKSL1/TPRN/SYNE3/CDK5R1/PPP1R42/IQGAP3/PRKN/ESPN/S100A4/EVL/MYO6/PARVA/MYO1C/DMD/SHANK3,105
MF,GO:0008017,microtubule binding,69/2899,281/18662,0.245551601423488,1.58071196473443,4.20631209582372,5.05639232139973e-05,0.0015634897309591,0.0012493911220743,KIF26A/REEP1/POLB/GTSE1/CAMSAP3/CAPN6/BIRC5/KIF4A/EZR/SUN2/NEFH/SPEF1/FAM83D/MID1/KATNAL1/NDRG1/MAST1/CRYAB/KIF20A/CLIP4/CENPF/KIF14/DNAI7/KIF18A/KIF25/DLGAP5/KIF1C/MAP7D3/MAP1B/PSRC1/HOOK1/KIF12/FHDC1/NUSAP1/KIF23/KNL1/KIF11/CENPE/DIAPH3/KIFC3/KIF2C/NUF2/CGN/SNCA/SPATA4/DST/JAKMIP1/SKA1/DYNC1I1/STARD9/CFAP157/RACGAP1/SPC24/KIF26B/STRBP/PLK1/KIFC2/KIF5C/DCDC1/TPPP/MAP6/PRNP/KIF18B/KIF24/CFAP144/CCDC69/PRC1/KIF4B/KIFC1,69
MF,GO:0015103,inorganic anion transmembrane transporter activity,44/2899,162/18662,0.271604938271605,1.74842751225412,4.10292438531668,0.0001008982824564,0.0025421091556436,0.0020314099590899,CFTR/SLC4A1/SLC4A8/ABCC9/SLC12A3/CLCN4/SLC4A4/FXYD3/SLC26A4/ABCC6/GABRP/GABRE/SLC6A2/SLC17A7/SLC1A1/SLC6A4/SLC6A12/CLIC5/SLC1A4/ABCC11/SLC12A4/BEST3/ANO3/SLC6A3/SLC20A1/SLC26A1/SLC26A7/ANO4/SLC25A27/CLIC2/SLC34A2/SLC1A7/GABRG1/GABRB3/TMC4/TTYH1/ANO5/SLC26A9/ANO6/ANO9/GABRD/CLDN4/SLC34A3/FXYD1,44
MF,GO:0005272,sodium channel activity,19/2899,52/18662,0.365384615384615,2.35212407461459,4.187136866577,0.0001734382669268,0.0037738882155373,0.0030157297095268,SCN4A/MCOLN3/HCN2/SCNN1A/PKD2/SCN2A/CNGA3/SHROOM2/SCN3A/GRIK3/SCN11A/KCNK9/SCN9A/KCNK3/GRIN1/SCN4B/SCN8A/CNGA1/ASIC3,19
MF,GO:0030246,carbohydrate binding,67/2899,282/18662,0.23758865248227,1.52945133929773,3.84193469260689,0.0001833232602529,0.00391645146904,0.0031296525960884,CD22/VCAN/CRYBG3/CD209/LGALS2/LGALS1/ACR/PYGL/CEMIP/FCER2/SIGLEC8/AMBP/ENG/ATRNL1/GALNT7/COL9A1/GBE1/PRG4/ADGRL2/COLEC11/STBD1/CD93/EGLN3/GALNT15/LGALS12/GALNT5/ALDOB/ENPP2/GALNT6/SORD/SIGLEC10/FCN3/GALNT13/P4HA3/CLEC1A/ADGRL3/CLEC4F/CHODL/HK2/SIGLEC11/ZG16B/CLEC3B/FREM1/FBP1/PKD1L2/CLEC3A/UGP2/DCDC1/CLEC7A/OLR1/CD34/SELP/GALNTL6/CD248/CRYBG2/CLEC14A/CLEC4G/COLEC10/GALNT17/CLEC17A/KLRG2/FAM3D/PPP1R3G/C4B/CD302/MGAM2/CLEC5A,67
MF,GO:0019865,immunoglobulin binding,13/2899,30/18662,0.433333333333333,2.78953662182362,4.2067200006755,0.0002622836830726,0.005052185698531,0.0040372225246044,CD22/FCER2/AMBP/VWF/JCHAIN/FCGR1A/GRIA1/MS4A1/FCGR3B/FCMR/PIGR/UMOD/FCGR3A,13
MF,GO:0005496,steroid binding,32/2899,111/18662,0.288288288288288,1.8558247795916,3.8782411483177,0.0002670485072072,0.0050609999349762,0.0040442660174681,ATP1A2/NR1H3/SIDT1/PGR/CETP/SULT2B1/ESR1/ATP1A3/CAV1/TMEM97/CD81/VDR/NR3C1/HSD11B1/ESRRB/KL/PAQR5/ESR2/RORC/EPHX1/PMP2/NR3C2/PROM2/PAQR6/GPER1/ABCA1/IRX5/GAS1/PTCH1/APOD/ANXA6/CYP21A2,32
MF,GO:0033218,amide binding,59/2899,245/18662,0.240816326530612,1.55022914305426,3.71782816937082,0.0002964090756621,0.0055282645063973,0.0044176590725253,FKBP4/MAPK8IP2/MARCO/NGFR/CALCRL/GLP2R/ACACB/ADCYAP1R1/ITM2A/EPDR1/TREM2/PLTP/ATP1A3/CRYAB/FOLR1/GHR/NPR3/PRLR/BCHE/LEPR/PLA2G4A/CRHR1/CLU/HCRTR1/INHBA/RAMP3/LRP1/GNMT/LBP/RAMP2/RAMP1/CD36/EDNRB/TLR4/FKBP10/HSPG2/PTH2R/CRHBP/GRIA1/CD1A/CD1E/NPR2/PTH1R/FZD5/FOLR2/AVPR1A/ADRB2/NPR1/FASN/NLGN1/PRNP/PC/TLR10/FZD4/GRIN1/TYMS/COL25A1/NME1/GRIN2B,59
MF,GO:0098631,cell adhesion mediator activity,26/2899,85/18662,0.305882352941176,1.96908467422844,3.84021486192034,0.0003547732759297,0.0063160393820829,0.0050471732397026,BAIAP2L1/CDH1/MCAM/IGSF9/DSP/KRT18/EPCAM/LRRC4B/ANXA1/NECTIN4/ITGA9/ESAM/ADGRL3/ROBO4/ROBO3/CXADR/CLDN19/SVEP1/CLDN3/STXBP6/NECTIN3/CDH5/PKP3/GLDN/SIRPA/ITGA1,26
MF,GO:0015631,tubulin binding,86/2899,391/18662,0.219948849104859,1.41589700655222,3.56422523522056,0.0004081625297576,0.006950593803844,0.0055542483073047,FYN/KIF26A/REEP1/POLB/GTSE1/CAMSAP3/CAPN6/BIRC5/KIF4A/EZR/SUN2/NEFH/SPEF1/FAM83D/MID1/KATNAL1/SLC6A2/NDRG1/NCALD/MAST1/CRYAB/KIF20A/CLIP4/CENPF/KIF14/DNAI7/KIF18A/KIF25/DLGAP5/KIF1C/MAP7D3/MAP1B/PSRC1/HOOK1/KIF12/FHDC1/NUSAP1/KIF23/KNL1/TTLL7/KIF11/CENPE/GABARAPL1/BRCA2/DIAPH3/KIFC3/KIF2C/NUF2/CGN/SNCA/FEZ1/SPATA4/DST/JAKMIP1/SKA1/DYNC1I1/STARD9/TPPP3/CFAP157/BRSK1/RACGAP1/SPC24/KIF26B/STRBP/AGBL2/PLK1/KIFC2/KIF5C/DCDC1/TPPP/MAP6/PRNP/CIMAP3/CDK5R1/PPP1R42/CAV3/NDN/FAM110C/PRKN/KIF18B/KIF24/CFAP144/CCDC69/PRC1/KIF4B/KIFC1,86
MF,GO:0005254,chloride channel activity,25/2899,82/18662,0.304878048780488,1.96261957445376,3.74637189138146,0.000482550413224,0.007874954660253,0.0062929088975997,CFTR/CLCN4/FXYD3/GABRP/GABRE/SLC17A7/CLIC5/SLC1A4/BEST3/ANO3/SLC26A7/ANO4/CLIC2/SLC1A7/GABRG1/GABRB3/TMC4/TTYH1/ANO5/SLC26A9/ANO6/ANO9/GABRD/CLDN4/FXYD1,25
MF,GO:0008013,beta-catenin binding,30/2899,108/18662,0.277777777777778,1.78816450116899,3.52275222882433,0.0008066317928369,0.0125373144465651,0.0100186199205699,CDH1/CDH19/CDH7/ESR1/TREM2/CDH20/KANK1/CDH23/NHERF1/SOX9/KLF4/LEF1/CDH11/CDH13/MED12L/CDH18/SHROOM2/FOXO1/CXADR/GRIP1/DACT2/SOX17/CTNND2/CDH2/CDH4/CDH5/FOXO4/PRKN/PTPRT/FOXO6,30
MF,GO:0004115,"3',5'-cyclic-AMP phosphodiesterase activity",10/2899,22/18662,0.454545454545455,2.92608736554925,3.87647060569974,0.0008582967877292,0.0127658066529354,0.0102012089894005,PDE8B/PDE11A/PDE6B/PDE5A/PDE3B/PDE1C/PDE9A/PDE7B/PDE3A/PDE2A,10
MF,GO:0005518,collagen binding,22/2899,72/18662,0.305555555555556,1.96698095128588,3.52546655159351,0.0009935161753569,0.0140648374222215,0.0112392698594594,GP6/MMP9/COMP/ECM2/VWF/FN1/NID1/CTSL/MMP13/P3H4/HSPG2/SPARCL1/DDR2/PCOLCE2/RELL2/TNXB/CRTAP/LRRC15/C1QTNF1/PODN/CCBE1/ITGA1,22
MF,GO:0030506,ankyrin binding,9/2899,19/18662,0.473684210526316,3.04929104409869,3.83261035909923,0.0010859096189614,0.0148365558404616,0.0118559532449646,SLC4A1/CDH1/SPTB/SPTBN1/FLNC/RHBG/RHCG/CACNA1D/KCNJ11,9
MF,GO:0042577,lipid phosphatase activity,9/2899,19/18662,0.473684210526316,3.04929104409869,3.83261035909923,0.0010859096189614,0.0148365558404616,0.0118559532449646,PLPPR4/PLPPR3/INPP5K/LPIN1/PLPP2/PLPP5/PLPP7/PLPP3/PLPP4,9
MF,GO:0019842,vitamin binding,38/2899,150/18662,0.253333333333333,1.63080602506611,3.32649532818411,0.0012350651113355,0.0166804770783822,0.0133294383461742,PYGM/ACACB/SEC14L2/PYGL/CUBN/FOLR1/VDR/AGXT2/OPN4/GNMT/ALDH1A2/EGLN3/KL/PSAT1/SDS/GAD2/RBP4/SDSL/CRABP2/P4HA3/CBS/LOC102724560/PDXK/RBP7/ALB/TKT/ETNPPL/FOLR2/GPT2/GPT/FASN/PC/IRX5/TYMS/SHMT1/ABAT/TCN2/MTARC1,38
MF,GO:0047555,"3',5'-cyclic-GMP phosphodiesterase activity",10/2899,23/18662,0.434782608695652,2.79886617574276,3.70189073496053,0.0013085577173336,0.017472219521216,0.0139621230126985,PDE8B/PDE11A/PDE6B/PDE5A/PDE3B/PDE1C/PDE9A/PDE7B/PDE3A/PDE2A,10
MF,GO:0017147,Wnt-protein binding,12/2899,31/18662,0.387096774193548,2.49189375646775,3.56510878843609,0.0015052836867973,0.0196461133078907,0.0156992905448049,SFRP1/RECK/SFRP2/APCDD1/FZD5/CTHRC1/ROR2/FZD4/FZD2/TRABD2A/FZD9/APCDD1L,12
MF,GO:0016709,"oxidoreductase activity, acting on paired donors, with incorporation or reduction of molecular oxygen, NAD(P)H as one donor, and incorporation of one atom of oxygen",13/2899,35/18662,0.371428571428571,2.39103139013453,3.53241419784733,0.0015121179184862,0.0196461133078907,0.0156992905448049,CYP26B1/FMO3/FMO1/FMO2/CYP26A1/SQLE/CYP27B1/KMO/MICAL2/AKR1C2/CYP4F11/AKR1C1/AKR1C3,13
MF,GO:0051015,actin filament binding,49/2899,208/18662,0.235576923076923,1.51650104810677,3.21240092898568,0.0015215287753345,0.0196461133078907,0.0156992905448049,CAPG/SPTB/FERMT2/CAMSAP3/NEBL/EZR/ABLIM1/MISP/FERMT1/PLS3/CORO2B/ACTR3C/CORO2A/SLC6A4/MYH1/AMOTL2/SPTBN1/PLS1/AIF1L/FLNC/TNNI3/CNN1/SYNE1/MYH11/BIN1/TLN1/SHROOM3/EGFR/SHROOM2/GSN/ADD3/FMNL2/SHROOM4/DMTN/MICALL2/CFL2/PKNOX2/MYO5B/XIRP1/TLN2/ABLIM3/MYO1H/MARCKSL1/SYNE3/CDK5R1/IQGAP3/ESPN/MYO6/MYO1C,49
MF,GO:0030023,extracellular matrix constituent conferring elasticity,6/2899,10/18662,0.6,3.86243532252501,3.88280075506986,0.0016656413448639,0.0206133789526654,0.016472236529252,EMILIN2/LAMC1/FBN2/FBLN5/FBLN2/EMILIN3,6
MF,GO:0098632,cell-cell adhesion mediator activity,19/2899,61/18662,0.311475409836066,2.00508937508129,3.37189140648516,0.0016666136174495,0.0206133789526654,0.016472236529252,BAIAP2L1/CDH1/IGSF9/DSP/KRT18/EPCAM/LRRC4B/ANXA1/ESAM/ROBO4/ROBO3/CXADR/CLDN19/CLDN3/STXBP6/CDH5/PKP3/GLDN/SIRPA,19
MF,GO:0030165,PDZ domain binding,24/2899,84/18662,0.285714285714286,1.8392549154881,3.30602538298772,0.0016957803878565,0.0206407777879544,0.016494131052054,CFTR/ADRB1/ATP2B4/LPAR2/TGFBR3/LLGL2/HCN2/SNTA1/NHERF1/KIF14/USHBP1/CRIM1/CXADR/GRIA1/ACOX1/TAMALIN/TMEM88/NLGN1/SNTG2/FZD4/FZD2/PRKN/SLC22A12/SHISA9,24
MF,GO:0005248,voltage-gated sodium channel activity,9/2899,20/18662,0.45,2.89682649189376,3.63972422231052,0.0017039620812183,0.0206407777879544,0.016494131052054,SCN4A/HCN2/PKD2/SCN2A/SCN3A/SCN11A/SCN9A/SCN4B/SCN8A,9
MF,GO:0050840,extracellular matrix binding,20/2899,66/18662,0.303030303030303,1.95072491036617,3.31809792201151,0.0018494379064461,0.022174383061982,0.0177196413807731,DCN/COL11A1/LGALS1/AMBP/NID1/SPP1/LYPD3/THSD1/TINAGL1/SPARCL1/ADAMTS5/FBLN2/TNXB/LRRC15/CD248/CLEC14A/BGN/OLFML2A/ADAMTSL5/SMOC1,20
MF,GO:0004114,"3',5'-cyclic-nucleotide phosphodiesterase activity",10/2899,24/18662,0.416666666666667,2.68224675175348,3.53645219608018,0.0019336181579963,0.0229495084408658,0.0183390472826449,PDE8B/PDE11A/PDE6B/PDE5A/PDE3B/PDE1C/PDE9A/PDE7B/PDE3A/PDE2A,10
MF,GO:0002020,protease binding,35/2899,139/18662,0.251798561151079,1.62092609458484,3.15111152904062,0.0020999353273718,0.0246742400966187,0.0197172874949015,ATP9A/FAP/XBP1/ACR/TIMP1/PYCARD/FCER2/COMP/SERPINE1/COL1A1/VWF/FN1/F3/TNFRSF8/CSTA/PZP/CHL1/ROCK2/BIN1/BRCA2/SLC6A3/ADAMTSL4/NTRK2/LCN2/KIT/PINK1/COL1A2/COL3A1/PRNP/CNTNAP2/A2M/CDK5R1/CCBE1/PRKN/MIF,35
MF,GO:0030169,low-density lipoprotein particle binding,8/2899,17/18662,0.470588235294118,3.02936103727452,3.58983684782448,0.0021796193755949,0.0251083604541573,0.0200641948713176,STAB1/SCARF1/TREM2/PLTP/CD36/STAB2/CDH13/PCSK9,8
MF,GO:0005544,calcium-dependent phospholipid binding,17/2899,54/18662,0.314814814814815,2.02658643465818,3.23977372376292,0.0025237699219869,0.0287905792071332,0.0230066711334941,SYT13/SYT1/SYT17/PLA2G4A/ANXA1/ANXA3/CPNE8/ESYT1/CPNE2/ANXA9/DOC2A/PLA2G4F/SYT9/CPNE7/ANXA6/SYT15/DOC2B,17
MF,GO:0016209,antioxidant activity,22/2899,77/18662,0.285714285714286,1.8392549154881,3.16468216685052,0.002588745041086,0.0289692897454863,0.0231494794651501,MGST1/GSTO2/PTGS2/GSTP1/GSR/AMBP/SOD3/TPO/PRDX6/CAT/PRXL2A/CLIC2/CYGB/ALB/GPX4/HBA2/MB/HBA1/GPX3/GSTA1/HBB/HP,22
MF,GO:0005313,L-glutamate transmembrane transporter activity,7/2899,14/18662,0.5,3.21869610210417,3.561376054353,0.0027065207371116,0.0296043134494389,0.0236569295380959,SLC1A3/SLC17A7/SLC1A1/SLC1A2/SLC7A11/SLC1A7/SLC25A18,7
MF,GO:0008195,phosphatidate phosphatase activity,7/2899,14/18662,0.5,3.21869610210417,3.561376054353,0.0027065207371116,0.0296043134494389,0.0236569295380959,PLPPR4/PLPPR3/LPIN1/PLPP2/PLPP5/PLPP3/PLPP4,7
MF,GO:0017022,myosin binding,21/2899,73/18662,0.287671232876712,1.85185255189555,3.12730307187525,0.0029263973132261,0.0312592440276426,0.0249793914200736,MYOC/RAB27B/LLGL2/MYL9/PYCARD/MLPH/CXCR4/RAB25/CNGA3/GSN/RAB3C/RAB6B/GRIA1/RAB39B/SHROOM4/MYL3/LARP6/RAB3B/KIRREL1/IQGAP3/DMD,21
MF,GO:0005114,type II transforming growth factor beta receptor binding,6/2899,11/18662,0.545454545454545,3.5113048386591,3.57286692933848,0.003183740935096,0.0322490999891199,0.025770389420197,TGFBR3/BAMBI/AMH/ENG/TGFB3/LRG1,6
MF,GO:0034056,estrogen response element binding,6/2899,11/18662,0.545454545454545,3.5113048386591,3.57286692933848,0.003183740935096,0.0322490999891199,0.025770389420197,PGR/ESR1/NR3C1/ESRRB/ESR2/NR3C2,6
MF,GO:0034713,type I transforming growth factor beta receptor binding,6/2899,11/18662,0.545454545454545,3.5113048386591,3.57286692933848,0.003183740935096,0.0322490999891199,0.025770389420197,FERMT2/ENG/TGFB3/SMAD6/TGFBR2/LRG1,6
MF,GO:0099508,voltage-gated monoatomic ion channel activity involved in regulation of presynaptic membrane potential,6/2899,11/18662,0.545454545454545,3.5113048386591,3.57286692933848,0.003183740935096,0.0322490999891199,0.025770389420197,KCNJ8/KCNJ3/KCNA2/KCNA4/KCNQ5/KCNJ11,6
MF,GO:0017080,sodium channel regulator activity,14/2899,42/18662,0.333333333333333,2.14579740140278,3.18797396616381,0.0032860189145344,0.0330006173040856,0.0263709300203756,ATP2B4/FXYD3/SGK2/SNTA1/GPLD1/FGF12/FXYD6/FXYD2/ANK3/TMPRSS3/PCSK9/SCN4B/CAV3/FXYD1,14
MF,GO:0005319,lipid transporter activity,43/2899,184/18662,0.233695652173913,1.50439056946173,2.94863159311138,0.0033310658809507,0.0331695119501448,0.026505894431829,ATP9A/VMP1/SLCO1A2/APOB/CETP/PITPNM2/PLTP/SLCO4A1/SLC27A6/PLSCR4/SLC2A1/ABCC11/APOL3/ATP8B3/ANO3/CD36/RBP4/SLCO1C1/ESYT1/ABCA8/ABCA12/SLC10A6/ANO4/ABCA9/ABCA6/ABCA10/ABCA5/SLC51A/FABP5/ABCA1/SERINC2/FABP4/ABCD2/CIDEA/ANO6/ATG9B/TMEM30B/SPNS2/ANO9/CIDEC/APOD/MFSD2B/XKR4,43
MF,GO:0015172,acidic amino acid transmembrane transporter activity,8/2899,18/18662,0.444444444444444,2.86106320187038,3.38766107347593,0.0033933587367755,0.0332205469752615,0.0265466767318551,SLC1A3/SLC17A7/SLC1A1/SLC1A2/SLC1A4/SLC7A11/SLC1A7/SLC25A18,8
MF,GO:0031690,adrenergic receptor binding,8/2899,18/18662,0.444444444444444,2.86106320187038,3.38766107347593,0.0033933587367755,0.0332205469752615,0.0265466767318551,ADRB1/NHERF1/ADRA2A/UCHL1/GRIA1/AKAP5/ADRA2C/ADRB3,8
MF,GO:0072341,modified amino acid binding,25/2899,93/18662,0.268817204301075,1.73048177532482,3.0285080177479,0.0034210095183035,0.0332205469752615,0.0265466767318551,DPEP1/CPS1/SYT1/TREM2/GPR143/FOLR1/MARK1/GNMT/ANXA1/TLN1/SYTL2/ANXA3/MFGE8/ANXA9/CBS/LOC102724560/FOLR2/CAVIN2/FASN/SYT9/TYMS/TRIM72/PLEKHN1/MME/ANXA6,25
MF,GO:0005342,organic acid transmembrane transporter activity,44/2899,190/18662,0.231578947368421,1.49076451044825,2.91584957901918,0.0036052900039623,0.0344407784931367,0.0275217687936196,SLC38A5/SLC1A3/SLCO1A2/SLC26A4/SLC7A8/SLC25A1/SLC7A5/SLC17A7/SLC1A1/SLC16A6/NHERF1/SLC1A2/SLC6A12/SLC38A1/SLC27A6/SLC1A4/SLC2A1/SLC16A7/ABCC11/SLC7A10/CD36/SLCO1C1/SFXN5/SLC26A1/SLC10A6/SLC26A7/SLC7A11/SLC16A12/GRIA1/SLC1A7/GRIK3/SLC51A/SLC29A4/FABP5/SLC7A13/FABP4/SLC23A1/ABCD2/SLC26A9/GRIN1/GRID1/SLC25A18/SLC38A3/GRIN2B,44
MF,GO:0004029,aldehyde dehydrogenase (NAD+) activity,9/2899,22/18662,0.409090909090909,2.63347862899432,3.28756213430096,0.0037624018838625,0.035366577708308,0.0282615787823612,ALDH3A2/ALDH3A1/ALDH2/ALDH1A2/ALDH1L1/ALDH4A1/ALDH1A1/AKR1C3/ADH5,9
MF,GO:0017128,phospholipid scramblase activity,9/2899,22/18662,0.409090909090909,2.63347862899432,3.28756213430096,0.0037624018838625,0.035366577708308,0.0282615787823612,VMP1/PLSCR4/ANO3/ANO4/SERINC2/ANO6/ATG9B/ANO9/XKR4,9
MF,GO:0001540,amyloid-beta binding,23/2899,84/18662,0.273809523809524,1.76261929400943,3.0041393824724,0.0037963634634441,0.0354025957900549,0.0282903609807202,MAPK8IP2/MARCO/NGFR/ITM2A/TREM2/ATP1A3/CRYAB/BCHE/CLU/RAMP3/LRP1/CD36/TLR4/HSPG2/GRIA1/FZD5/ADRB2/NLGN1/PRNP/FZD4/GRIN1/COL25A1/GRIN2B,23
MF,GO:0030170,pyridoxal phosphate binding,17/2899,56/18662,0.303571428571429,1.95420834770611,3.06678155895345,0.0038590603594788,0.0357039049006905,0.0285311383394544,PYGM/PYGL/AGXT2/PSAT1/SDS/GAD2/SDSL/CBS/LOC102724560/PDXK/ALB/ETNPPL/GPT2/GPT/SHMT1/ABAT/MTARC1,17
MF,GO:0004112,cyclic-nucleotide phosphodiesterase activity,10/2899,26/18662,0.384615384615385,2.47592007854167,3.22957437413921,0.0038944393557649,0.0357497362736237,0.0285677623794601,PDE8B/PDE11A/PDE6B/PDE5A/PDE3B/PDE1C/PDE9A/PDE7B/PDE3A/PDE2A,10
MF,GO:0005267,potassium channel activity,31/2899,124/18662,0.25,1.60934805105209,2.91955698521105,0.0040917211703923,0.037269553296209,0.0297822544593222,ABCC8/MCOLN3/ABCC9/KCNK6/HCN2/PKD2/KCNIP2/KCNJ8/KCNA5/KCNMB1/KCNA6/KCNE4/KCNK13/KCNJ16/KCNJ6/KCNB1/KCNF1/KCNJ3/GRIK3/KCNK9/KCNS3/KCNG3/KCNK3/KCNA2/KCNE1/KCNA4/KCNB2/LRRC26/KCNQ5/KCNJ11/AQP1,31
MF,GO:0018455,alcohol dehydrogenase [NAD(P)+] activity,16/2899,52/18662,0.307692307692308,1.98073606283334,3.03705569789633,0.004302335504606,0.0385896505184132,0.0308371496191933,HSD17B6/DHRS2/ALDH3A1/RDH5/SORD/AKR1C2/AKR7A3/DHRS3/AKR1E2/HSD17B13/SDR16C5/AKR1C1/AKR1C3/ADH1B/ADH5/AKR7L,16
MF,GO:0005041,low-density lipoprotein particle receptor activity,7/2899,15/18662,0.466666666666667,3.0041163619639,3.32993843469716,0.0043991245844485,0.0391588741418712,0.031292018575184,STAB1/LRP2/LRP1/CD36/STAB2/VLDLR/OLR1,7
MF,GO:0070279,vitamin B6 binding,17/2899,57/18662,0.298245614035088,1.91992399072881,2.98295472670641,0.0047181141466683,0.0416825873859796,0.0333087282851456,PYGM/PYGL/AGXT2/PSAT1/SDS/GAD2/SDSL/CBS/LOC102724560/PDXK/ALB/ETNPPL/GPT2/GPT/SHMT1/ABAT/MTARC1,17
MF,GO:0004303,estradiol 17-beta-dehydrogenase [NAD(P)+] activity,8/2899,19/18662,0.421052631578947,2.71048092808772,3.19896334047267,0.0050715035497312,0.0439277244398832,0.0351028266072795,HSD17B6/HSD17B2/HSD17B7/AKR1C2/HSD17B13/AKR1C1/AKR1C3/HSD17B11,8
MF,GO:0005003,ephrin receptor activity,8/2899,19/18662,0.421052631578947,2.71048092808772,3.19896334047267,0.0050715035497312,0.0439277244398832,0.0351028266072795,EPHA8/EPHB6/NTRK3/EPHA2/EFNA3/EPHA1/EPHA10/EFNA4,8
MF,GO:0008083,growth factor activity,38/2899,162/18662,0.234567901234568,1.51000557876492,2.79588108601178,0.0051901569729455,0.0443265979342489,0.0354215680692945,IGF1/TIMP1/AMH/OGN/CXCL12/MDK/FGF6/BMP5/THBS4/FGF1/FGF12/EFEMP1/ARTN/TGFB3/INHBA/BMP2/GDF5/GDF15/IL6/CCN3/FGF2/FGF7/LEFTY2/VEGFC/BMP3/BMP6/NRG2/TFF1/INHBB/PPBP/CXCL1/VEGFD/IGF2/VEGFB/BMP8A/MACC1/CSF1/CSHL1,38
MF,GO:0008081,phosphoric diester hydrolase activity,23/2899,86/18662,0.267441860465116,1.72162814763712,2.87646249360175,0.0052060174595117,0.0443265979342489,0.0354215680692945,MPPED2/PLD1/GPLD1/PDE8B/PDE11A/PDE6B/ENPP2/PLCE1/PDE5A/PLCZ1/PDE3B/PDE1C/PLCL2/GDPD5/PDE9A/CCR5/F2RL2/ENPP6/PDE7B/PDE3A/PLCXD3/NOTUM/PDE2A,23
MF,GO:0008146,sulfotransferase activity,16/2899,53/18662,0.30188679245283,1.94336368428931,2.94935939489511,0.0052908059597784,0.0444989427814501,0.0355592895507758,WSCD2/SULT2B1/UST/CHST3/CHST7/CHST9/GAL3ST2/NDST3/TPST1/HS6ST2/DSEL/CHST2/CHST1/CHST6/SULT1C4/SULT1C2,16
MF,GO:0004022,alcohol dehydrogenase (NAD+) activity,9/2899,23/18662,0.391304347826087,2.51897955816848,3.12591143732888,0.005339873133774,0.0444989427814501,0.0355592895507758,HSD17B6/RDH5/SORD/DHRS3/HSD17B13/SDR16C5/AKR1C3/ADH1B/ADH5,9
MF,GO:0004030,aldehyde dehydrogenase [NAD(P)+] activity,9/2899,23/18662,0.391304347826087,2.51897955816848,3.12591143732888,0.005339873133774,0.0444989427814501,0.0355592895507758,ALDH3A2/ALDH3A1/ALDH2/ALDH1A2/ALDH1L1/ALDH4A1/ALDH1A1/AKR1C3/ADH5,9
MF,GO:0061134,peptidase regulator activity,52/2899,237/18662,0.219409282700422,1.41242360598664,2.74022400302261,0.0054200924232978,0.0448493563195424,0.0358393064609468,TFPI/PRSS22/ATP2A3/BIRC5/TIMP3/WFDC2/TIMP1/ITIH6/PYCARD/TFPI2/CAV1/SERPINE1/AMBP/VSIR/FN1/CSTA/RECK/ITIH5/SLPI/PZP/WFIKKN1/SERPINF1/ROCK2/BIN1/SNCA/SFRP2/GPC3/SERPING1/CRIM1/TIMP4/PINK1/CPAMD8/ITIH3/PCOLCE2/PI16/PTTG1/SPINT1/SPINT2/CST2/CST1/PRNP/CST9/WFIKKN2/CST6/A2M/UMODL1/PROS1/SERPINA11/SERPINA3/SERPINB5/C4B/C4A,52
MF,GO:0050998,nitric-oxide synthase binding,6/2899,12/18662,0.5,3.21869610210417,3.29701673600967,0.0055352175920372,0.0450241202083219,0.0359789610085761,ATP2B4/SNTA1/CAV1/SLC6A4/CAV3/DMD,6
MF,GO:0071837,HMG box domain binding,6/2899,12/18662,0.5,3.21869610210417,3.29701673600967,0.0055352175920372,0.0450241202083219,0.0359789610085761,MEOX1/ALX4/HOXA3/GATA3/POU3F3/CEBPA,6
MF,GO:0046943,carboxylic acid transmembrane transporter activity,43/2899,189/18662,0.227513227513228,1.46459187714793,2.75299818898629,0.0055561680257078,0.0450241202083219,0.0359789610085761,SLC38A5/SLC1A3/SLCO1A2/SLC26A4/SLC7A8/SLC25A1/SLC7A5/SLC17A7/SLC1A1/SLC16A6/NHERF1/SLC1A2/SLC6A12/SLC38A1/SLC27A6/SLC1A4/SLC2A1/SLC16A7/ABCC11/SLC7A10/CD36/SLCO1C1/SFXN5/SLC26A1/SLC10A6/SLC26A7/SLC7A11/SLC16A12/GRIA1/SLC1A7/GRIK3/SLC51A/FABP5/SLC7A13/FABP4/SLC23A1/ABCD2/SLC26A9/GRIN1/GRID1/SLC25A18/SLC38A3/GRIN2B,43
MF,GO:0016614,"oxidoreductase activity, acting on CH-OH group of donors",32/2899,132/18662,0.242424242424242,1.56057992829293,2.77178107989673,0.0058676889556661,0.0472228391979978,0.03773596646326,CHDH/HSD17B6/ME1/ALDH3A2/HSD17B2/PHGDH/DHRS2/ALDH3A1/UGDH/LDHB/EHHADH/HSD11B1/HSD17B7/RDH5/IDH1/HADH/SORD/AKR1C2/AKR7A3/DHRS3/AKR1E2/LDHD/GPD1/FASN/HSD17B13/SDR16C5/AKR1C1/AKR1C3/ADH1B/ADH5/HSD17B11/AKR7L,32
MF,GO:0140359,ABC-type transporter activity,15/2899,49/18662,0.306122448979592,1.97063026659439,2.91753320288693,0.0059153127279621,0.047282261601058,0.0377834511517525,CFTR/ABCB5/ABCC8/ABCC9/ABCC6/ABCC11/ABCC12/ABCA8/ABCA12/ABCA9/ABCA6/ABCA10/ABCA5/ABCA1/ABCD2,15
MF,GO:0016616,"oxidoreductase activity, acting on the CH-OH group of donors, NAD or NADP as acceptor",30/2899,122/18662,0.245901639344262,1.58296529611681,2.7703834159511,0.0060333578283324,0.0478999692452069,0.0382770638895628,HSD17B6/ME1/HSD17B2/PHGDH/DHRS2/ALDH3A1/UGDH/LDHB/EHHADH/HSD11B1/HSD17B7/RDH5/IDH1/HADH/SORD/AKR1C2/AKR7A3/DHRS3/AKR1E2/LDHD/GPD1/FASN/HSD17B13/SDR16C5/AKR1C1/AKR1C3/ADH1B/ADH5/HSD17B11/AKR7L,30
