"ENSEMBL","baseMean","log2FoldChange","lfcSE","stat","pvalue","padj","ENTREZID","SYMBOL"
"ENSG00000000005",57.385500676292,-4.09837373059516,0.432606180188902,-9.47368280500652,2.70147383335411e-21,2.40153622487006e-19,"64102","TNMD"
"ENSG00000000971",1054.90284142853,-1.21111727374894,0.270355032690525,-4.47972897599176,7.47378765841432e-06,4.33921494554708e-05,"3075","CFH"
"ENSG00000001626",14.9293561552928,-1.32493127723065,0.503761931710878,-2.63007423512713,0.00853662249425795,0.0219987736231458,"1080","CFTR"
"ENSG00000003096",126.955627621215,-1.6016404829033,0.323709734263522,-4.9477674390831,7.5069522834802e-07,5.37263488763659e-06,"90293","KLHL13"
"ENSG00000003137",152.464257856514,-2.73207971267928,0.314473835990821,-8.68778066725726,3.69588467504245e-18,2.09929484452411e-16,"56603","CYP26B1"
"ENSG00000003400",198.73534636599,-1.01287517501743,0.161015006830404,-6.29056381113773,3.16314988771182e-10,4.52142317099248e-09,"843","CASP10"
"ENSG00000003436",614.620781915208,-1.74766076312547,0.229718730785363,-7.60782874409308,2.78738839649659e-14,8.4625763738314e-13,"7035","TFPI"
"ENSG00000004399",1429.10134882213,-1.0044666506461,0.154276262816708,-6.51083084530949,7.47362669975447e-11,1.20872524530982e-09,"23129","PLXND1"
"ENSG00000004478",819.30445240655,1.16440900672248,0.19104778020942,6.09485755577006,1.09534942596229e-09,1.42094354818236e-08,"2288","FKBP4"
"ENSG00000004776",277.640182109503,-2.93108528664078,0.324790405359136,-9.0245439467331,1.80445388271612e-19,1.25063555551197e-17,"126393","HSPB6"
"ENSG00000004799",3934.70995258524,-2.96711199750986,0.29267027651523,-10.1380708449068,3.74420560541977e-24,5.46022972502733e-22,"5166","PDK4"
"ENSG00000004838",80.8817811392904,1.38107809451748,0.211855047262535,6.51897659443546,7.07886976513113e-11,1.15278106250486e-09,"51364","ZMYND10"
"ENSG00000004846",46.6384272367837,-1.6027252312984,0.306037875778832,-5.23701593216084,1.63193610193227e-07,1.35514386864869e-06,"340273","ABCB5"
"ENSG00000004939",11.3900267034688,-1.58428169772908,0.463375382169444,-3.41900273232416,0.000628510953286009,0.00224784890126732,"6521","SLC4A1"
"ENSG00000005001",46.0115095910528,2.24110583469689,0.400980326388337,5.58906681253594,2.28293110875338e-08,2.27399561477438e-07,"64063","PRSS22"
"ENSG00000005020",429.040082560576,-1.01239526870738,0.166240499294862,-6.08994362385599,1.12950455503729e-09,1.46014338842919e-08,"8935","SKAP2"
"ENSG00000005102",148.256594852066,-2.88787263944215,0.28305308307128,-10.2025832331772,1.93067808487902e-24,3.0009905225922e-22,"4222","MEOX1"
"ENSG00000005108",175.467405383801,-1.21752694778388,0.228274239048461,-5.33361518522202,9.62764430488146e-08,8.40613490972462e-07,"221981","THSD7A"
"ENSG00000005249",2357.70202496524,-2.31778527557543,0.269848399485363,-8.58921260973105,8.75673475165636e-18,4.7159195162551e-16,"5577","PRKAR2B"
"ENSG00000005448",44.3438283754761,1.03469537213164,0.20568539566218,5.03047563878108,4.89264553584047e-07,3.65161853994672e-06,"84058","WDR54"
"ENSG00000005513",12.0796253758075,-1.30248175689224,0.380800196098692,-3.42038100357143,0.000625334870746859,0.0022380315145246,"30812","SOX8"
"ENSG00000005810",2912.90718691789,-1.17422219871571,0.123247544046301,-9.52734764657535,1.61352939662148e-21,1.48524808785462e-19,"23077","MYCBP2"
"ENSG00000005882",248.265112912343,-1.12624534818482,0.147610923590953,-7.62982386930775,2.35074654950427e-14,7.20433045242408e-13,"5164","PDK2"
"ENSG00000006016",24.4501674793474,-1.23883514878081,0.252173215868865,-4.9126357234744,8.98601373873098e-07,6.32138061327856e-06,"9244","CRLF1"
"ENSG00000006071",107.658041202184,1.4427172291702,0.246246688260403,5.85882896278608,4.66142479225696e-09,5.35403826360205e-08,"6833","ABCC8"
"ENSG00000006118",231.106903436439,1.58414055331057,0.279036983847089,5.6771705724094,1.36940905691507e-08,1.43219662769547e-07,"54972","TMEM132A"
"ENSG00000006210",423.41843845379,-1.91087835472448,0.258375222499062,-7.39574923726062,1.40613145221609e-13,3.74747025016687e-12,"6376","CX3CL1"
"ENSG00000006327",146.336164817045,1.16520680482494,0.259043888994987,4.49810574318351,6.85615965750639e-06,4.00838271147637e-05,"51330","TNFRSF12A"
"ENSG00000006432",153.00177764083,1.41110000425137,0.246634730514597,5.7214164497723,1.05639604489117e-08,1.12986932564009e-07,"4293","MAP3K9"
"ENSG00000006453",160.060833181049,1.07759746323749,0.188866849154721,5.70559348059389,1.15938405873989e-08,1.22938281849551e-07,"55971","BAIAP2L1"
"ENSG00000006555",50.3172411428429,1.33593791513514,0.36492062517813,3.66089999567171,0.000251330850261042,0.00100200371848812,"55001","TTC22"
"ENSG00000006611",46.0636372165314,-1.98051862596043,0.368094592089032,-5.38046107855178,7.42953014993166e-08,6.63875193225219e-07,"10083","USH1C"
"ENSG00000007174",34.5815443619075,-1.4014185808101,0.283771874336341,-4.93853939572977,7.87098787148472e-07,5.60842995245677e-06,"1770","DNAH9"
"ENSG00000007314",156.079442600263,-3.05855043446,0.303896780992569,-10.0644384072459,7.93388315036655e-24,1.08967057575246e-21,"6329","SCN4A"
"ENSG00000007933",49.3001184250481,-1.40288522040051,0.244945622672339,-5.72733329583577,1.02021608262575e-08,1.09523445296937e-07,"2328","FMO3"
"ENSG00000007968",41.297858700127,1.11081710624022,0.199523088262927,5.56736123077854,2.58625892564963e-08,2.54295868151565e-07,"1870","E2F2"
"ENSG00000008056",6.63023110047823,1.40214182214309,0.387346686191472,3.61986270214273,0.000294759376457297,0.00115579515016292,"6853","SYN1"
"ENSG00000008300",117.991150326865,1.64915317198227,0.255874075990822,6.44517489939631,1.15467182307762e-10,1.799097910171e-09,"1951","CELSR3"
"ENSG00000008311",223.558593204345,-1.30740838468097,0.212306215931993,-6.15812579458231,7.36108768149861e-10,9.81907060823952e-09,"10157","AASS"
"ENSG00000008323",165.861771892809,-1.28521425187106,0.158982542899576,-8.08399606919662,6.26783532240491e-16,2.48397663051888e-14,"55200","PLEKHG6"
"ENSG00000008394",1781.79045490087,-1.92813365726951,0.306745618433747,-6.28577407923421,3.26224067928813e-10,4.65281557983304e-09,"4257","MGST1"
"ENSG00000008441",1017.59899254102,-1.19459563927089,0.188396951294776,-6.34084379317666,2.28510140605993e-10,3.36262257928025e-09,"4784","NFIX"
"ENSG00000008735",76.6449649440807,1.78498257580725,0.274947861364491,6.49207659571845,8.46611926039225e-11,1.35564351647319e-09,"23542","MAPK8IP2"
"ENSG00000009694",93.1684838693793,-2.13359735510288,0.293593542533832,-7.26718079930869,3.67067377514165e-13,9.03159714266605e-12,"10178","TENM1"
"ENSG00000009765",23.6217640884641,1.47257911399855,0.44727172951232,3.29235902211877,0.000993506938864462,0.00336720852941616,"389434","IYD"
"ENSG00000009790",81.4516142913387,1.17348084190326,0.238919329612091,4.91161951529213,9.03272029990051e-07,6.35079505809365e-06,"80342","TRAF3IP3"
"ENSG00000009950",189.085343835909,-2.91922370375466,0.31239330678458,-9.34470630565621,9.21448457840551e-21,7.74076345262946e-19,"51085","MLXIPL"
"ENSG00000010030",17.525682359558,1.13331074224775,0.326442630241619,3.47169957982794,0.000517174742517153,0.00190072518282037,"51513","ETV7"
"ENSG00000010278",993.292114274684,1.19690429909115,0.200638356213105,5.96548098619726,2.4391445208695e-09,2.93126451262641e-08,"928","CD9"
"ENSG00000010319",864.531355789379,-3.05409314800211,0.290406135187066,-10.5166275018082,7.24195106115246e-26,1.49195687020155e-23,"56920","SEMA3G"
"ENSG00000010327",1516.18696300414,-1.1409466383789,0.170179762699831,-6.70436143686099,2.02289000270731e-11,3.65415300558639e-10,"23166","STAB1"
"ENSG00000010810",394.095566877153,-1.06300051885519,0.176631130705327,-6.01819461048793,1.76373076243847e-09,2.18534239290586e-08,"2534","FYN"
"ENSG00000010932",68.3651548165536,-1.16552457629068,0.20712542519394,-5.62714391629783,1.83217860842573e-08,1.86070783714847e-07,"2326","FMO1"
"ENSG00000011198",287.56801241107,-1.0110408873953,0.12581941036538,-8.03565113251792,9.30832456993381e-16,3.58494791077658e-14,"51099","ABHD5"
"ENSG00000011426",195.326553317263,1.22224831946364,0.195174754379385,6.26232794989358,3.79272238657717e-10,5.34191468859307e-09,"54443","ANLN"
"ENSG00000011465",9580.24477209796,-1.16873073369615,0.280758127563412,-4.162767232561,3.14413837735736e-05,0.000157316006167005,"1634","DCN"
"ENSG00000011523",566.89603865954,-1.02099207844898,0.106313102866381,-9.60363352137514,7.71747757325047e-22,7.58826828963772e-20,"23177","CEP68"
"ENSG00000012124",48.7515830947738,1.48733954165652,0.295755603868451,5.02894796312321,4.93178196256914e-07,3.67871253403361e-06,"933","CD22"
"ENSG00000013297",127.366688987669,-1.33133007253238,0.253894773956482,-5.24362928699183,1.57448391578589e-07,1.31079068268025e-06,"5010","CLDN11"
"ENSG00000013588",766.595350419201,1.89376539208812,0.282935174439378,6.69328370302675,2.18217486984461e-11,3.91735098695894e-10,"9052","GPRC5A"
"ENSG00000013619",51.0989535148236,-1.15989124771839,0.217793267908989,-5.32565243569915,1.00591315160012e-07,8.74756904162007e-07,"10046","MAMLD1"
"ENSG00000015413",7.41836160881623,1.21544278160577,0.37170487427904,3.26991348704599,0.00107580380805903,0.00361077259498272,"1800","DPEP1"
"ENSG00000016391",276.045632569228,1.09362443735088,0.338803906085758,3.22789796016713,0.00124703448576337,0.00411419943841453,"55349","CHDH"
"ENSG00000017427",1491.83028223571,-1.89550513161847,0.226508517720249,-8.36836137861946,5.84249812122822e-17,2.72279293053577e-15,"3479","IGF1"
"ENSG00000017483",16.6670919188125,1.47756599136828,0.339555965898949,4.35146526569351,1.35230747085598e-05,7.40105362185948e-05,"92745","SLC38A5"
"ENSG00000018625",322.752922076098,-3.23264283646483,0.275792347325996,-11.7212927327666,9.9147364770726e-32,6.59914690953463e-29,"477","ATP1A2"
"ENSG00000019144",2032.04546593504,-1.45199414947943,0.181164055369666,-8.01480264126693,1.10314007342817e-15,4.21727688159773e-14,"23187","PHLDB1"
"ENSG00000019169",47.8873082941346,-2.13968936350592,0.407103945138866,-5.25587970604425,1.47318564108986e-07,1.23597132745348e-06,"8685","MARCO"
"ENSG00000019505",267.373477573877,3.99976015365979,0.587081594393533,6.81295443743492,9.56144313654041e-12,1.8330571708886e-10,"57586","SYT13"
"ENSG00000020181",569.929877269604,-1.71660512844984,0.207129542046537,-8.28759196534194,1.1556423990177e-16,5.20801482529541e-15,"25960","ADGRA2"
"ENSG00000020577",657.251543129458,-1.5569268994663,0.232247448453135,-6.70374167654405,2.03149264392851e-11,3.66714089367846e-10,"23034","SAMD4A"
"ENSG00000021826",80.2308979891674,-1.67425746188698,0.295811881513133,-5.65987225841922,1.514857114647e-08,1.5660159690166e-07,"1373","CPS1"
"ENSG00000022267",4216.50281443544,-3.73821045045521,0.317650677981832,-11.7683062230675,5.68545570219395e-32,4.34067820933972e-29,"2273","FHL1"
"ENSG00000023892",104.463990188833,1.0527898150945,0.236535304380427,4.4508781378414,8.55198635082979e-06,4.90157786917288e-05,"50619","DEF6"
"ENSG00000024422",1128.81143366627,-2.33823909927278,0.225183760745327,-10.3836932624872,2.94170002217982e-25,5.4543320839817e-23,"30846","EHD2"
"ENSG00000024526",63.6191178479172,1.97641527258644,0.243516213285021,8.11615475587726,4.81187007749336e-16,1.94861971094497e-14,"55635","DEPDC1"
"ENSG00000025039",232.808621541885,-1.82282836762161,0.196798678693743,-9.2624014537124,1.9988506218843e-20,1.61137156654884e-18,"58528","RRAGD"
"ENSG00000025423",23.810172523642,2.17447149806347,0.311243875976011,6.98639127033319,2.82046797750863e-12,5.92823544616754e-11,"8630","HSD17B6"
"ENSG00000025434",225.353248187832,-1.10488053645957,0.149548760134599,-7.38809559815231,1.48946644117042e-13,3.95333025356868e-12,"10062","NR1H3"
"ENSG00000026025",11838.8076162358,-1.87074896469389,0.219527336596608,-8.52171302989695,1.57210526469649e-17,8.06496214644101e-16,"7431","VIM"
"ENSG00000028137",293.44771134292,-1.19248301345489,0.183099063275711,-6.51277506351437,7.37749469679374e-11,1.19466629656502e-09,"7133","TNFRSF1B"
"ENSG00000029993",150.307851895073,1.58129525625904,0.250750836583623,6.3062411986478,2.85893391526164e-10,4.12061113672192e-09,"3149","HMGB3"
"ENSG00000031081",733.529505174466,-1.5048759830129,0.1638391028624,-9.185084370712,4.11204833771778e-20,3.16737539318926e-18,"57514","ARHGAP31"
"ENSG00000033170",707.269571361172,1.09066148889975,0.159829537354537,6.823904435639,8.85988320919385e-12,1.70992452300561e-10,"2530","FUT8"
"ENSG00000034971",87.176092334722,-4.78365765715691,0.557048320681185,-8.58750934085436,8.88748987270073e-18,4.76655913461912e-16,"4653","MYOC"
"ENSG00000035499",23.4404959622174,1.68247454759867,0.271353435206925,6.20030679293106,5.63532013089901e-10,7.66675261833735e-09,"55789","DEPDC1B"
"ENSG00000035664",216.754605474912,-1.05672200690494,0.133810086468806,-7.89717752070418,2.8528991283752e-15,1.01724664250499e-13,"23604","DAPK2"
"ENSG00000037280",210.14720263531,-1.20875819934434,0.171208788193632,-7.06014108327937,1.66333638334661e-12,3.61615459287364e-11,"2324","FLT4"
"ENSG00000038295",134.186916461809,-1.13992475591628,0.213494139764083,-5.33937258032436,9.32687937516898e-08,8.17101366252569e-07,"7092","TLL1"
"ENSG00000038427",5356.71943090544,1.34748859274389,0.248434666748383,5.42391531093622,5.83075155970681e-08,5.32938904883343e-07,"1462","VCAN"
"ENSG00000039068",1983.49522385318,1.69910729918957,0.381113883575299,4.45826660327862,8.26250970530471e-06,4.74929643335473e-05,"999","CDH1"
"ENSG00000039139",543.095723320363,1.54197233912704,0.273377084052081,5.6404593840546,1.6959707209884e-08,1.73801847514476e-07,"1767","DNAH5"
"ENSG00000039537",98.3570910695636,-1.73067985918017,0.386830929425978,-4.47399555601291,7.67713379230326e-06,4.44530535312532e-05,"729","C6"
"ENSG00000041353",917.339553025592,1.91257656864991,0.33972797634744,5.6297293770529,1.8049259212741e-08,1.83878599153976e-07,"5874","RAB27B"
"ENSG00000041982",2359.96660280309,1.32831737989525,0.284524458817797,4.66855252238918,3.03329237178424e-06,1.92185021690933e-05,"3371","TNC"
"ENSG00000042286",336.084401871505,-2.07026898536372,0.217807963896453,-9.50501968949094,2.00010171597036e-21,1.80273056747079e-19,"84883","AIFM2"
"ENSG00000042445",1489.67722885224,-2.01265786015422,0.224690445594838,-8.95746970827344,3.32213952625904e-19,2.2111819954521e-17,"54884","RETSAT"
"ENSG00000042493",411.863189656074,1.13117687193554,0.183894552444597,6.15122556322782,7.68864770827429e-10,1.02192481931072e-08,"822","CAPG"
"ENSG00000043355",5.92672049767822,1.00612623370019,0.418386483478565,2.40477709828247,0.0161823327771021,0.0380696931509894,"7546","ZIC2"
"ENSG00000043591",46.7955289453863,-2.06800769506022,0.331207983392478,-6.24383408237372,4.26972910702903e-10,5.94282188526861e-09,"153","ADRB1"
"ENSG00000046653",167.42025309344,-1.32515335738083,0.249963164057879,-5.30139455697554,1.14921416442338e-07,9.88446033137912e-07,"2824","GPM6B"
"ENSG00000046889",891.949128177053,-2.24882401381036,0.235962120300325,-9.53044501781953,1.56610424999949e-21,1.45189050433881e-19,"80243","PREX2"
"ENSG00000047662",33.0051630247074,1.36036328641191,0.39363521032037,3.45589838191747,0.000548462046772849,0.00199760826137485,"27146","FAM184B"
"ENSG00000048540",259.814514018032,-2.08224633704159,0.326779969626348,-6.37201337469522,1.86562612234251e-10,2.79123474834391e-09,"55885","LMO3"
"ENSG00000048740",865.475315337926,-1.59784215667371,0.195825827783316,-8.15950671451647,3.36395579063173e-16,1.40388367223824e-14,"10659","CELF2"
"ENSG00000049249",9.08709963269869,2.48977766546595,0.430354260425093,5.78541423757862,7.23338577113052e-09,7.99677290660162e-08,"3604","TNFRSF9"
"ENSG00000050438",378.568819867448,2.63746660135161,0.350640219482511,7.52185988602246,5.40024412644722e-14,1.55928294810141e-12,"9498","SLC4A8"
"ENSG00000050628",986.11872219458,-1.32197095779133,0.271423260202138,-4.8705146228323,1.11307962976563e-06,7.68574568127597e-06,"5733","PTGER3"
"ENSG00000050730",11.6004205358691,1.28269601749014,0.337039379524107,3.80577491953993,0.000141360895211091,0.000599191070850669,"79931","TNIP3"
"ENSG00000051180",19.3199267973969,1.42172582337484,0.253155323286617,5.61602183559536,1.95403978309805e-08,1.97128242830551e-07,"5888","RAD51"
"ENSG00000051341",64.2932560408753,1.65672778806591,0.254880768753345,6.50001095088178,8.03141650854867e-11,1.29490378713606e-09,"10721","POLQ"
"ENSG00000051620",916.445465891454,-1.10234570624262,0.162821147151833,-6.77028583525868,1.28528211885662e-11,2.40369980124497e-10,"23593","HEBP2"
"ENSG00000052344",367.12394208897,2.32542712146931,0.454097097585637,5.12099093747404,3.03934254623583e-07,2.35860250568579e-06,"5652","PRSS8"
"ENSG00000052850",56.7301960590034,-2.01399843387248,0.279208848860489,-7.21323282586507,5.46388726983289e-13,1.30479839696708e-11,"60529","ALX4"
"ENSG00000053108",52.8814777771288,1.33545498189599,0.328771041556768,4.06196049254356,4.86623139417623e-05,0.000231761255588045,"23105","FSTL4"
"ENSG00000053254",1444.57537634501,-1.48552232287988,0.180066263320293,-8.24986477471081,1.58573857621288e-16,7.00880826605483e-15,"1112","FOXN3"
"ENSG00000053328",14.7961015923899,-1.05096140738451,0.286517735590925,-3.66805009545733,0.000244407304487221,0.00097695177238671,"728464","METTL24"
"ENSG00000053438",99.9261981607701,-3.79707432169606,0.431573432988322,-8.7982114547788,1.39013910460981e-18,8.23863718663501e-17,"4826","NNAT"
"ENSG00000053702",29.9274200498661,-1.4866512784344,0.285653951598162,-5.20437848003489,1.94646944508942e-07,1.58322869912281e-06,"83714","NRIP2"
"ENSG00000053747",793.360886710178,-1.41175997594886,0.21269648942415,-6.63743900884789,3.19179959491549e-11,5.50516504218048e-10,"3909","LAMA3"
"ENSG00000054356",9.6948528154062,1.83330604141989,0.690217663612843,2.65612739005218,0.0079043748698894,0.02061713855231,"5798","PTPRN"
"ENSG00000054392",171.390415436148,1.09584821798752,0.156916941260291,6.98361954538577,2.87670440023514e-12,6.0366606969526e-11,"55733","HHAT"
"ENSG00000054598",78.0901056839092,-1.67615563221366,0.215211961042284,-7.78839440008788,6.7866057481568e-15,2.25565572356791e-13,"2296","FOXC1"
"ENSG00000054793",1540.08462020633,-1.00961242411933,0.147693057441138,-6.83588275313284,8.15015824059147e-12,1.58473264126797e-10,"10079","ATP9A"
"ENSG00000055163",246.920393390287,1.49604577325063,0.224655352331555,6.6592928132988,2.7514827559912e-11,4.83895592005553e-10,"26999","CYFIP2"
"ENSG00000055732",76.165489747552,-1.0953125370859,0.276950668182806,-3.95490122581298,7.65662778794863e-05,0.000346255651776255,"55283","MCOLN3"
"ENSG00000055813",49.0895531484382,-2.5828868475585,0.268707967013742,-9.61224513088745,7.0984034451822e-22,7.00609721026766e-20,"114800","CCDC85A"
"ENSG00000056736",123.762290368856,1.82208991104751,0.35081437758941,5.19388607607203,2.05949195962455e-07,1.65922694872546e-06,"55540","IL17RB"
"ENSG00000056998",1014.15398693698,-3.97992783663868,0.317691870076117,-12.5276351443463,5.27110741296958e-36,9.14376145131018e-33,"8908","GYG2"
"ENSG00000057593",29.5058645508471,2.39464666264289,0.44988329045595,5.32281752499844,1.02172223748552e-07,8.87612645269386e-07,"2155","F7"
"ENSG00000057704",171.649100858072,-1.23671889724764,0.184672742467482,-6.69681340474706,2.13013327918937e-11,3.83566418977545e-10,"57458","TMCC3"
"ENSG00000058404",28.2484768524708,1.04886100395359,0.418371530178675,2.50700855171873,0.0121757765855063,0.0298450244198841,"816","CAMK2B"
"ENSG00000058668",3263.702597722,-1.33652444482877,0.173388350618047,-7.70827128849602,1.27533422965554e-14,4.0619786421348e-13,"493","ATP2B4"
"ENSG00000059915",29.8058438263531,1.34560712940193,0.297046459639824,4.52995511555167,5.89962185415855e-06,3.50600696177307e-05,"5662","PSD"
"ENSG00000060138",838.512090153098,-1.08933768492348,0.162666124766897,-6.69677037234715,2.13076036738431e-11,3.83566418977545e-10,"8531","YBX3"
"ENSG00000060718",870.293902153181,3.78773380017985,0.319260538696662,11.8640838471386,1.81882500124987e-32,1.52300191556271e-29,"1301","COL11A1"
"ENSG00000062282",1833.97800429558,-3.99841926469689,0.357508080540548,-11.1841367575562,4.87627531272797e-29,1.7339500625725e-26,"84649","DGAT2"
"ENSG00000062716",3407.66255024624,1.16890757142145,0.13670611733574,8.55051400919168,1.22541557843892e-17,6.43913716297923e-16,"81671","VMP1"
"ENSG00000064205",276.150358040516,-1.39320098759839,0.343234175271452,-4.05903924484372,4.92750326417628e-05,0.000234135328082533,"8839","CCN5"
"ENSG00000064218",9.92181089071862,-1.02996141375515,0.383555807908111,-2.68529740006413,0.0072465293624208,0.0191572878286708,"58524","DMRT3"
"ENSG00000064270",118.130653299056,2.02881199523979,0.385029618792741,5.26923617357314,1.36992612384832e-07,1.15719304662723e-06,"9914","ATP2C2"
"ENSG00000064300",97.9096936126125,-1.36431312068533,0.258742612809814,-5.27285825040406,1.34315303714257e-07,1.13642654948328e-06,"4804","NGFR"
"ENSG00000064547",53.5059788122023,1.00299824998484,0.215651869378423,4.65100651747559,3.30318888160057e-06,2.07713607045997e-05,"9170","LPAR2"
"ENSG00000064787",127.666554232848,1.58987065234501,0.275769479373294,5.76521613616601,8.15532586019962e-09,8.90976214979216e-08,"8537","BCAS1"
"ENSG00000064989",870.951797566852,-1.0605376239377,0.232642090033001,-4.55866616306303,5.14795259412282e-06,3.10479910404833e-05,"10203","CALCRL"
"ENSG00000065325",24.4699123025816,-2.3160455258397,0.336988720650312,-6.87276868308901,6.2967628024158e-12,1.25058430623649e-10,"9340","GLP2R"
"ENSG00000065361",1623.02019015647,2.16684552114012,0.340245849302292,6.36847010943248,1.90922969324647e-10,2.85154110341151e-09,"2065","ERBB3"
"ENSG00000065371",13.9027310828093,-1.851740478689,0.635967155634516,-2.91169199900187,0.00359476905109511,0.0103912043461389,"54763","ROPN1"
"ENSG00000065534",1780.97391818046,-1.57591210243042,0.195025551171915,-8.08054171856312,6.44796938557381e-16,2.53985416252997e-14,"4638","MYLK"
"ENSG00000065618",341.787830582086,-1.30473859703784,0.395896103576733,-3.29565910159294,0.000981910859006951,0.00333138701844235,"1308","COL17A1"
"ENSG00000065621",242.738374145716,1.5252791043736,0.362947047094994,4.20248385152005,2.64002087077826e-05,0.000134847819290953,"119391","GSTO2"
"ENSG00000065833",392.063966912102,-2.51497149474786,0.27510825799963,-9.1417520980095,6.14485657651804e-20,4.61006320847558e-18,"4199","ME1"
"ENSG00000065911",607.9387192979,1.06623422794114,0.132337255521889,8.05694680410524,7.82236709923989e-16,3.04427294096056e-14,"10797","MTHFD2"
"ENSG00000065923",206.110527135171,1.26886355159337,0.335976531843379,3.77664340015533,0.000158956058023474,0.000664976849987645,"84679","SLC9A7"
"ENSG00000066056",238.414188214693,-1.77681670947043,0.215064091182746,-8.26180093431133,1.4349086129595e-16,6.41090495270269e-15,"7075","TIE1"
"ENSG00000066279",247.34279082809,2.16548432793016,0.332434118627143,6.51402550638601,7.31630654828257e-11,1.18697928362699e-09,"259266","ASPM"
"ENSG00000066382",68.9350101044383,-1.2718544603011,0.293416178861614,-4.33464325394598,1.4599668998951e-05,7.94337052766234e-05,"744","MPPED2"
"ENSG00000066735",111.277339855435,-2.20197103640189,0.25081481208787,-8.7792703232792,1.64538627513232e-18,9.59796335503027e-17,"26153","KIF26A"
"ENSG00000067606",84.9064796976248,1.47192082988261,0.295491223378935,4.98126750788477,6.31691450459858e-07,4.60343814459208e-06,"5590","PRKCZ"
"ENSG00000067715",496.271697775583,1.57227068829676,0.394013538012594,3.99039763005936,6.59626152973305e-05,0.000303537948570839,"6857","SYT1"
"ENSG00000067836",93.4268758207849,1.65012231659406,0.214421188666352,7.69570547974956,1.40715597767033e-14,4.44908098274866e-13,"79641","ROGDI"
"ENSG00000067840",32.5180900096885,-1.60407743871971,0.217146082568894,-7.38708900360101,1.50078144953756e-13,3.97929365343166e-12,"57595","PDZD4"
"ENSG00000068078",95.4901246115902,1.17646678307015,0.220644946535834,5.33194528830544,9.71662166444986e-08,8.47527100691497e-07,"2261","FGFR3"
"ENSG00000068366",753.97820485862,-1.17520036262735,0.189515045791238,-6.20109267694717,5.60724803989967e-10,7.63256133296883e-09,"2182","ACSL4"
"ENSG00000068615",181.648117362073,1.14555709598314,0.243643838039341,4.70176921034288,2.57916924878921e-06,1.65595041701881e-05,"65055","REEP1"
"ENSG00000068976",58.2050564347184,-2.34675381103647,0.310499529350941,-7.55799474460414,4.09330580530675e-14,1.20880582587204e-12,"5837","PYGM"
"ENSG00000069011",41.2329389806212,3.41097412032351,0.429276476752034,7.94586776832363,1.9283604266531e-15,7.15091142215159e-14,"5307","PITX1"
"ENSG00000069018",8.8439647518459,-1.21510758079975,0.37942505701783,-3.20249693141021,0.00136241751705151,0.00445354916353396,"57113","TRPC7"
"ENSG00000069122",1020.29320622672,-2.13567045643641,0.215965568938882,-9.88893955147454,4.64926612142105e-23,5.60978600188924e-21,"221395","ADGRF5"
"ENSG00000069431",840.889836127909,-2.18451340028435,0.25897164625644,-8.43533812238729,3.30246633766981e-17,1.61138009761716e-15,"10060","ABCC9"
"ENSG00000069535",670.10346674083,-1.15305454583075,0.334777323231688,-3.44424327998096,0.000572660175044329,0.00207150401669464,"4129","MAOB"
"ENSG00000069702",1929.87050633805,-1.907699596795,0.247001208171852,-7.72344237064504,1.1322935521731e-14,3.63313671536579e-13,"7049","TGFBR3"
"ENSG00000069812",12.150647659883,1.32911268295459,0.41785806376984,3.18077547903126,0.00146881416195154,0.00475879655715651,"54626","HES2"
"ENSG00000070182",88.16284157804,-1.61671649396849,0.270389064764687,-5.97922292225642,2.24204564590582e-09,2.71831017638596e-08,"6710","SPTB"
"ENSG00000070190",110.989712458248,1.04404854153544,0.240782996220384,4.33605594217227,1.45062039976043e-05,7.8974841310783e-05,"27071","DAPP1"
"ENSG00000070371",83.9484556899907,-1.11397652824678,0.226704380922649,-4.9137847434314,8.93348305032389e-07,6.28613046951226e-06,"8218","CLTCL1"
"ENSG00000070404",233.091604997607,-1.12280598134709,0.249440605766408,-4.50129592131667,6.75403947968909e-06,3.95681839782883e-05,"10272","FSTL3"
"ENSG00000070501",173.579587677097,1.12072696760125,0.158282316407988,7.08055702642407,1.43576165600045e-12,3.15308807668863e-11,"5423","POLB"
"ENSG00000070526",14.4529236333152,-1.76474253405757,0.291247917085353,-6.0592451672037,1.3676180809738e-09,1.73937433345997e-08,"55808","ST6GALNAC1"
"ENSG00000070778",419.000641186416,-1.2169744857211,0.180040355932728,-6.75945389807952,1.38512824461768e-11,2.57189978353261e-10,"11099","PTPN21"
"ENSG00000070886",10.1483211917417,1.89494552559203,0.812432354450902,2.33243483621816,0.0196778272628799,0.0449882895974842,"2046","EPHA8"
"ENSG00000070915",7.39982844144038,1.26540320818968,0.507047107144049,2.49563243801367,0.0125732809963491,0.0306716688378187,"6559","SLC12A3"
"ENSG00000071205",337.406947590295,-1.53659528467249,0.188340924541532,-8.1585841654592,3.3897447505129e-16,1.41011208708035e-14,"79658","ARHGAP10"
"ENSG00000071242",319.652293140802,-1.15634088639766,0.15168894063267,-7.62310608522118,2.47643192446278e-14,7.57163956362836e-13,"6196","RPS6KA2"
"ENSG00000071539",39.7615938420305,1.31069919201143,0.27211889587364,4.81664159265169,1.45994578077611e-06,9.84600482654881e-06,"9319","TRIP13"
"ENSG00000071909",255.034764764103,1.6000683469226,0.307475645656535,5.20388645255484,1.95163279970607e-07,1.5851215336286e-06,"140469","MYO3B"
"ENSG00000071991",26.9244549513447,-2.39963434795066,0.393885304267742,-6.09221598762548,1.11358296185889e-09,1.44099633718509e-08,"28513","CDH19"
"ENSG00000072163",262.53908994376,-1.93574410213383,0.217994561557317,-8.87978162530844,6.69917480948801e-19,4.23107493198759e-17,"55679","LIMS2"
"ENSG00000072210",830.301657141683,-1.20903774828048,0.18961616261348,-6.37623782496338,1.81491021569465e-10,2.71849044310454e-09,"224","ALDH3A2"
"ENSG00000072571",54.6135227863678,2.01964862254275,0.24569844701197,8.22003006980485,2.03452162708695e-16,8.83145692239518e-15,"3161","HMMR"
"ENSG00000072657",92.8079585100231,-3.24904240975299,0.375669370595019,-8.64867530884103,5.2100667775943e-18,2.85925821168696e-16,"29953","TRHDE"
"ENSG00000072858",319.529794611739,1.8415846175174,0.252385203640788,7.29672180045259,2.94863588266138e-13,7.36676518211011e-12,"54847","SIDT1"
"ENSG00000072952",317.990991690716,-1.08335657779677,0.201042064669895,-5.3887059883493,7.09667920342945e-08,6.37424217171701e-07,"10335","IRAG1"
"ENSG00000073111",148.618564454531,1.14824791078957,0.194264369883591,5.9107489009829,3.40555833252227e-09,4.00187791741119e-08,"4171","MCM2"
"ENSG00000073150",13.2788800999228,1.38521924328901,0.434997706391243,3.18442884396066,0.0014503996437646,0.00470324471615758,"56666","PANX2"
"ENSG00000073350",275.009681616678,1.45174115959302,0.226674103435999,6.40453028196455,1.50833016555524e-10,2.29840012515384e-09,"3993","LLGL2"
"ENSG00000073464",72.2979178470062,-1.42995317650306,0.252141851514093,-5.67122501844217,1.41780029360523e-08,1.47923070825582e-07,"1183","CLCN4"
"ENSG00000073712",1259.09326578571,-1.92386017874566,0.237621381809062,-8.09632602966497,5.66438871215173e-16,2.26907719429066e-14,"10979","FERMT2"
"ENSG00000073756",100.046782618368,-1.24740131219404,0.288255707568748,-4.32741236145874,1.50871344541759e-05,8.17944519969711e-05,"5743","PTGS2"
"ENSG00000073792",51.6812913364081,-1.46771652974969,0.260396135873888,-5.6364758440982,1.73565368960678e-08,1.77448201948849e-07,"10644","IGF2BP2"
"ENSG00000074211",72.2089801855174,1.45948451472898,0.41901232167121,3.48315416813495,0.000495542906679332,0.0018287322677825,"5522","PPP2R2C"
"ENSG00000074370",312.818916105671,1.1854112378417,0.218796737570667,5.41786523420547,6.03148502097968e-08,5.49351888331897e-07,"489","ATP2A3"
"ENSG00000074410",1254.99720724389,2.37747117791632,0.274621595379228,8.65726227623593,4.83229945869717e-18,2.65755994383181e-16,"771","CA12"
"ENSG00000074416",1873.76127418464,-2.59892312917038,0.252204805966013,-10.3048120721403,6.70225449869711e-25,1.19984222260124e-22,"11343","MGLL"
"ENSG00000074660",145.802376225963,-1.28743419589181,0.145657019996932,-8.8388063679933,9.67466244023712e-19,5.97940208627798e-17,"8578","SCARF1"
"ENSG00000075035",22.58546483903,-2.13317491228936,0.446287862760029,-4.77981834212772,1.75453653191459e-06,1.16213981361161e-05,"9671","WSCD2"
"ENSG00000075213",119.749879507786,-1.86444281845027,0.3107428171316,-5.99995467525378,1.97372614066982e-09,2.4189793748587e-08,"10371","SEMA3A"
"ENSG00000075218",26.678538303139,1.49561273391595,0.252508709265245,5.92301445074079,3.16093055530815e-09,3.7330043382479e-08,"51512","GTSE1"
"ENSG00000075275",1377.22664787819,2.1661971401909,0.325614233764415,6.65264879593122,2.87864546547915e-11,5.03238690026398e-10,"9620","CELSR1"
"ENSG00000075461",108.095465750081,2.76008138515258,0.449572859188926,6.13934166340033,8.28641712574256e-10,1.09632423929677e-08,"27092","CACNG4"
"ENSG00000075651",298.984315230238,-1.11817077788581,0.12707725269091,-8.79914189367582,1.37866275230363e-18,8.18931984537702e-17,"5337","PLD1"
"ENSG00000075702",53.0673065218182,1.11927999083473,0.183606355616618,6.09608522033877,1.08697481458976e-09,1.41290396780776e-08,"284403","WDR62"
"ENSG00000075886",34.9627186356484,2.84548324627426,0.564559098312949,5.04018667802416,4.65077965507707e-07,3.48513101288945e-06,"113457","TUBA3D"
"ENSG00000076067",280.841804957073,-1.12421066689184,0.120695860450269,-9.31440948097025,1.22632793729096e-20,1.01379046484709e-18,"5939","RBMS2"
"ENSG00000076554",1411.60272947212,2.07720730556036,0.264450030700696,7.85481968013585,4.00347701740007e-15,1.38378503885048e-13,"7163","TPD52"
"ENSG00000076554",1411.60272947212,2.07720730556036,0.264450030700696,7.85481968013585,4.00347701740007e-15,1.38378503885048e-13,"124188259","TPD52-MRPS28"
"ENSG00000076555",3864.40572713076,-2.95474845102471,0.234458230087682,-12.6024514043278,2.0468248576485e-36,4.42762330456998e-33,"32","ACACB"
"ENSG00000076604",260.595725154688,1.30479381443564,0.24106810833623,5.4125525912195,6.21325978595222e-08,5.64521517408988e-07,"9618","TRAF4"
"ENSG00000076706",2481.24257076173,-2.75811792586073,0.242175689353498,-11.3889132853247,4.74875147771578e-30,2.28274242330641e-27,"4162","MCAM"
"ENSG00000076716",320.031444831706,1.10142559017537,0.244961916242879,4.496313578325,6.91417449049301e-06,4.04048044629035e-05,"2239","GPC4"
"ENSG00000076826",119.216088014751,1.70250726237651,0.37228226428517,4.57316242460689,4.80417424935968e-06,2.91234832239324e-05,"57662","CAMSAP3"
"ENSG00000076864",125.484008837557,1.58257263073971,0.287723602067439,5.50032259907817,3.79097002478881e-08,3.59934162046335e-07,"5909","RAP1GAP"
"ENSG00000077009",2.72040809239144,1.46691614337727,0.600716864118278,2.44194267049649,0.0146084662642367,0.0348535447874133,"27231","NMRK2"
"ENSG00000077063",145.870687590305,-1.20329344402955,0.233864433286808,-5.14526055594718,2.6714975449093e-07,2.09696804568357e-06,"83992","CTTNBP2"
"ENSG00000077152",62.8803253934207,1.58106383640437,0.175221958052819,9.02320607516424,1.82663522007354e-19,1.26105843198588e-17,"29089","UBE2T"
"ENSG00000077264",101.536673164057,-1.47915034785188,0.256860963383675,-5.75856419896107,8.48324033226112e-09,9.22530174046226e-08,"5063","PAK3"
"ENSG00000077274",56.8810870230012,-1.95287615718462,0.250889122430891,-7.78382154739511,7.03659940213648e-15,2.33277199592157e-13,"827","CAPN6"
"ENSG00000077420",203.91503405413,-1.32526689806359,0.211987539175251,-6.25162640794646,4.06200131253531e-10,5.67805223859944e-09,"54518","APBB1IP"
"ENSG00000077616",75.1232071696584,-2.33910147421243,0.302305809730505,-7.73753397692772,1.01363599271084e-14,3.28488927575381e-13,"10003","NAALAD2"
"ENSG00000077782",1141.4355316806,-1.10496205939322,0.119081291338519,-9.27905674328038,1.70985516033199e-20,1.38269221968529e-18,"2260","FGFR1"
"ENSG00000078081",23.3982185648942,1.94738171323692,0.340994766899168,5.71088445416748,1.12390536121813e-08,1.19566948223361e-07,"27074","LAMP3"
"ENSG00000078098",403.402488392252,1.89837825992743,0.20934184737239,9.06831712701225,1.20869327015545e-19,8.73962671495691e-18,"2191","FAP"
"ENSG00000078114",1141.26615116606,1.39078261886969,0.235617809264268,5.90270584049862,3.57587532826015e-09,4.18685483856459e-08,"10529","NEBL"
"ENSG00000078399",25.2311566102769,-1.6346594873163,0.350130786410047,-4.66871109529316,3.03095245137787e-06,1.92083651691569e-05,"3205","HOXA9"
"ENSG00000078401",139.410665391754,-1.90940795953102,0.24430113293652,-7.81579658096455,5.46165168490225e-15,1.83882690579368e-13,"1906","EDN1"
"ENSG00000078549",130.110267434557,-2.31988480760357,0.253404047944604,-9.15488456644827,5.44159552436977e-20,4.11688013421039e-18,"117","ADCYAP1R1"
"ENSG00000078589",20.4315060507961,2.03167675399283,0.333656570799446,6.08912556142654,1.13529056591919e-09,1.46616281144927e-08,"27334","P2RY10"
"ENSG00000078596",366.794891605719,-1.88763536885165,0.274681655282859,-6.8720838561564,6.32707408862209e-12,1.25559676784097e-10,"9452","ITM2A"
"ENSG00000079101",32.7864905183965,1.57643348807993,0.338397208348694,4.65852982585934,3.1847566911757e-06,2.01241271152723e-05,"27098","CLUL1"
"ENSG00000079102",353.858228142315,-1.59575561006528,0.2092731445326,-7.62522880625373,2.43601919479277e-14,7.4568615870791e-13,"862","RUNX1T1"
"ENSG00000079215",421.094522371911,-1.13364171350369,0.16682527014768,-6.79538365200998,1.08024667166177e-11,2.04978385255821e-10,"6507","SLC1A3"
"ENSG00000079308",8613.621208376,-3.02604120259602,0.243649239673664,-12.4196619970947,2.04423323959736e-35,2.94801146852602e-32,"7145","TNS1"
"ENSG00000079337",524.325186576314,-1.39082113930265,0.17642624474992,-7.88330070321514,3.18844527751154e-15,1.12300763247822e-13,"10411","RAPGEF3"
"ENSG00000079393",5.47824469289833,1.89132900959478,0.671455136608429,2.816761547388,0.00485105270013535,0.0135328990854501,"51207","DUSP13B"
"ENSG00000079435",1671.48354293295,-4.25657442599648,0.333698409205149,-12.7557528252394,2.89563781107736e-37,7.51649662999462e-34,"3991","LIPE"
"ENSG00000079462",91.3832203468818,2.41913505263935,0.283165257908051,8.54319159953192,1.30564651772003e-17,6.79197841823175e-16,"5050","PAFAH1B3"
"ENSG00000079689",15.9926562129966,-1.49352745081896,0.487244552406947,-3.06525222999633,0.00217486495938732,0.00671206094587756,"10590","SCGN"
"ENSG00000079739",601.723031786286,-1.73862178378575,0.193384323435097,-8.99050012380787,2.46107949307482e-19,1.65934289561652e-17,"5236","PGM1"
"ENSG00000079819",1389.38935182519,-1.68676595843143,0.174628443110675,-9.65917079935484,4.49487353483613e-22,4.61177577933898e-20,"2037","EPB41L2"
"ENSG00000079931",51.9357763804157,1.27090338869787,0.250623082939234,5.07097500275349,3.95782761336951e-07,3.0092937664864e-06,"26002","MOXD1"
"ENSG00000080166",16.4153516098921,-1.29280849545744,0.318990273964773,-4.0528147751621,5.06050675122286e-05,0.000239578030728147,"1638","DCT"
"ENSG00000080200",568.217045451193,-1.89552085567591,0.210387161695161,-9.00967929983493,2.06659929270603e-19,1.40799959160271e-17,"131544","CRYBG3"
"ENSG00000080493",396.962576155173,-2.83511505123054,0.3952131516709,-7.17363538952111,7.30319569982011e-13,1.70329159008024e-11,"8671","SLC4A4"
"ENSG00000081041",144.738625742719,-1.97800472043917,0.257495474625199,-7.68170673025726,1.56982891238231e-14,4.92740252812816e-13,"2920","CXCL2"
"ENSG00000081138",30.3018606949428,1.14893548562695,0.395606205934435,2.90424029853911,0.00368145483249795,0.0106134167638807,"1005","CDH7"
"ENSG00000081248",44.3417557615934,-1.02077509621936,0.301833101105282,-3.38191898927382,0.000719813686776508,0.00253114652957797,"779","CACNA1S"
"ENSG00000081277",149.809556369516,-2.01459167138887,0.217747008627098,-9.25198322627227,2.20365298065709e-20,1.76007458682759e-18,"5317","PKP1"
"ENSG00000081377",262.263480936432,-1.442684226673,0.174050316056028,-8.28889173753979,1.14308528419436e-16,5.16038396645518e-15,"8555","CDC14B"
"ENSG00000081479",1863.01266877587,1.11122622928277,0.298232301061907,3.72604250219061,0.000194509620431485,0.000796384972738248,"4036","LRP2"
"ENSG00000081818",63.194941574876,-1.1151939362471,0.217894149591864,-5.11805359774902,3.08704885045453e-07,2.39419223364502e-06,"56131","PCDHB4"
"ENSG00000081853",32.2131357088901,-1.47943284893502,0.219659609311411,-6.7351155434208,1.63799717567572e-11,3.01126987862538e-10,"56113","PCDHGA2"
"ENSG00000081985",34.6355868687631,-1.18442428866046,0.325750789480362,-3.63598286453843,0.00027692274029742,0.00109357302661025,"3595","IL12RB2"
"ENSG00000082175",1674.35720653086,1.6443636406265,0.30822855650914,5.33488414976806,9.5605578119854e-08,8.35599190853592e-07,"5241","PGR"
"ENSG00000082196",152.895951195721,1.31100542911865,0.20493943846337,6.39703826139336,1.58419641695123e-10,2.39781752718484e-09,"114899","C1QTNF3"
"ENSG00000082438",1418.68097417716,-1.19462467478983,0.162946378966932,-7.33139749630313,2.27764999153655e-13,5.83644999805586e-12,"22837","COBLL1"
"ENSG00000082458",404.177817792242,1.47113040443425,0.218338450777448,6.73784392623436,1.60754102749587e-11,2.96157203631922e-10,"1741","DLG3"
"ENSG00000082512",582.035649852259,1.18338788514708,0.14526432333444,8.14644544498782,3.74777718170315e-16,1.54665818891336e-14,"7188","TRAF5"
"ENSG00000082556",5.29909306531765,-1.61999056433431,0.645147147928146,-2.51104041851044,0.0120375913499216,0.0295453665148701,"4986","OPRK1"
"ENSG00000083307",517.928809526577,1.8200978737974,0.397113930674431,4.58331409000502,4.57663792040215e-06,2.78677849255921e-05,"79977","GRHL2"
"ENSG00000083454",4.80977827367076,2.0466467331537,0.465614589135788,4.39558119721381,1.10476756639619e-05,6.15926900526469e-05,"5026","P2RX5"
"ENSG00000083782",46.2483940738639,1.22577941741034,0.275501186805525,4.449270914668,8.61622772993581e-06,4.9329519059037e-05,"1833","EPYC"
"ENSG00000084207",498.099498708144,-1.15586147607421,0.17614595671791,-6.56195292592078,5.31075831369671e-11,8.79187910120786e-10,"2950","GSTP1"
"ENSG00000084444",641.049592431937,1.54917480304934,0.219509157728946,7.05744953457612,1.69586322511407e-12,3.68070381250092e-11,"57613","FAM234B"
"ENSG00000084453",26.991417738796,-1.21966536358711,0.404410767498307,-3.01590724483421,0.0025621162311506,0.00773086739097034,"6579","SLCO1A2"
"ENSG00000084628",70.9574046466163,2.18195827391396,0.287957515623514,7.57736178265523,3.52652389822131e-14,1.05341205235936e-12,"79570","NKAIN1"
"ENSG00000084674",198.409748652111,-4.07507603056492,0.382977963511795,-10.6404974145188,1.93095731202249e-26,4.64109165791479e-24,"338","APOB"
"ENSG00000085276",281.463619856985,-1.60817864708045,0.225719195941312,-7.1246871156611,1.04317384951257e-12,2.36701982392021e-11,"2122","MECOM"
"ENSG00000085552",144.734451035737,2.44172831470604,0.386465514800993,6.31810141187728,2.6479623617386e-10,3.84213566159925e-09,"57549","IGSF9"
"ENSG00000085741",116.581093145959,-1.35786193340395,0.241557429693101,-5.62127993798043,1.89547837522706e-08,1.91872966804397e-07,"7481","WNT11"
"ENSG00000085831",516.542786070981,2.26504885210088,0.284998600919575,7.94757884702761,1.90191955577457e-15,7.07306988951237e-14,"22996","TTC39A"
"ENSG00000085840",20.7872723946543,1.15825834888731,0.302118600485278,3.83378695329203,0.000126185441913909,0.000541408545653101,"4998","ORC1"
"ENSG00000085999",21.8060806693357,1.8596278027244,0.33694705509522,5.51905046981007,3.40836303147731e-08,3.26835196051304e-07,"8438","RAD54L"
"ENSG00000086289",169.780872985961,-1.89721213001151,0.239084534624771,-7.93531933376231,2.09954412012217e-15,7.71954196460782e-14,"54749","EPDR1"
"ENSG00000086548",361.067677188833,1.93477365386695,0.444276569287044,4.35488564470503,1.33136402066611e-05,7.29566123040972e-05,"4680","CEACAM6"
"ENSG00000086570",319.368306939563,-2.15973364063581,0.351896632372798,-6.13740923314035,8.38781145096904e-10,1.10860901040863e-08,"2196","FAT2"
"ENSG00000086696",21.099049853169,-1.2539601735362,0.438917245204163,-2.85693986107318,0.00427746874460189,0.0121137392180205,"3294","HSD17B2"
"ENSG00000086717",49.8287571268071,1.13698859797051,0.231502080784928,4.9113536868241,9.04497672153806e-07,6.35424914039743e-06,"5475","PPEF1"
"ENSG00000086730",52.6447830704395,1.06933662296765,0.163927365720473,6.5232343499686,6.88072262286346e-11,1.12192084073046e-09,"7462","LAT2"
"ENSG00000087074",501.266963381614,-1.50832526217964,0.160573053204283,-9.39338968824819,5.80997151252699e-21,4.99388213649588e-19,"23645","PPP1R15A"
"ENSG00000087237",16.8873571819378,-2.04922480755412,0.43508091164245,-4.70998555146491,2.47734353008503e-06,1.59683752203394e-05,"1071","CETP"
"ENSG00000087586",46.7451952273382,1.40522989651484,0.241894435690237,5.80926920664823,6.27461256846626e-09,7.02659158982947e-08,"6790","AURKA"
"ENSG00000087842",76.7094828183168,-1.41397193249505,0.214874328038361,-6.58046005497046,4.68994823231474e-11,7.85523706378847e-10,"8544","PIR"
"ENSG00000088002",27.5811553773532,1.33109445842721,0.371000539119488,3.5878504693992,0.000333415402424096,0.00128925920097195,"6820","SULT2B1"
"ENSG00000088053",5.48244951115906,1.07473310816786,0.401701940408045,2.67544913294708,0.00746291972418004,0.019633370852363,"51206","GP6"
"ENSG00000088325",152.16497284544,1.87751032376204,0.251602784476573,7.46220010111556,8.50895274316885e-14,2.35474835082278e-12,"22974","TPX2"
"ENSG00000088386",585.258836621431,-1.10794200028483,0.24714954308267,-4.48288103819893,7.36419868859034e-06,4.28417457549144e-05,"6564","SLC15A1"
"ENSG00000088992",24.4469878736049,-1.74224736448041,0.261324299382663,-6.66699334350531,2.61096930298402e-11,4.61664395021506e-10,"54997","TESC"
"ENSG00000089012",8.11976079488602,1.53468064608785,0.418594833562974,3.66626752897314,0.000246116448842617,0.000983178020784342,"55423","SIRPG"
"ENSG00000089101",53.0012623582202,1.10246191928145,0.18407824544637,5.98909402144774,2.11013157761159e-09,2.56890363527277e-08,"26074","CFAP61"
"ENSG00000089225",53.8206093296442,-1.15631948545739,0.260146567297091,-4.44487696866997,8.79421796196999e-06,5.02377442466587e-05,"6910","TBX5"
"ENSG00000089356",375.293596971573,2.1037983449188,0.35795243159527,5.87731262375536,4.16980280189391e-09,4.83213130051616e-08,"5349","FXYD3"
"ENSG00000089685",57.5687449121388,2.52871155451284,0.372134431980388,6.79515609736996,1.08195315297562e-11,2.05152227501396e-10,"332","BIRC5"
"ENSG00000090006",589.654560212167,-1.48297144033836,0.196934148863859,-7.53029095712364,5.06273824414122e-14,1.47000625661541e-12,"8425","LTBP4"
"ENSG00000090104",691.292741367788,2.09459913767583,0.25993813464056,8.0580678959331,7.75097664317925e-16,3.02101879434905e-14,"5996","RGS1"
"ENSG00000090376",444.552609367274,-1.20705799590383,0.224784072427575,-5.36985553677403,7.87997397011567e-08,7.00508096973502e-07,"11213","IRAK3"
"ENSG00000090659",116.620995659929,-2.29455234669019,0.315561531643023,-7.27133099761314,3.55962522212159e-13,8.77500014395368e-12,"30835","CD209"
"ENSG00000090661",311.280694830232,1.0983379403956,0.203229266274522,5.40442801634663,6.50155263858398e-08,5.88654703147412e-07,"79603","CERS4"
"ENSG00000090776",268.700444101039,-1.80570041884021,0.169996843999037,-10.6219643633528,2.35551348028451e-26,5.5585835382932e-24,"1947","EFNB1"
"ENSG00000090889",53.2329433394029,2.13808863300293,0.28297401401251,7.55577730507936,4.16365711575655e-14,1.22679014087183e-12,"24137","KIF4A"
"ENSG00000090971",51.3165716389448,1.41469969694564,0.237347057891735,5.96046864668087,2.51515559968336e-09,3.01841928139532e-08,"57106","NAT14"
"ENSG00000090975",114.79182746638,-1.00928251514423,0.174077218950787,-5.79790119136476,6.71499944715628e-09,7.4727052292266e-08,"57605","PITPNM2"
"ENSG00000091137",19.2993188932223,-1.25235693219771,0.322946170346889,-3.87791231849105,0.000105356672434631,0.000460102372654467,"5172","SLC26A4"
"ENSG00000091262",169.400759760811,-1.21010307282434,0.198674617457893,-6.09087908816943,1.1229234131027e-09,1.45235904122172e-08,"368","ABCC6"
"ENSG00000091409",1248.65519009945,-1.16852374097931,0.159372100218042,-7.33204707336235,2.26663446096925e-13,5.81396218753358e-12,"3655","ITGA6"
"ENSG00000091436",1665.79473495732,-1.06229383953201,0.183884124483802,-5.77697418150736,7.60559510539663e-09,8.36196686767835e-08,"51776","MAP3K20"
"ENSG00000091513",426.389867993998,-3.28634159532028,0.26868671565365,-12.2311279414221,2.11974541505957e-34,2.62020721352935e-31,"7018","TF"
"ENSG00000091651",21.7858065218775,1.24425993387146,0.275606097625046,4.51463136916601,6.3426995313831e-06,3.73866017921065e-05,"23594","ORC6"
"ENSG00000091656",663.202567035849,-1.13397261948523,0.200107788590479,-5.66680901064729,1.45481346417158e-08,1.51056191611864e-07,"79776","ZFHX4"
"ENSG00000091704",9.90393915144486,-1.55437584154849,0.351386201318801,-4.42355401468442,9.70903432659055e-06,5.49961399169467e-05,"1357","CPA1"
"ENSG00000091831",3618.17120681708,2.27175594790307,0.266278592804146,8.5315005009584,1.44461588719603e-17,7.46998788841326e-16,"2099","ESR1"
"ENSG00000091844",44.6240089407235,-1.03363424133255,0.277812638993573,-3.7206163300456,0.000198737170630472,0.000811726456770881,"26575","RGS17"
"ENSG00000091986",3527.30829916319,-1.30479385841927,0.318285225303887,-4.09944840252482,4.14135982643401e-05,0.000200787109403388,"151887","CCDC80"
"ENSG00000092009",27.2450925382326,-1.21606346566656,0.250609167142798,-4.85243009875071,1.2195777577541e-06,8.3662260665383e-06,"1215","CMA1"
"ENSG00000092068",534.551396529341,1.27782502258626,0.230838318558022,5.53558451893277,3.10192104292778e-08,3.00110571868503e-07,"23428","SLC7A8"
"ENSG00000092445",257.140935268625,-2.47043515791296,0.273693903444956,-9.02627032176403,1.77622424839796e-19,1.23611874101646e-17,"7301","TYRO3"
"ENSG00000092607",282.936716716402,-2.1008367204815,0.221935071293608,-9.46599700640466,2.90773728077547e-21,2.57607659844265e-19,"6913","TBX15"
"ENSG00000092621",270.284900334137,-1.33309149195715,0.196211975024267,-6.79413930669766,1.08961060416802e-11,2.06294410414795e-10,"26227","PHGDH"
"ENSG00000092820",1372.95661856574,1.57600854843437,0.201617408613597,7.81682771974725,5.41711631536864e-15,1.83025860006623e-13,"7430","EZR"
"ENSG00000092853",46.7641615070402,1.44806666149715,0.274617949806823,5.27302262112065,1.34195015197931e-07,1.13592763913571e-06,"63967","CLSPN"
"ENSG00000092964",1814.99965389641,-1.46847458538674,0.167189643721105,-8.78328676766816,1.58765713561886e-18,9.28207295639512e-17,"1808","DPYSL2"
"ENSG00000093009",16.376130879822,1.88277928328094,0.309216254510685,6.08887552260253,1.13706480510054e-09,1.46772392893087e-08,"8318","CDC45"
"ENSG00000093144",526.572038345415,-1.23669775315856,0.199688009404924,-6.19314978823194,5.89736354648435e-10,8.00647295709418e-09,"55862","ECHDC1"
"ENSG00000094755",429.309030598347,-2.37927731227747,0.467260536010045,-5.09197145685405,3.54359459422271e-07,2.71822188170311e-06,"2568","GABRP"
"ENSG00000094804",50.8706661809504,1.62355625860209,0.291728055078059,5.56530724536476,2.61690909682526e-08,2.56823161948545e-07,"990","CDC6"
"ENSG00000094963",1101.23862884907,-3.07461841463295,0.272945609686676,-11.2645827795597,1.96279399698316e-29,8.08733437677601e-27,"2327","FMO2"
"ENSG00000095203",433.047961981183,-1.13820578194019,0.178495384681279,-6.37666785599286,1.80982373305538e-10,2.71243674726626e-09,"54566","EPB41L4B"
"ENSG00000095585",141.76471776734,1.41494457350941,0.23971082173391,5.90271462620937,3.5756848368586e-09,4.18685483856459e-08,"29760","BLNK"
"ENSG00000095587",9.89336039970384,1.35695999542966,0.379397313830738,3.57661993367471,0.000348065662086571,0.00133912679063928,"7093","TLL2"
"ENSG00000095596",8.44387356125556,1.24175710733289,0.412031745239932,3.0137413480357,0.00258047701797455,0.00777979354617692,"1592","CYP26A1"
"ENSG00000095637",5261.13199171082,-3.21812701947835,0.265336545564616,-12.1284725880124,7.4628403811502e-34,7.74881642455587e-31,"10580","SORBS1"
"ENSG00000095739",168.8996062178,1.0537758762402,0.27918219893449,3.77450955061597,0.000160322766427829,0.000670154327042447,"25805","BAMBI"
"ENSG00000095970",81.7397245727595,1.48073340161276,0.222043182482724,6.66867311599612,2.58126451774413e-11,4.5705637347614e-10,"54209","TREM2"
"ENSG00000096006",22.893290279138,1.51671683559565,0.456398357732372,3.32323026562037,0.000889814306350883,0.00304961708004439,"10321","CRISP3"
"ENSG00000096696",5286.12333199234,1.62584651241592,0.369017011661801,4.40588498913428,1.05352854111941e-05,5.90726595708372e-05,"1832","DSP"
"ENSG00000097033",1674.3244004446,-1.03256985173226,0.160896113958593,-6.41761833973193,1.38422751316635e-10,2.12362752876904e-09,"51100","SH3GLB1"
"ENSG00000099139",295.888588569238,-1.46591585935302,0.256868072501419,-5.70688231152169,1.15064282218019e-08,1.22211073560366e-07,"5125","PCSK5"
"ENSG00000099194",9009.03844795173,-2.81481452402038,0.375655366611852,-7.49307683105406,6.72774906049556e-14,1.90653832000375e-12,"6319","SCD"
"ENSG00000099204",1692.29663798869,-1.31104018584425,0.132080037001991,-9.92610401694913,3.20535643633082e-23,3.94334797982348e-21,"3983","ABLIM1"
"ENSG00000099219",691.245815376095,1.02211417878309,0.140145295277033,7.29324646084354,3.02573845197555e-13,7.53763135665848e-12,"79956","ERMP1"
"ENSG00000099250",2192.9842448293,-1.36798172267681,0.2064756029607,-6.62539158651681,3.46328838464018e-11,5.94184004550495e-10,"8829","NRP1"
"ENSG00000099260",1341.94554833827,-2.73187843387781,0.223958644037895,-12.1981379446803,3.18013136885129e-34,3.58912391620182e-31,"54873","PALMD"
"ENSG00000099337",126.128622210884,1.21097777511774,0.207211008909328,5.84417682000498,5.09079321685158e-09,5.80609887183802e-08,"9424","KCNK6"
"ENSG00000099338",80.4975054527631,1.09986738126847,0.183327905885546,5.99945423450769,1.97981817457079e-09,2.42415661205229e-08,"57828","CATSPERG"
"ENSG00000099625",10.245297023541,1.49322960518336,0.372818858952831,4.00524160547438,6.19541248856011e-05,0.000286820969106551,"255057","CBARP"
"ENSG00000099769",16.2757829387803,2.70440023833455,0.479952714060272,5.6347222530654,1.75340697725715e-08,1.79122150002523e-07,"3483","IGFALS"
"ENSG00000099812",111.645841021155,3.3236436091616,0.447157732305684,7.43282150578917,1.06305310805124e-13,2.90470869250465e-12,"126353","MISP"
"ENSG00000099822",4.95096748274894,2.10714357654031,0.51911755332478,4.05908750926401,4.92648502408684e-05,0.000234129802737543,"610","HCN2"
"ENSG00000099849",124.514785784467,1.65638489569125,0.245150274558915,6.75661040425711,1.41257351782721e-11,2.62098523057603e-10,"8045","RASSF7"
"ENSG00000099864",439.336366941775,-2.23743924627061,0.23397406473568,-9.56276606468431,1.14650684391019e-21,1.08616878300075e-19,"5064","PALM"
"ENSG00000099953",690.230779774249,5.02644642884735,0.329542910848757,15.2527827587049,1.57763591004662e-52,2.0476136476495e-48,"4320","MMP11"
"ENSG00000099957",12.6837252004498,-1.70863975894582,0.389479756593524,-4.38697963121358,1.14935548400853e-05,6.39549188722258e-05,"9127","P2RX6"
"ENSG00000099958",43.0783683461711,1.40946113281908,0.319699308112755,4.40870873677956,1.03988764471272e-05,5.84399295982957e-05,"91319","DERL3"
"ENSG00000100003",228.145779895677,1.41996783199382,0.33338403210396,4.25925567890134,2.0510875203194e-05,0.000107668614464006,"23541","SEC14L2"
"ENSG00000100075",319.646566753021,-1.44919455018594,0.191497233755226,-7.56770487890346,3.79875774307387e-14,1.13082744833385e-12,"6576","SLC25A1"
"ENSG00000100077",892.7269921662,-1.53287999481664,0.182794169627235,-8.38582542289276,5.03710429794112e-17,2.3834122063979e-15,"157","GRK3"
"ENSG00000100078",13.7630518994365,1.86647412283537,0.426161640063032,4.37973282287749,1.18824906417699e-05,6.59918040391662e-05,"50487","PLA2G3"
"ENSG00000100079",16.1102924904503,1.25992674387239,0.501466511087574,2.51248431553261,0.0119884434058049,0.0294377117200698,"3957","LGALS2"
"ENSG00000100095",45.8913419720298,1.40901448232447,0.437116802340885,3.22342786820089,0.00126666195587126,0.00416994433107242,"23544","SEZ6L"
"ENSG00000100097",1527.619882446,-1.36158973652457,0.259072966729471,-5.25562259047415,1.47524545305455e-07,1.23650053181757e-06,"3956","LGALS1"
"ENSG00000100146",78.0369104695266,-1.27218819475598,0.33132015892529,-3.83975487299839,0.000123157215286379,0.000529641317827009,"6663","SOX10"
"ENSG00000100154",607.05302157323,-1.12120656131768,0.114453402385743,-9.7961837564153,1.16919761960517e-22,1.32532889998738e-20,"23331","TTC28"
"ENSG00000100162",18.1448088375634,2.09141579159537,0.363195385202224,5.75837655654926,8.49267382858049e-09,9.23169293309432e-08,"79019","CENPM"
"ENSG00000100219",9105.96976754189,2.08140575867183,0.264071925074319,7.88196533230881,3.22271447862467e-15,1.13353959940568e-13,"7494","XBP1"
"ENSG00000100234",6986.43144410549,-1.21257866385205,0.221337599737274,-5.47841245812446,4.29158820393293e-08,4.03480791733759e-07,"7078","TIMP3"
"ENSG00000100242",1029.11689171862,-1.05804847368793,0.102697348534693,-10.3025880296267,6.85906949914921e-25,1.21950497300627e-22,"25777","SUN2"
"ENSG00000100243",706.745358367402,-1.4794729044187,0.168088243978082,-8.80176310611951,1.34683250277122e-18,8.03702944987017e-17,"1727","CYB5R3"
"ENSG00000100285",14.6028437390819,1.22648524692877,0.350087877580753,3.5033639422315,0.000459421289249922,0.00171026212911938,"4744","NEFH"
"ENSG00000100290",56.1107322151802,2.20360330990352,0.353622088747024,6.2315205413538,4.61929409368397e-10,6.39166503645248e-09,"638","BIK"
"ENSG00000100312",6.42309840806396,-1.41523557075844,0.446105289514729,-3.17242499477628,0.00151171602866383,0.00488012991817631,"49","ACR"
"ENSG00000100373",11.2837415482028,1.80759253186825,0.38694490311255,4.67144680632344,2.99085557771513e-06,1.89727832566787e-05,"7380","UPK3A"
"ENSG00000100479",55.9454244610579,1.14529017234682,0.17521047709698,6.53665346572224,6.29105820332679e-11,1.03487508771836e-09,"5427","POLE2"
"ENSG00000100504",1281.89222181295,-1.57268559887157,0.248261884439151,-6.33478474726165,2.3767284966142e-10,3.47970210463122e-09,"5836","PYGL"
"ENSG00000100558",27.3937832941001,1.48988072849968,0.312621513986076,4.76576518839981,1.88138264381774e-06,1.23829097902908e-05,"26499","PLEK2"
"ENSG00000100568",645.106529704288,-1.09084031748844,0.151374599284073,-7.20623091752233,5.75218245296964e-13,1.36860817703195e-11,"10490","VTI1B"
"ENSG00000100583",43.8216034677424,1.35953504483135,0.24864699500966,5.46773165217032,4.55831274671129e-08,4.24864209260796e-07,"161394","SAMD15"
"ENSG00000100605",540.697277700213,-1.02568998464794,0.170948409520328,-5.99999723616012,1.97320887588859e-09,2.4189793748587e-08,"3705","ITPK1"
"ENSG00000100625",206.579157378913,1.71511969306966,0.257761545160119,6.65390057312171,2.85425530540778e-11,4.99937646543691e-10,"51804","SIX4"
"ENSG00000100867",378.393390484209,1.40181090575197,0.592228783108874,2.36700907779801,0.0179324929590345,0.041561754663448,"10202","DHRS2"
"ENSG00000100979",299.556181584842,-1.60398239502368,0.226066661687784,-7.09517441912293,1.29188448949491e-12,2.87358505383967e-11,"5360","PLTP"
"ENSG00000100985",178.614368422569,1.72023239346583,0.393747212122743,4.36887510692921,1.24888159579447e-05,6.89607923072388e-05,"4318","MMP9"
"ENSG00000101003",72.4323617519319,1.75445282213897,0.229274773499142,7.65218429992488,1.97593763965583e-14,6.1061177678793e-13,"9837","GINS1"
"ENSG00000101049",106.59228302221,-2.22275816598374,0.258394536276428,-8.60218717475455,7.82111038043706e-18,4.22079798867745e-16,"10110","SGK2"
"ENSG00000101057",34.2334300532543,2.01282598377957,0.314283793288981,6.40448545792112,1.50877333125131e-10,2.29840012515384e-09,"4605","MYBL2"
"ENSG00000101098",68.5813347761565,1.23045504223797,0.49497354787297,2.48590060524558,0.0129224052094065,0.0314082204518516,"140730","RIMS4"
"ENSG00000101104",185.727485903858,1.26965975500265,0.279081905608875,4.54941624478528,5.37949398423686e-06,3.23168027870448e-05,"80336","PABPC1L"
"ENSG00000101115",18.9875362495434,2.39171538195257,0.324315006224935,7.37466764116905,1.64755544902673e-13,4.34185221785136e-12,"57167","SALL4"
"ENSG00000101187",40.0079141796837,-1.78356031185527,0.301561726375255,-5.91441206181404,3.33063121413536e-09,3.91915344771195e-08,"28231","SLCO4A1"
"ENSG00000101203",105.561799033383,-1.6140992881083,0.265519918509869,-6.07901394805642,1.20923841667658e-09,1.55009436148595e-08,"57642","COL20A1"
"ENSG00000101210",175.475030882238,2.22067244380981,0.297621383665592,7.46140084579728,8.56073737460578e-14,2.36403851882997e-12,"1917","EEF1A2"
"ENSG00000101213",53.8509954173903,2.43385664140694,0.352291580862986,6.90864265176274,4.89312796528009e-12,9.93863972791398e-11,"5753","PTK6"
"ENSG00000101222",16.4359495349917,2.33291381174442,0.384498256147316,6.06742364743157,1.29978374952878e-09,1.65960583228077e-08,"25876","SPEF1"
"ENSG00000101255",133.548391245006,1.48842415121326,0.209895622058379,7.09125867713088,1.32897664873498e-12,2.9384647229866e-11,"57761","TRIB3"
"ENSG00000101276",79.9184370826257,1.00328547021585,0.229172890515401,4.37785406449908,1.19853555944167e-05,6.65203892494908e-05,"113278","SLC52A3"
"ENSG00000101280",18.5958306509163,-2.0923401799524,0.318278878322948,-6.57392093052863,4.90072631762511e-11,8.15991364675513e-10,"51378","ANGPT4"
"ENSG00000101311",23.4602384351378,-1.30997652206042,0.388600329886514,-3.37101237778924,0.000748924927606631,0.00262207846514475,"55612","FERMT1"
"ENSG00000101331",69.8350204395802,-1.88304126137247,0.208660952337044,-9.02440653261682,1.80671982940515e-19,1.25063555551197e-17,"140706","CCM2L"
"ENSG00000101335",1398.90783470521,-1.93912208747755,0.191988821543187,-10.1001822496283,5.51396202243354e-24,7.77888185751793e-22,"10398","MYL9"
"ENSG00000101349",13.4322151461404,-1.55122695899275,0.505845007309476,-3.06660525769253,0.002165045659207,0.00668334584631888,"57144","PAK5"
"ENSG00000101400",144.729037501032,-1.40047055865311,0.182478810337618,-7.67470237263164,1.65803167849785e-14,5.17297912385182e-13,"6640","SNTA1"
"ENSG00000101412",42.9124942905681,1.19998227096925,0.247720094357507,4.84410549770519,1.27183345792594e-06,8.69940787900961e-06,"1869","E2F1"
"ENSG00000101443",119.339381096008,1.50270762135447,0.408272399506709,3.68064954469149,0.000232640570324711,0.000935535851973486,"10406","WFDC2"
"ENSG00000101445",287.004121144082,-1.42884324992262,0.175032200889615,-8.16331647925584,3.2594902121397e-16,1.36909137421881e-14,"26051","PPP1R16B"
"ENSG00000101447",35.9842082760727,1.47358107900112,0.218357246395068,6.74848718478072,1.4939459248372e-11,2.76406616656623e-10,"81610","FAM83D"
"ENSG00000101463",32.1850769571954,2.16598128364979,0.360127499863403,6.01448454914259,1.80459977398232e-09,2.23065718728729e-08,"79953","SYNDIG1"
"ENSG00000101542",28.2223871751439,-2.07282464556882,0.316598670681261,-6.54716787378953,5.86384375839517e-11,9.66435912891568e-10,"28316","CDH20"
"ENSG00000101605",271.528880126436,-2.67661016145848,0.239422555956448,-11.1794402610311,5.14132306581557e-29,1.80349275868163e-26,"8736","MYOM1"
"ENSG00000101825",2817.92083180598,1.36342326332093,0.215280530265045,6.33323998989754,2.40065708656726e-10,3.51275403907063e-09,"25878","MXRA5"
"ENSG00000101842",8.39718729682619,1.54589455895644,0.317828173721464,4.86393179325639,1.15076582955727e-06,7.92980605353006e-06,"340547","VSIG1"
"ENSG00000101846",429.540240416381,-1.50803973912519,0.207877824641459,-7.25445218472058,4.03290707688281e-13,9.82046922155009e-12,"412","STS"
"ENSG00000101850",21.0376476421122,1.58448044140545,0.332423118164751,4.76645682813241,1.87493881764408e-06,1.23527060478185e-05,"4935","GPR143"
"ENSG00000101871",199.428513404783,-1.67356086467413,0.206890385695456,-8.08911858832154,6.00980369711114e-16,2.38901201178577e-14,"4281","MID1"
"ENSG00000101883",5.43527919880179,-2.28482744911152,0.481146572091676,-4.74871397125153,2.0471422552759e-06,1.33651203879406e-05,"158800","RHOXF1"
"ENSG00000101883",5.43527919880179,-2.28482744911152,0.481146572091676,-4.74871397125153,2.0471422552759e-06,1.33651203879406e-05,"104797536","LINC01402"
"ENSG00000101890",15.8174546780349,-1.52685095872251,0.36086836810051,-4.23104681288454,2.32606251286817e-05,0.000120302711115824,"2986","GUCY2F"
"ENSG00000101938",1541.79745720272,-3.81860424535736,0.356869943916466,-10.7002685724949,1.01483646024602e-26,2.55758493544333e-24,"91851","CHRDL1"
"ENSG00000101955",327.414440654988,-1.87034402681788,0.174225122982238,-10.7352142722181,6.95574190589864e-27,1.80557148393317e-24,"8406","SRPX"
"ENSG00000102001",29.897674949564,1.2114849024812,0.324449574306833,3.73396977040103,0.000188485127366933,0.000774651193190443,"778","CACNA1F"
"ENSG00000102010",39.343979578103,-1.15711715255985,0.231806052010424,-4.99174694760696,5.98356165177593e-07,4.38141871246261e-06,"660","BMX"
"ENSG00000102024",1005.3613251059,-1.20789143421018,0.229709494818399,-5.25834352282694,1.45358795588141e-07,1.22192019712487e-06,"5358","PLS3"
"ENSG00000102100",212.267635941156,1.03916333455499,0.229344005963908,4.53102460728152,5.86983001624559e-06,3.48910115781321e-05,"7355","SLC35A2"
"ENSG00000102265",430.942029083535,1.00428428739407,0.22527989491617,4.4579401449374,8.27509996546209e-06,4.75548029451993e-05,"7076","TIMP1"
"ENSG00000102287",559.123762986485,-2.91109488825855,0.32860659754786,-8.85890578576884,8.08036223785766e-19,5.06642615870312e-17,"2564","GABRE"
"ENSG00000102313",42.1132113299915,1.57596739968459,0.421686487259186,3.73729642115836,0.000186009587238052,0.000765446554458679,"347365","ITIH6"
"ENSG00000102316",2820.00342067826,1.45684484740093,0.163720270212939,8.8983779803571,5.66687437326219e-19,3.62317056603793e-17,"10916","MAGED2"
"ENSG00000102349",279.173325917648,-1.12163856136002,0.141868880126487,-7.9061634966033,2.65442506073872e-15,9.50394010022838e-14,"11279","KLF8"
"ENSG00000102387",4.00981920686054,1.35644564263111,0.493356244937993,2.7494242883286,0.00597000530255612,0.0161915575847614,"54457","TAF7L"
"ENSG00000102683",61.2973574109171,-3.85017514433971,0.382299644635344,-10.0710926582529,7.41496792870619e-24,1.02381775262423e-21,"6445","SGCG"
"ENSG00000102755",608.545127081742,-1.51300005039464,0.211288308719191,-7.16083184898539,8.01889616489281e-13,1.86018325869783e-11,"2321","FLT1"
"ENSG00000102760",220.024605499534,-1.38424744411783,0.238887292256018,-5.79456291310094,6.84993426114399e-09,7.60524352227441e-08,"28984","RGCC"
"ENSG00000102781",422.452452024128,-1.05817379996227,0.129273697253823,-8.18553056376653,2.71106569132161e-16,1.15556392800208e-14,"84056","KATNAL1"
"ENSG00000102802",141.814974957711,-1.77218365025406,0.316652532631655,-5.59661922020864,2.18572036280141e-08,2.18302921037318e-07,"84935","MEDAG"
"ENSG00000102837",48.0020994718542,-1.81057148168681,0.511415177561578,-3.54031628533122,0.000399647769310511,0.00151269419594084,"10562","OLFM4"
"ENSG00000102924",17.3286744895495,-3.01826793245925,0.378132534852627,-7.9820371278964,1.43937716271274e-15,5.4307198240839e-14,"869","CBLN1"
"ENSG00000102935",176.883363949711,-1.48597775412884,0.192251106857429,-7.72935864151267,1.08089759615896e-14,3.47682029753337e-13,"23090","ZNF423"
"ENSG00000102970",2.67269728755906,1.96760952569033,0.561370215869391,3.50501232532101,0.000456586144974798,0.00170312733887855,"6361","CCL17"
"ENSG00000103024",197.9371534051,1.02585847965019,0.152474355973834,6.7280722262978,1.71925583508241e-11,3.14063638051156e-10,"4832","NME3"
"ENSG00000103034",67.453066944445,-1.5996418113954,0.25015557348947,-6.3945879321483,1.60980888785563e-10,2.4323294011034e-09,"65009","NDRG4"
"ENSG00000103044",41.4228481038866,-1.34521289854889,0.272615586912048,-4.93446803165691,8.03695073958264e-07,5.71257303663982e-06,"3038","HAS3"
"ENSG00000103067",203.006816119324,1.83507097647736,0.394492852806128,4.65172173189965,3.29175075004043e-06,2.07094682427411e-05,"80004","ESRP2"
"ENSG00000103253",72.1188035883257,1.57168059686949,0.222469679782497,7.06469573025,1.60968307357461e-12,3.51127338015544e-11,"84264","HAGHL"
"ENSG00000103257",110.763853972098,1.31768563096728,0.290475584833733,4.53630425332137,5.72485746967906e-06,3.41323883804858e-05,"8140","SLC7A5"
"ENSG00000103260",170.433299916836,1.22199410069814,0.254536909842725,4.80085226717493,1.57991792674895e-06,1.05645310516613e-05,"79006","METRN"
"ENSG00000103269",24.0998104529759,1.58674824557035,0.285752981167939,5.55286681204492,2.81022194244981e-08,2.74136569643412e-07,"9028","RHBDL1"
"ENSG00000103460",132.970354937469,2.63473344079731,0.412158820991261,6.39251984092117,1.63174045679991e-10,2.46259992893093e-09,"27324","TOX3"
"ENSG00000103490",98.5417761160718,1.17115947120461,0.219927237963893,5.32521338442348,1.00834596315411e-07,8.76285387062421e-07,"29108","PYCARD"
"ENSG00000103528",166.817069394445,1.6527229670072,0.248835504135452,6.64182939950382,3.09813443431092e-11,5.37576027044404e-10,"51760","SYT17"
"ENSG00000103534",519.829258324823,2.18617532913554,0.348853063850768,6.26675112152875,3.68658652786412e-10,5.20372012454034e-09,"79838","TMC5"
"ENSG00000103546",15.5172749165901,-1.51594397784725,0.340689563407672,-4.44963433186612,8.60166156765409e-06,4.92678576728078e-05,"6530","SLC6A2"
"ENSG00000103599",64.8900697298074,1.20092773025165,0.195113088603824,6.15503418476515,7.50613030018152e-10,9.99713341878461e-09,"64799","IQCH"
"ENSG00000103647",77.2898680191906,-2.14491107736632,0.20527304494761,-10.4490634798824,1.4797922192662e-25,2.91003382028121e-23,"10391","CORO2B"
"ENSG00000103710",90.074045400842,-1.40160676793827,0.195866093505914,-7.1559438535284,8.30991525044943e-13,1.92425316745019e-11,"51285","RASL12"
"ENSG00000103888",87.866116140737,2.73264489775564,0.380201771279934,7.18735446327959,6.60587547735446e-13,1.55181281123228e-11,"57214","CEMIP"
"ENSG00000103994",2298.01552214535,-1.24844515869571,0.147928882491832,-8.43949563916054,3.18709892417006e-17,1.56686958093952e-15,"64397","ZNF106"
"ENSG00000104140",45.9542003137893,1.02152655861405,0.34656148398707,2.94760556442032,0.00320245390005228,0.00938889748560616,"171177","RHOV"
"ENSG00000104219",317.63635867574,-1.02117115558863,0.176206344622873,-5.79531433884631,6.8193331742357e-09,7.58424381048887e-08,"51201","ZDHHC2"
"ENSG00000104267",174.969474188401,1.08936706715278,0.348665467590125,3.12439047859305,0.00178173837096392,0.00563204635088669,"760","CA2"
"ENSG00000104313",147.903752442597,1.40894462011007,0.194476964569107,7.24478923882731,4.33112179518393e-13,1.05072205195686e-11,"2138","EYA1"
"ENSG00000104332",1768.79237152547,-3.22403292106123,0.328041780062722,-9.82811677355486,8.51970017741004e-23,9.91723664597354e-21,"6422","SFRP1"
"ENSG00000104369",38.7781200529944,1.02560895697114,0.300864702380966,3.4088709936883,0.000652323199196322,0.00231958980886824,"56704","JPH1"
"ENSG00000104413",640.553240653872,2.25101033375112,0.387578723019603,5.80787901929608,6.32692055321692e-09,7.07601050066371e-08,"54845","ESRP1"
"ENSG00000104415",116.728383536787,3.40541600651778,0.289536082529278,11.7616290749303,6.15353885703226e-32,4.56381604716696e-29,"8840","CCN4"
"ENSG00000104419",978.619384348848,-1.40614523407768,0.221756969237738,-6.34092916633526,2.28383533888268e-10,3.36262257928025e-09,"10397","NDRG1"
"ENSG00000104447",10713.6089889973,2.04163304234097,0.260416966432889,7.83986185810638,4.51042354489227e-15,1.55074932951408e-13,"7227","TRPS1"
"ENSG00000104450",135.293784902696,1.20366266503176,0.195185368404576,6.16676687843136,6.97003972329969e-10,9.32620057409348e-09,"6674","SPAG1"
"ENSG00000104490",312.015840059955,-1.18453764306035,0.195114371941575,-6.07099124105039,1.27123122662822e-09,1.62634894927626e-08,"83988","NCALD"
"ENSG00000104524",84.3138517226287,1.05189112987765,0.174345994713874,6.03335414503755,1.60590939326394e-09,2.00607295622451e-08,"65263","PYCR3"
"ENSG00000104549",340.711208187655,1.75649425192583,0.222702953748622,7.88716190045909,3.09136249858079e-15,1.09177670392055e-13,"6713","SQLE"
"ENSG00000104687",667.734407963903,1.11707601626863,0.163245611796659,6.84291604518029,7.75971331421442e-12,1.51676685399381e-10,"2936","GSR"
"ENSG00000104738",419.929680472583,1.29966562897463,0.195115790994224,6.66099664384982,2.71976854129195e-11,4.78642385049874e-10,"4173","MCM4"
"ENSG00000104888",28.7129946604826,-1.07173255065849,0.296282513359327,-3.61726562430874,0.000297731720633565,0.00116551349784438,"57030","SLC17A7"
"ENSG00000104899",17.5570162587355,1.0941187194494,0.422247344469024,2.5911796338832,0.00956475505639421,0.0242486484767927,"268","AMH"
"ENSG00000104921",11.9859616218288,-1.18714128713917,0.429662386467684,-2.76296302522273,0.0057279254731131,0.0156215055086226,"2208","FCER2"
"ENSG00000104951",15.9543752219058,1.60521735989188,0.326174562779807,4.92134440592635,8.59517212437879e-07,6.07276750148679e-06,"259307","IL4I1"
"ENSG00000104967",86.9430845451026,-1.97047035770541,0.257473441830452,-7.65310139832975,1.96189090194165e-14,6.06993611830766e-13,"4858","NOVA2"
"ENSG00000105011",35.410401443506,2.29332374922262,0.35316117691507,6.49370287316189,8.3751852320789e-11,1.34448397188809e-09,"55723","ASF1B"
"ENSG00000105048",79.1357959927754,2.55356084498753,0.417978913988606,6.10930542074459,1.0006567151337e-09,1.30790770450355e-08,"7138","TNNT1"
"ENSG00000105088",125.287031790629,-1.45365763561984,0.279690507759663,-5.19737922914768,2.02117766813735e-07,1.63495574663476e-06,"93145","OLFM2"
"ENSG00000105141",32.8007444579346,2.03532616006502,0.619383720015112,3.28605046321747,0.00101602805932189,0.00343456913190227,"23581","CASP14"
"ENSG00000105219",20.5781319455024,1.05808835048527,0.391715860718674,2.70116290043505,0.0069097486025545,0.0183796577500462,"79935","CCNP"
"ENSG00000105251",4.19779039821772,1.5727705660689,0.489814183375357,3.21095349920409,0.00132295340603195,0.00433875230748925,"56961","SHD"
"ENSG00000105289",216.739438685839,2.00254498707409,0.255673480401221,7.83243136492514,4.78524437974079e-15,1.63226509342065e-13,"27134","TJP3"
"ENSG00000105339",496.592800157717,-1.04213546458635,0.144332006311911,-7.22040447725939,5.18331690517819e-13,1.24351700762122e-11,"22898","DENND3"
"ENSG00000105366",21.1759144525886,1.32674849560632,0.312277702292198,4.24861745128661,2.15093865953886e-05,0.000112251841021934,"27181","SIGLEC8"
"ENSG00000105369",19.9782145550315,1.05368309059151,0.401584823067802,2.62381203189447,0.00869517574948311,0.0223563165714226,"973","CD79A"
"ENSG00000105379",142.134707021423,-1.37981070437152,0.188719230265479,-7.31144728828371,2.64280198751608e-13,6.66684684081073e-12,"2109","ETFB"
"ENSG00000105409",10.6356826733309,1.23690609769967,0.469449463815217,2.63480138553644,0.00841865281862858,0.0217206430639062,"478","ATP1A3"
"ENSG00000105426",2108.28849354715,-1.66932271860731,0.167877128761064,-9.94371735403711,2.68611985898536e-23,3.35222592786259e-21,"5802","PTPRS"
"ENSG00000105427",10.5198619109054,1.15440611314206,0.254482155999694,4.53629492648377,5.72511052502639e-06,3.41323883804858e-05,"84518","CNFN"
"ENSG00000105479",13.6793149344672,1.72330679198076,0.392909603428248,4.38601341617617,1.15447003740038e-05,6.42119846386095e-05,"93233","ODAD1"
"ENSG00000105519",159.859868802435,1.10453260536474,0.204910411921567,5.39031957920968,7.033249614542e-08,6.3194563341738e-07,"828","CAPS"
"ENSG00000105523",51.592027592095,2.1953913436212,0.42715006798817,5.13962541071632,2.75286708203512e-07,2.15497357404909e-06,"54854","FAM83E"
"ENSG00000105538",116.453397424914,-1.80796251575339,0.204111017638365,-8.85774093271463,8.1652201614648e-19,5.10729602292297e-17,"54922","RASIP1"
"ENSG00000105609",170.871773567769,-2.51141678474243,0.301748844841676,-8.32287124764351,8.58576930343324e-17,3.94459114298265e-15,"10990","LILRB5"
"ENSG00000105613",8.24665335918817,1.36964564977703,0.45418184133266,3.01563278214342,0.00256443628319971,0.00773570994156987,"22983","MAST1"
"ENSG00000105664",240.505549566393,4.84421237293048,0.401743766630969,12.0579652387743,1.76079428563006e-33,1.63238207379947e-30,"1311","COMP"
"ENSG00000105699",249.695223167961,1.21534050486813,0.210912075389653,5.76230878494193,8.29710201170006e-09,9.0482792348232e-08,"51599","LSR"
"ENSG00000105707",179.805617123764,2.21598570426908,0.280097474126632,7.91148049863256,2.54345788275594e-15,9.1698721834137e-14,"3249","HPN"
"ENSG00000105738",672.778344902023,1.09064427934426,0.21599626352043,5.04936641758667,4.43277775716055e-07,3.33606137681964e-06,"23094","SIPA1L3"
"ENSG00000105767",83.3594543753843,1.07902756403407,0.198901235360133,5.42494148958086,5.79735273359922e-08,5.30072850506406e-07,"199731","CADM4"
"ENSG00000105784",35.020868328247,-1.26793218295203,0.211915276676219,-5.98320330104979,2.1879139827233e-09,2.65640183178351e-08,"154661","RUNDC3B"
"ENSG00000105825",88.6291693132501,-2.09180599026904,0.332540691125655,-6.2903760234221,3.16697891430441e-10,4.52440498940638e-09,"7980","TFPI2"
"ENSG00000105926",352.651843767858,-1.03535427615823,0.185908346736209,-5.56916509847365,2.55962863794817e-08,2.5215499121009e-07,"51678","PALS2"
"ENSG00000105971",1568.40829082493,-2.64965536996156,0.253605191177901,-10.4479539935871,1.49720268006085e-25,2.9221343736105e-23,"858","CAV2"
"ENSG00000105974",3892.06016611037,-3.36607991994016,0.298155045392711,-11.2896963239598,1.47545556254684e-29,6.38331258209849e-27,"857","CAV1"
"ENSG00000105976",404.746295803942,-2.19851910153888,0.244062281244472,-9.00802487925887,2.09800775677285e-19,1.42565668456308e-17,"4233","MET"
"ENSG00000105996",8.61075783198943,-1.473235362274,0.318256718223103,-4.62907859573052,3.67296354460159e-06,2.2792920796263e-05,"3199","HOXA2"
"ENSG00000105997",38.3307239305812,-1.55908213058336,0.285702605390016,-5.45701054582627,4.84217606233319e-08,4.49546517260533e-07,"3200","HOXA3"
"ENSG00000106004",53.0772655287266,-2.43326360696393,0.269099553488953,-9.04224319741884,1.53489150013973e-19,1.09158119344184e-17,"3202","HOXA5"
"ENSG00000106006",19.1096890462717,-1.85140520259878,0.320464415957632,-5.77725672619938,7.59283881429893e-09,8.35658459983853e-08,"3203","HOXA6"
"ENSG00000106025",95.0341124763839,-1.00900907365112,0.25038547026192,-4.02982278722336,5.58189181387189e-05,0.000261779128644059,"23554","TSPAN12"
"ENSG00000106034",837.990561174732,-2.20627345617935,0.250716396306965,-8.79987702710156,1.36966157476917e-18,8.1545126508849e-17,"79974","CPED1"
"ENSG00000106077",155.626732670114,1.14540419518668,0.243124599004222,4.71118183794635,2.46284360828591e-06,1.58833526419592e-05,"83451","ABHD11"
"ENSG00000106123",58.3261652237146,-1.67800061906785,0.211211519826255,-7.94464535101206,1.94747150743093e-15,7.21147865761655e-14,"2051","EPHB6"
"ENSG00000106178",6.84567164286639,-3.59557796395484,0.559635521683177,-6.42485658011964,1.31993904435756e-10,2.03341114026312e-09,"6369","CCL24"
"ENSG00000106258",37.1025770510461,-1.14360376301752,0.222261732799122,-5.14530211123253,2.67090621799603e-07,2.09696804568357e-06,"1577","CYP3A5"
"ENSG00000106278",62.6916953140724,-1.86508407356191,0.379739147057001,-4.91148749876438,9.03880512044679e-07,6.35335237791925e-06,"5803","PTPRZ1"
"ENSG00000106327",10.9312770703723,2.9106440378355,0.439885132449335,6.61682749227888,3.66989326742316e-11,6.27143445923439e-10,"7036","TFR2"
"ENSG00000106366",429.754615323009,1.59091182465577,0.228811148121917,6.95294716937517,3.57732686400898e-12,7.38745033698848e-11,"5054","SERPINE1"
"ENSG00000106462",134.761660993667,1.27815268684607,0.198619986560394,6.43516651561862,1.23338040939919e-10,1.91255009959284e-09,"2146","EZH2"
"ENSG00000106484",880.315886062091,-2.14145677955752,0.230580406644516,-9.28724522053164,1.58333137225762e-20,1.29245647047369e-18,"4232","MEST"
"ENSG00000106511",197.386218525599,-2.60185603593266,0.284212848951462,-9.15460383135951,5.45576225505961e-20,4.11688013421039e-18,"4223","MEOX2"
"ENSG00000106526",118.181868667611,1.16718124847286,0.231117746105728,5.05015849340674,4.41443643875836e-07,3.32626824607517e-06,"653857","ACTR3C"
"ENSG00000106536",14.3530721223323,-2.20201443082435,0.51409116433835,-4.28331506856066,1.84129145527282e-05,9.78829481793404e-05,"11281","POU6F2"
"ENSG00000106537",1160.67477277008,1.51330312163278,0.142962473608754,10.58531713556,3.48598266164972e-26,7.66857101111045e-24,"27075","TSPAN13"
"ENSG00000106538",378.528657438087,-2.13738558770239,0.253595100784893,-8.42833943198053,3.50604831226445e-17,1.70112153438805e-15,"5919","RARRES2"
"ENSG00000106541",911.738426912146,3.26955833154382,0.471596138622306,6.932962473135,4.12117559048979e-12,8.47010894520459e-11,"10551","AGR2"
"ENSG00000106688",371.785485796855,1.41102571463451,0.36647987252063,3.85021339624888,0.000118014956086187,0.000509637702559516,"6505","SLC1A1"
"ENSG00000106714",70.0297035159954,-1.47706730149072,0.22625244729236,-6.52840364454522,6.64743539937775e-11,1.08729759355418e-09,"79937","CNTNAP3"
"ENSG00000106714",70.0297035159954,-1.47706730149072,0.22625244729236,-6.52840364454522,6.64743539937775e-11,1.08729759355418e-09,"728577","CNTNAP3B"
"ENSG00000106772",304.0985494089,-1.31156618192562,0.236168174720638,-5.55352635246925,2.79963436073245e-08,2.73206423819146e-07,"158471","PRUNE2"
"ENSG00000106789",237.797141533253,1.73978379051985,0.249156774274718,6.98268708761489,2.89586938604511e-12,6.06841549348075e-11,"7464","CORO2A"
"ENSG00000106809",544.350706072917,-1.3587642686338,0.308320035583652,-4.40699309748603,1.04815526979994e-05,5.8827457407716e-05,"4969","OGN"
"ENSG00000106819",1358.36983062101,1.69510699218621,0.366313449976458,4.62747680243559,3.70147676831096e-06,2.29534003707157e-05,"54829","ASPN"
"ENSG00000106823",1085.44435033183,-2.09190130846719,0.299057109401844,-6.99498939400334,2.65278996401263e-12,5.61673098579445e-11,"1842","ECM2"
"ENSG00000106852",111.616484681718,-2.08339043245331,0.216271073576257,-9.63323665066426,5.78771312462773e-22,5.84581545871932e-20,"26468","LHX6"
"ENSG00000106927",6.04046465448,1.44616934967273,0.544605581481567,2.65544349681197,0.00792042011303486,0.0206506895634953,"259","AMBP"
"ENSG00000106991",660.940597543684,-1.19270031444877,0.181514327512496,-6.57083289674012,5.00345864709384e-11,8.30433373153849e-10,"2022","ENG"
"ENSG00000107014",47.2241448829021,1.55278887740941,0.443062690178423,3.50467081031828,0.000457172191032537,0.00170457853128736,"6019","RLN2"
"ENSG00000107018",10.4961754060342,1.00653202851395,0.230090738252177,4.374500408664,1.2171089522083e-05,6.74071136791616e-05,"6013","RLN1"
"ENSG00000107104",1240.76880525213,-1.80701975572465,0.170198361463322,-10.6171395552129,2.48045659368787e-26,5.80069299630178e-24,"23189","KANK1"
"ENSG00000107105",23.3378268268762,1.6338523468986,0.381107534405317,4.28711636322824,1.81007487380249e-05,9.62629042699551e-05,"1993","ELAVL2"
"ENSG00000107242",53.6663136243769,-1.16807314398407,0.300022954781654,-3.89327924869666,9.88981979119089e-05,0.000435413741756671,"8395","PIP5K1B"
"ENSG00000107485",2367.74845672973,2.87119134528514,0.336370282794354,8.53580560515953,1.39182203120587e-17,7.2113605361361e-16,"2625","GATA3"
"ENSG00000107518",147.011540938964,1.48791456455119,0.387480867401202,3.83996911777991,0.000123049788121597,0.000529267009123517,"26033","ATRNL1"
"ENSG00000107562",1656.44786491028,-1.55346138662137,0.215570247622755,-7.20628845470323,5.74975364250744e-13,1.36860817703195e-11,"6387","CXCL12"
"ENSG00000107611",108.598552419797,-1.17806632208959,0.23549448067694,-5.00252200689876,5.6585120130929e-07,4.16691219392526e-06,"8029","CUBN"
"ENSG00000107731",292.656446388911,1.52407605729487,0.208010807316539,7.32690804365572,2.35523310191793e-13,6.01479727392673e-12,"219699","UNC5B"
"ENSG00000107736",242.495642843147,-1.78737805537967,0.227124166493683,-7.86960754979537,3.55755465500768e-15,1.23955709710993e-13,"64072","CDH23"
"ENSG00000107738",350.546801155956,-1.68621556570193,0.166086708953471,-10.1526219426403,3.22578356717173e-24,4.78485084780822e-22,"64115","VSIR"
"ENSG00000107796",1966.59357700684,-1.23435371811461,0.204076985124424,-6.04847095992741,1.46226972448794e-09,1.84618664923433e-08,"59","ACTA2"
"ENSG00000107863",1453.97936351434,-1.15057544549129,0.119907492148789,-9.5955258914395,8.34902349143765e-22,8.14751698461423e-20,"57584","ARHGAP21"
"ENSG00000107954",42.5378524436202,2.20631581666383,0.375220000325616,5.88005920459781,4.10119763837337e-09,4.75900260603022e-08,"9148","NEURL1"
"ENSG00000108001",203.885511860264,-2.60859621519694,0.271274254522799,-9.61608472497968,6.8384714910961e-22,6.8012660140181e-20,"253738","EBF3"
"ENSG00000108176",246.316473551559,2.21018211243109,0.360171069194878,6.13647874986656,8.43706438518723e-10,1.11398431999334e-08,"56521","DNAJC12"
"ENSG00000108375",176.089081882697,1.27612783097655,0.297450140254309,4.29022433771761,1.78492719371073e-05,9.49838870322735e-05,"54894","RNF43"
"ENSG00000108379",33.241284200496,1.02845981000482,0.267516007415145,3.84447951336534,0.000120808576528722,0.000520489465482585,"7473","WNT3"
"ENSG00000108379",33.241284200496,1.02845981000482,0.267516007415145,3.84447951336534,0.000120808576528722,0.000520489465482585,"101929777","LOC101929777"
"ENSG00000108381",134.098172123223,-2.65462832325612,0.236319447838433,-11.2332198959395,2.80082107541431e-29,1.13599552305632e-26,"443","ASPA"
"ENSG00000108387",130.949572934834,-1.19352631998081,0.185161794120724,-6.44585631527552,1.14949525569446e-10,1.79210797881782e-09,"5414","SEPTIN4"
"ENSG00000108551",384.150963147986,-2.30583862401536,0.270872163182364,-8.51264521582812,1.70009645629154e-17,8.65315761027759e-16,"51655","RASD1"
"ENSG00000108576",139.843248308685,1.98002081841827,0.530325535394627,3.73359509634944,0.000188765874624232,0.000775559444997756,"6532","SLC6A4"
"ENSG00000108602",31.8276640265007,-1.15304490259331,0.369948501529276,-3.11677138257598,0.00182843304533815,0.00576140628682783,"218","ALDH3A1"
"ENSG00000108622",146.632417439966,-1.93456354111579,0.215302369279375,-8.98533326684161,2.57951344820402e-19,1.73020697903049e-17,"3384","ICAM2"
"ENSG00000108700",32.4302117602825,-1.34285386586882,0.33396990043703,-4.02088291223724,5.79804201962761e-05,0.00027059614301599,"6355","CCL8"
"ENSG00000108799",624.056578751113,-1.20917388172453,0.133704963107757,-9.04359758694978,1.51598552909529e-19,1.0810975924246e-17,"2145","EZH1"
"ENSG00000108821",19370.1877214415,2.43426817500873,0.301946625196973,8.06191549059624,7.51081199260991e-16,2.94065848724236e-14,"1277","COL1A1"
"ENSG00000108823",9.9688758137495,-1.2861900801667,0.379505464498934,-3.38912137105817,0.000701169677649607,0.00247194927236568,"6442","SGCA"
"ENSG00000108878",4.19767375413253,2.61454828602454,0.569071617023017,4.59440992629719,4.33975529653534e-06,2.65374247320293e-05,"786","CACNG1"
"ENSG00000108924",325.996248528779,-2.16463826940921,0.273627639225627,-7.91089041858195,2.55554404501542e-15,9.2006674508336e-14,"3131","HLF"
"ENSG00000108932",245.987092677633,1.82735532944909,0.187958148661648,9.72213943614969,2.4262912208191e-22,2.62423614625093e-20,"9120","SLC16A6"
"ENSG00000108950",165.412135386094,-1.09142002150617,0.164300296524542,-6.642836590031,3.07702927590485e-11,5.34840767303626e-10,"54757","FAM20A"
"ENSG00000108960",968.743062739143,-2.88551783130258,0.300842136612159,-9.5914683488056,8.68402236592966e-22,8.41118852891053e-20,"23531","MMD"
"ENSG00000109061",77.6437492819955,-2.51431586426343,0.466976738391317,-5.38424220642119,7.27504873544257e-08,6.51416747411584e-07,"4619","MYH1"
"ENSG00000109062",639.223399327187,1.51380758724207,0.208659692971039,7.2549114095178,4.01924811455851e-13,9.79639836222628e-12,"9368","NHERF1"
"ENSG00000109084",112.443894607564,1.13618250942586,0.235555359779146,4.82342032247169,1.41117154107071e-06,9.54185747932107e-06,"27346","TMEM97"
"ENSG00000109107",310.179370037328,-2.89095946665182,0.291956599448619,-9.90201787564182,4.07959276016912e-23,4.97174032246339e-21,"230","ALDOC"
"ENSG00000109339",295.116789275319,-1.46861014404467,0.222093747539484,-6.6125686126467,3.77707951443239e-11,6.44188107987095e-10,"5602","MAPK10"
"ENSG00000109436",3658.46300713554,1.35516318633925,0.196167547789188,6.90819252017965,4.90867543730394e-12,9.96242353413101e-11,"23158","TBC1D9"
"ENSG00000109586",1093.779180236,1.8666226129548,0.240342682336593,7.76650487049424,8.06814786419962e-15,2.65441042153224e-13,"51809","GALNT7"
"ENSG00000109610",201.883364340696,-3.02064801043791,0.297861143549581,-10.1411280922417,3.62884455431624e-24,5.3218953073978e-22,"6649","SOD3"
"ENSG00000109654",597.968285639135,-1.15240558691232,0.198413393317428,-5.80810381620087,6.31843356265351e-09,7.06956458704137e-08,"23321","TRIM2"
"ENSG00000109674",20.5332100094056,1.58275699595288,0.28545337348544,5.5447128777184,2.94436919450292e-08,2.85933167044171e-07,"55247","NEIL3"
"ENSG00000109686",1589.22988439328,-1.70081420030537,0.178646232034019,-9.52057136017005,1.72229489100507e-21,1.57420178805316e-19,"152503","SH3D19"
"ENSG00000109705",3.8734895663053,2.17949234674119,0.502390306031308,4.33824522602427,1.43624850485415e-05,7.82744881146419e-05,"579","NKX3-2"
"ENSG00000109758",6.56585941939856,1.18548815235003,0.437525179624302,2.70953126256183,0.00673783550025043,0.0179957540812327,"3083","HGFAC"
"ENSG00000109794",87.9931174139587,-1.81579305988297,0.222028700139166,-8.17819074175925,2.88137408514742e-16,1.2221357598408e-14,"25854","FAM149A"
"ENSG00000109805",80.9851679165925,1.79168018266748,0.285099794569281,6.28439661057734,3.29129482646384e-10,4.6916766120455e-09,"64151","NCAPG"
"ENSG00000109814",1081.17795193431,1.32011308523392,0.202209647747944,6.52843768799525,6.64592497773421e-11,1.08729759355418e-09,"7358","UGDH"
"ENSG00000109819",74.9794355292024,-1.81443162780761,0.279665897925504,-6.4878544050835,8.70673548042387e-11,1.38997195326472e-09,"10891","PPARGC1A"
"ENSG00000109846",1091.64149190537,-4.04054416452448,0.300658594261933,-13.4389777695973,3.5733879768216e-41,1.54596675170558e-37,"1410","CRYAB"
"ENSG00000109906",811.734846124161,-2.20390487474403,0.266071441234043,-8.28313202094253,1.19977288435298e-16,5.39752244922612e-15,"7704","ZBTB16"
"ENSG00000109943",11.9475412827755,1.05818245565511,0.416404085742834,2.54123936792644,0.0110460266987587,0.0274332913362398,"56253","CRTAM"
"ENSG00000110042",196.389855877821,-1.14231663406672,0.176952579637575,-6.45549579670641,1.07865174795299e-10,1.68876007680118e-09,"23220","DTX4"
"ENSG00000110079",137.170765943792,-1.17263610954378,0.231666102344348,-5.0617509323862,4.15423505791678e-07,3.14114866395001e-06,"51338","MS4A4A"
"ENSG00000110195",13.5366913045447,-1.54731123588878,0.565501438982365,-2.73617559430655,0.00621578481822118,0.0167810028404977,"2348","FOLR1"
"ENSG00000110427",95.7507330217515,1.0736278796407,0.249556164706855,4.30214930134808,1.69149266720994e-05,9.0550147773635e-05,"25758","KIAA1549L"
"ENSG00000110436",217.466585360289,1.14642594051085,0.323165635675823,3.54748715194724,0.000388924720587339,0.00147727654331375,"6506","SLC1A2"
"ENSG00000110448",21.2331841254777,1.23046230927526,0.29958401040533,4.1072362560688,4.00421598930916e-05,0.000194683346414098,"921","CD5"
"ENSG00000110492",201.791956548395,1.05621623209,0.227762691305663,4.6373540198141,3.52897682124645e-06,2.20151839283623e-05,"4192","MDK"
"ENSG00000110628",83.3181481028612,1.20780960293266,0.206017377525503,5.86265885645078,4.55513467426268e-09,5.2412316433737e-08,"5002","SLC67A1"
"ENSG00000110651",2127.0229691038,-1.02480123560562,0.15060885127353,-6.80438916398353,1.01478879820521e-11,1.9369035017508e-10,"975","CD81"
"ENSG00000110693",118.084095296072,-2.09976491407943,0.264331477385119,-7.94368092234495,1.96268076161463e-15,7.2574454715089e-14,"55553","SOX6"
"ENSG00000110799",4278.14792441554,-2.21984954258581,0.229777938527611,-9.66084715012388,4.42191990176276e-22,4.55492844483959e-20,"7450","VWF"
"ENSG00000110900",54.8541595040583,-1.03350525005444,0.253034008997572,-4.0844519444197,4.41809681985157e-05,0.000212694653653018,"441631","TSPAN11"
"ENSG00000110944",34.4263701556505,-1.14549634603529,0.289143841156428,-3.96168336649982,7.44231939609584e-05,0.000337841669272255,"51561","IL23A"
"ENSG00000111012",12.1456298526583,1.13307408902211,0.269814668862101,4.19945325360056,2.67560259091875e-05,0.000136396881490709,"1594","CYP27B1"
"ENSG00000111052",175.018407664682,-1.14387513460158,0.27861334330622,-4.1056006902884,4.03265575395732e-05,0.000195992656920472,"8825","LIN7A"
"ENSG00000111057",1225.52556110755,2.33366910324552,0.363203062662162,6.42524621389609,1.3165624450222e-10,2.02941377362745e-09,"3875","KRT18"
"ENSG00000111058",386.672617783344,-1.50501698384154,0.209233110724611,-7.1930153818839,6.33757994196213e-13,1.4982777789932e-11,"79611","ACSS3"
"ENSG00000111077",1267.10151032899,-1.67293657796544,0.142392145842696,-11.7487981381612,7.16303660768298e-32,5.02535416924959e-29,"23371","TNS2"
"ENSG00000111110",281.794627224415,1.0274925717055,0.203310412502839,5.05381184887003,4.33078263476756e-07,3.26797836143303e-06,"57460","PPM1H"
"ENSG00000111181",15.7346586056859,1.0662546480954,0.359723312385491,2.96409660253759,0.00303572971333265,0.00896286077100648,"6539","SLC6A12"
"ENSG00000111206",55.5264355593007,1.97504313011323,0.356209049876469,5.5446180572845,2.9459651322356e-08,2.85981162687254e-07,"2305","FOXM1"
"ENSG00000111218",9.10375537476612,1.62516334115278,0.420187297154427,3.86771173750048,0.000109861424224113,0.000478654346128062,"56341","PRMT8"
"ENSG00000111241",3.87974227669745,1.91880161680283,0.485876627899608,3.94915397576872,7.84278929976522e-05,0.0003541191940221,"2251","FGF6"
"ENSG00000111247",51.4470554934123,1.50291425733792,0.183921066038835,8.17151775871383,3.04533666892595e-16,1.28747311485309e-14,"10635","RAD51AP1"
"ENSG00000111275",1085.43090982153,-2.6106725807191,0.303027442641706,-8.61530083863037,6.97581834857422e-18,3.78824880109393e-16,"217","ALDH2"
"ENSG00000111319",365.361843411456,1.64471611736315,0.31910390697599,5.15417104400074,2.54755336204652e-07,2.01001185933142e-06,"6337","SCNN1A"
"ENSG00000111339",15.6398686898314,-1.61658501554828,0.389241821395548,-4.15316373187325,3.27909938665603e-05,0.00016334458238115,"420","ART4"
"ENSG00000111371",2277.46205177057,1.30533957054408,0.295051523166628,4.42410720858031,9.6841923683412e-06,5.49109361069028e-05,"81539","SLC38A1"
"ENSG00000111404",60.5481371972461,-2.46314170522624,0.318642554016284,-7.73010909616411,1.07454456255244e-14,3.46067341870176e-13,"79785","RERGL"
"ENSG00000111424",218.297891088557,1.23843774418788,0.235819451473029,5.2516352508331,1.50754773104716e-07,1.2603196136078e-06,"7421","VDR"
"ENSG00000111452",171.001011585108,-1.75356910547664,0.305899609586929,-5.73249867119664,9.89618103542026e-09,1.06370628288795e-07,"283383","ADGRD1"
"ENSG00000111490",139.291846470336,1.29370568803259,0.204943144997721,6.31251017469736,2.74545405495272e-10,3.96806772597232e-09,"23329","TBC1D30"
"ENSG00000111536",4.36440676947617,-1.22859202011737,0.530204590737729,-2.31720366360445,0.020492640058444,0.046568147652726,"55801","IL26"
"ENSG00000111665",26.7605486607824,1.73150977291263,0.312729316990185,5.53676831317663,3.08103687809005e-08,2.98201175546091e-07,"83461","CDCA3"
"ENSG00000111713",17.876651711811,-1.96574831296537,0.32524843634782,-6.0438363210552,1.50492187380731e-09,1.89359001455599e-08,"2998","GYS2"
"ENSG00000111716",1009.9763356124,-2.11119279454928,0.206966375547489,-10.2006559711187,1.96937833065758e-24,3.04292397066724e-22,"3945","LDHB"
"ENSG00000111799",6643.90560096921,1.43525978322266,0.238293812697684,6.02306777072528,1.71141738920131e-09,2.12559677458792e-08,"1303","COL12A1"
"ENSG00000111859",796.171949086598,-1.05702292841289,0.177614737565818,-5.95121183579259,2.66164318184039e-09,3.18557476718034e-08,"4739","NEDD9"
"ENSG00000111879",109.770443787227,-1.66023671650492,0.210172164527648,-7.89941294193845,2.80220076018734e-15,1.00054370471724e-13,"79632","FAM184A"
"ENSG00000111885",1509.14476148885,-1.06238646852022,0.261823120283591,-4.05764955886823,4.95690734651729e-05,0.000235231080257579,"4121","MAN1A1"
"ENSG00000111912",565.326670605945,-1.0089945937002,0.191163829108581,-5.27816689174543,1.30482601084235e-07,1.10688475782503e-06,"135112","NCOA7"
"ENSG00000111961",1148.50297346964,-1.44915490530461,0.171658727738359,-8.44206947352775,3.11767952918767e-17,1.53856892050672e-15,"23328","SASH1"
"ENSG00000111962",112.295094219146,-1.5332440109827,0.20293001532545,-7.55553094757199,4.17154615167196e-14,1.22772103180386e-12,"10090","UST"
"ENSG00000112175",32.3581058203933,-2.96825417567144,0.350289063664995,-8.47372779673813,2.3766241270966e-17,1.19791085613929e-15,"653","BMP5"
"ENSG00000112195",7.84437122522075,1.44209817288814,0.353931634090438,4.07451053815567,4.61112253366638e-05,0.000221003542704786,"79865","TREML2"
"ENSG00000112214",125.007602495373,-2.36678749028987,0.324495665865204,-7.29374145561942,3.01463695169582e-13,7.51718981672624e-12,"9457","FHL5"
"ENSG00000112246",140.964083561116,-1.32145880129214,0.237985931579906,-5.55267612887635,2.81329020636997e-08,2.7433278428607e-07,"6492","SIM1"
"ENSG00000112276",62.767761327915,-1.13541651122022,0.189852807625413,-5.98050945583298,2.22440812480451e-09,2.69818626652689e-08,"11149","POPDC1"
"ENSG00000112280",179.487202853621,-1.61733143196585,0.254336514065993,-6.35902177831295,2.03042621720085e-10,3.02038989948996e-09,"1297","COL9A1"
"ENSG00000112293",81.631767686161,-2.20215257211005,0.297429900390499,-7.40393810178068,1.32204065511521e-13,3.54491424372995e-12,"2822","GPLD1"
"ENSG00000112319",35.1052754087314,-1.15858614582347,0.372096256419804,-3.11367321179478,0.00184774017217681,0.0058123654131563,"2070","EYA4"
"ENSG00000112320",85.1440270417104,-1.59768815366845,0.181651807520933,-8.79533309066764,1.42624252454443e-18,8.43334930572309e-17,"55084","SOBP"
"ENSG00000112379",1498.79613947066,1.48406793914979,0.267140745023747,5.5553784542222,2.7701091652081e-08,2.70834251263547e-07,"57221","ARFGEF3"
"ENSG00000112419",914.31293959439,-1.03859904031709,0.163820116395279,-6.33987487721634,2.29951836851841e-10,3.38000553850514e-09,"9749","PHACTR2"
"ENSG00000112486",5.12673146410696,1.18227141658135,0.368308310301458,3.21000472569752,0.00132732790081708,0.00435144956420938,"1235","CCR6"
"ENSG00000112531",2176.01185936705,-1.16339485084608,0.162551841492309,-7.1570696472308,8.24198296722087e-13,1.91022673092071e-11,"9444","QKI"
"ENSG00000112559",162.366624212045,-1.08756071673622,0.192581082647379,-5.64728737519652,1.62999238339514e-08,1.6752132888924e-07,"4188","MDFI"
"ENSG00000112655",530.904306442769,1.71052297039332,0.236980650931158,7.217985787752,5.2763229047971e-13,1.26466103382016e-11,"5754","PTK7"
"ENSG00000112742",50.0582165521249,1.2407993536791,0.24726561337944,5.01808293001517,5.21896490507951e-07,3.87289568342064e-06,"7272","TTK"
"ENSG00000112759",547.815525964988,-1.03582359284172,0.147412838441597,-7.0266850824672,2.114979764511e-12,4.53724336588235e-11,"2030","SLC29A1"
"ENSG00000112769",2865.15614054938,-1.7917139639394,0.218805737811219,-8.18860593813701,2.64269258786662e-16,1.12827325980003e-14,"3910","LAMA4"
"ENSG00000112782",140.984399071832,-1.50244121327908,0.189209874530224,-7.94060678391858,2.01194555370769e-15,7.41847765385572e-14,"53405","CLIC5"
"ENSG00000112796",392.409275537641,2.11898635934439,0.296950298612369,7.13582834988307,9.62060068377405e-13,2.19834113159689e-11,"59084","ENPP5"
"ENSG00000112837",237.354555653653,-1.19373249141814,0.180411926540638,-6.61670497238024,3.67293481113385e-11,6.27250275180345e-10,"9096","TBX18"
"ENSG00000112936",481.872427793035,-1.23971246881013,0.349545357494209,-3.54664263801779,0.000390173461204723,0.00148136941728129,"730","C7"
"ENSG00000112964",1063.72002544549,-2.65908125644841,0.277411828313274,-9.58532039753394,9.21711194558471e-22,8.82870080750878e-20,"2690","GHR"
"ENSG00000112984",69.7174000694371,2.2730495996717,0.280789251118376,8.09521586249546,5.71628931735776e-16,2.28282212461496e-14,"10112","KIF20A"
"ENSG00000112996",1788.53917530105,1.16438797914167,0.230076122782317,5.06088143811141,4.17322673396665e-07,3.15458996972354e-06,"10884","MRPS30"
"ENSG00000113088",33.8129332639387,1.17699080327092,0.308732563106684,3.81233126634654,0.000137662204305674,0.000584850327228591,"3003","GZMK"
"ENSG00000113209",30.0816540139465,-1.21714626127335,0.228252079996746,-5.33246514682669,9.68883698193593e-08,8.45387665133085e-07,"26167","PCDHB5"
"ENSG00000113212",29.8775742279173,-1.061045824935,0.220595682572531,-4.80991201895409,1.50996743658494e-06,1.01411991510665e-05,"56129","PCDHB7"
"ENSG00000113231",198.477216918266,-1.79481749447241,0.261239424854062,-6.87039291820162,6.40253087753353e-12,1.2686785993818e-10,"8622","PDE8B"
"ENSG00000113248",32.231886088902,-1.5006139858195,0.243973420088915,-6.15072734264498,7.71284140016185e-10,1.02461584987411e-08,"56121","PCDHB15"
"ENSG00000113296",644.229749076213,-1.0725465139393,0.285522058162829,-3.75644011828899,0.000172347486420931,0.000715807368402323,"7060","THBS4"
"ENSG00000113319",455.189484751412,-1.50127577911676,0.255613250826633,-5.8732314317108,4.27381166940223e-09,4.93943024551839e-08,"5924","RASGRF2"
"ENSG00000113368",156.161351802038,1.63678173547394,0.252693942230704,6.4773287441121,9.33606402860607e-11,1.48042486288672e-09,"4001","LMNB1"
"ENSG00000113389",443.979190224033,-2.42575208568133,0.26839153647339,-9.03810946334308,1.59404702436918e-19,1.12914157462738e-17,"4883","NPR3"
"ENSG00000113396",31.4007160704203,-1.34804846214704,0.45680518956549,-2.95103578711375,0.00316710219372575,0.00930206367331218,"28965","SLC27A6"
"ENSG00000113492",7.17898775171709,1.08761711735054,0.372681256931462,2.91835743580355,0.0035188073909103,0.0102023011564,"64902","AGXT2"
"ENSG00000113494",2955.693064328,2.35393105944696,0.348515541740643,6.7541638105732,1.4366136604226e-11,2.66368695694641e-10,"5618","PRLR"
"ENSG00000113555",200.315415027711,-1.10984090586419,0.217811276107683,-5.09542446882089,3.47960732743296e-07,2.67546347765121e-06,"51294","PCDH12"
"ENSG00000113578",180.914345341233,-1.58285662447262,0.18769549025345,-8.43310951336789,3.36599439590602e-17,1.63929610748459e-15,"2246","FGF1"
"ENSG00000113580",1682.58075021952,-1.50189312162896,0.199794214828512,-7.51720024985742,5.596167052014e-14,1.61048009241884e-12,"2908","NR3C1"
"ENSG00000113594",2057.2986478519,-2.1364722212343,0.209700561361021,-10.188204587379,2.23860215070885e-24,3.39822424725733e-22,"3977","LIFR"
"ENSG00000113790",148.243242073295,-1.20876505892646,0.189269529661164,-6.38647468026378,1.69753524685355e-10,2.5529907264093e-09,"1962","EHHADH"
"ENSG00000113916",831.999766573317,-1.08548692694477,0.159456721907625,-6.80740776530953,9.93729787970362e-12,1.90090183022363e-10,"604","BCL6"
"ENSG00000114019",959.874771995163,-1.74356946821579,0.177896812592181,-9.80101578443021,1.11459069752782e-22,1.28589090339676e-20,"51421","AMOTL2"
"ENSG00000114166",396.710577584583,-1.26287604801414,0.161443697705604,-7.82239298258034,5.18285110495869e-15,1.75864639192834e-13,"8850","KAT2B"
"ENSG00000114200",32.7034755859182,-1.74137633319525,0.360747428166425,-4.82713443598521,1.38511624253766e-06,9.38523816857022e-06,"590","BCHE"
"ENSG00000114248",39.0066702836801,2.56041695896583,0.463545933760547,5.52354528966369,3.32226602323753e-08,3.19523458433493e-07,"79782","LRRC31"
"ENSG00000114251",270.807663371398,1.30509897880006,0.236873834416201,5.50967979226834,3.59487044507024e-08,3.42820158020328e-07,"7474","WNT5A"
"ENSG00000114279",78.754843251672,-1.00345541797981,0.326069003134804,-3.07743271618174,0.00208791968050079,0.00647529499001667,"2257","FGF12"
"ENSG00000114346",321.890184201957,1.25761810280066,0.15502501907275,8.11235573666012,4.96476990111918e-16,2.00740649677962e-14,"1894","ECT2"
"ENSG00000114378",42.7851732910646,-1.49565748832917,0.177238025083939,-8.43869416633838,3.20902532663327e-17,1.57466690791581e-15,"3373","HYAL1"
"ENSG00000114455",4.7888237349782,1.26278964854149,0.454287517861438,2.77971460560062,0.00544066906581375,0.0149353730552446,"11148","HHLA2"
"ENSG00000114480",698.357220246107,-1.40188091794615,0.208558921365021,-6.72174994371291,1.7955490558248e-11,3.2685036739902e-10,"2632","GBE1"
"ENSG00000114529",174.583844089744,1.34725150922801,0.312871481357423,4.30608601136425,1.66168468006979e-05,8.91382742823964e-05,"79669","C3orf52"
"ENSG00000114656",46.7000515460537,1.22691352575255,0.193095569366717,6.35391857915943,2.09897964415641e-10,3.11166839537476e-09,"57501","CFAP92"
"ENSG00000114698",505.758789613464,-1.56593736212731,0.186889335518763,-8.37895515964365,5.33996118451852e-17,2.5065951614418e-15,"57088","PLSCR4"
"ENSG00000114737",239.855089609829,1.11119239493896,0.21433006598253,5.18449145174773,2.16605079479726e-07,1.73484561960343e-06,"1154","CISH"
"ENSG00000114771",34.6619416233598,-3.43264491912222,0.477809861564863,-7.184123215624,6.76398435325324e-13,1.58608406361109e-11,"13","AADAC"
"ENSG00000115138",7.63197131034591,-2.02607224412821,0.37542047447046,-5.39680806430718,6.78368885782327e-08,6.12277452612575e-07,"5443","POMC"
"ENSG00000115163",14.6458733819022,1.28745767117642,0.350179059400661,3.67656956238312,0.000236391415321541,0.000948898782465424,"1058","CENPA"
"ENSG00000115221",576.754384635621,1.31479668023525,0.382544598772986,3.43697619689957,0.000588247297226289,0.0021225637116208,"3694","ITGB6"
"ENSG00000115226",81.0622551981952,-1.70922502013497,0.245119961362684,-6.97301439928821,3.10220859276606e-12,6.46285157712852e-11,"64838","FNDC4"
"ENSG00000115255",131.242347275678,1.18414669008214,0.280749745679331,4.2178014701914,2.46695873160378e-05,0.000126907084334068,"92840","REEP6"
"ENSG00000115257",29.6433819628289,1.46665869261425,0.312655459380777,4.69097419734494,2.71907263942945e-06,1.73675412338361e-05,"54760","PCSK4"
"ENSG00000115295",510.791499646482,-1.50787435039004,0.202544248627957,-7.44466634132759,9.71897425696271e-14,2.67534606322628e-12,"79745","CLIP4"
"ENSG00000115297",3.3076640444389,1.55247592206795,0.598345538930491,2.59461435083634,0.0094697106845593,0.0240547075846826,"3196","TLX2"
"ENSG00000115306",12452.2825880678,-2.22927958202536,0.175003887989555,-12.7384574573476,3.61471087651641e-37,8.53006044841936e-34,"6711","SPTBN1"
"ENSG00000115353",77.4860349339208,-1.96401340376015,0.266304734645239,-7.37506002804093,1.64271019390108e-13,4.33348284687847e-12,"6869","TACR1"
"ENSG00000115361",147.391740684197,-1.55512590069752,0.198027392534524,-7.85308477172625,4.05927091444351e-15,1.40120418081283e-13,"33","ACADL"
"ENSG00000115380",1391.29173124806,-1.80619160034603,0.264890318283,-6.81863954882775,9.19066740908808e-12,1.76719514522303e-10,"2202","EFEMP1"
"ENSG00000115414",25760.6689480776,2.65070429373422,0.286655013759747,9.24701877343002,2.30841235521449e-20,1.83809104038827e-18,"2335","FN1"
"ENSG00000115425",210.806617449072,-1.53916419256299,0.216796128598,-7.09959261042446,1.25125175756321e-12,2.79037741605032e-11,"55825","PECR"
"ENSG00000115459",397.181196031708,-1.16582658614342,0.17173666764687,-6.78845468540607,1.13340967000033e-11,2.1366048085598e-10,"84173","ELMOD3"
"ENSG00000115504",838.436540587247,-1.56549082094891,0.166645365804142,-9.39414554611033,5.7684105751506e-21,4.97463128603851e-19,"23301","EHBP1"
"ENSG00000115507",9.36079308602572,1.89649723130679,0.364601769286146,5.20155794915627,1.97624831090681e-07,1.60160642068432e-06,"5013","OTX1"
"ENSG00000115593",31.3357428308166,-2.28696229020789,0.516747070219269,-4.42568990132343,9.61345420655683e-06,5.45336635257435e-05,"150572","SMYD1"
"ENSG00000115648",1749.6587623444,2.08347921837687,0.278326805665512,7.48572963856292,7.11507312452744e-14,2.00317861351934e-12,"79083","MLPH"
"ENSG00000115687",155.689852727443,1.20898563029805,0.203149824992797,5.95120192863036,2.66180432622473e-09,3.18557476718034e-08,"23178","PASK"
"ENSG00000115705",77.496296375201,-2.52768272532255,0.322714966313514,-7.83255500727824,4.78053927424209e-15,1.63226509342065e-13,"7173","TPO"
"ENSG00000115718",7.66439361012564,1.19015143412463,0.356218048674588,3.34107560959624,0.000834544928277165,0.00288572229228968,"5624","PROC"
"ENSG00000115844",18.2220662235022,1.96329980679172,0.628517175763824,3.12370112146222,0.00178591764355162,0.00564250854324648,"1746","DLX2"
"ENSG00000115884",781.249239764731,2.29554734211056,0.381452235634444,6.01791555446656,1.76677313721467e-09,2.18806760953332e-08,"6382","SDC1"
"ENSG00000115902",355.169340903569,1.16316895343278,0.207818154614794,5.59705168967937,2.18027718780439e-08,2.17843091766845e-07,"6509","SLC1A4"
"ENSG00000115963",572.047909329898,-1.04415737827179,0.15890064261678,-6.5711337668406,4.99335741719307e-11,8.29287087879065e-10,"390","RND3"
"ENSG00000116005",1890.27994826934,-1.1893986049531,0.169083631618868,-7.03438052261691,2.0014821887217e-12,4.3079995567859e-11,"51449","PCYOX1"
"ENSG00000116014",3.48096451965667,2.06864323255971,0.673254160654873,3.07260371112678,0.00212200081834161,0.00656765199028395,"84634","KISS1R"
"ENSG00000116016",2795.16471328896,-2.14683236076344,0.229258529508203,-9.36424204311504,7.65980810836807e-21,6.49782022473916e-19,"2034","EPAS1"
"ENSG00000116117",458.629951974423,-1.09204219639733,0.126027794124027,-8.66509014132728,4.51155894024661e-18,2.51674269958359e-16,"117583","PARD3B"
"ENSG00000116141",180.016782530675,-1.84213420531759,0.280230222897679,-6.57364571982733,4.90979759339242e-11,8.16977730315901e-10,"4139","MARK1"
"ENSG00000116147",25.2902108195527,1.81880490984507,0.328907468621378,5.52983766975139,3.20527254788122e-08,3.09187903373841e-07,"7143","TNR"
"ENSG00000116176",23.9031802309741,1.22209304648346,0.50832425695977,2.40416039516324,0.0162096594016763,0.0381262799601601,"25823","TPSG1"
"ENSG00000116183",91.9899755067243,-1.25422825624994,0.248630969960524,-5.04453751859263,4.54619625301826e-07,3.41267097558843e-06,"60676","PAPPA2"
"ENSG00000116191",690.394804595021,1.68902657131737,0.2326947894335,7.258549172628,3.9126415549331e-13,9.55450136246034e-12,"55103","RALGPS2"
"ENSG00000116194",194.850204953382,-2.55105887361359,0.297903862396749,-8.56336286844138,1.09622233609865e-17,5.81279376778336e-16,"9068","ANGPTL1"
"ENSG00000116299",1942.24737256161,1.77073782403411,0.44565990729061,3.97329397387194,7.08854732310306e-05,0.00032372363021307,"57535","ELAPOR1"
"ENSG00000116329",7.96511974495131,2.3467293968471,0.746375860678308,3.14416572196532,0.00166561084954717,0.00530893006293535,"4985","OPRD1"
"ENSG00000116574",330.559068248568,-1.28176408497426,0.178034395828133,-7.19953062447339,6.04201855437578e-13,1.43101019739495e-11,"58480","RHOU"
"ENSG00000116678",826.968197339107,-2.12101480644858,0.317512066208755,-6.68010772558821,2.38766671178747e-11,4.25680305663318e-10,"3953","LEPR"
"ENSG00000116690",165.75287233152,-1.58204922816519,0.340219459186603,-4.65008448354939,3.31799084671636e-06,2.08543356898459e-05,"10216","PRG4"
"ENSG00000116711",100.575100154868,-1.80123026555668,0.218285849569784,-8.25170421768837,1.56151515493655e-16,6.91703249007559e-15,"5321","PLA2G4A"
"ENSG00000116833",98.908950468248,-1.52225250654389,0.236274640283679,-6.4427248930153,1.17347291989174e-10,1.8251054556351e-09,"2494","NR5A2"
"ENSG00000116857",366.415862915667,1.04883087935463,0.127826268959148,8.20512784965838,2.30345630401567e-16,9.91594008949233e-15,"252839","TMEM9"
"ENSG00000116871",628.234548451237,-1.22788788201963,0.162587206580816,-7.55218019819589,4.28031698062895e-14,1.25546291732391e-12,"55700","MAP7D1"
"ENSG00000116962",1280.88909973197,-1.04886518342851,0.195211093883568,-5.37297938637695,7.74461855397409e-08,6.89576964405521e-07,"4811","NID1"
"ENSG00000116990",39.8015541216321,1.22356216725765,0.296534547823841,4.12620443802225,3.6879944940289e-05,0.000181050029723346,"4610","MYCL"
"ENSG00000117009",53.5450565414363,1.52537155566318,0.295980609859491,5.15361988201627,2.55505603139033e-07,2.015318883708e-06,"8564","KMO"
"ENSG00000117020",662.792020805455,-1.04089453084456,0.15775948593023,-6.59798378973487,4.16786824694363e-11,7.05277209609926e-10,"10000","AKT3"
"ENSG00000117114",660.45431566184,-1.46792044214926,0.172284465701444,-8.52032965463672,1.59099814096841e-17,8.14578495922247e-16,"23266","ADGRL2"
"ENSG00000117122",64.0517770849843,1.5609699848986,0.277448216057548,5.62616695497088,1.84258017787893e-08,1.86907761849868e-07,"4237","MFAP2"
"ENSG00000117152",56.8088954366309,1.86404361020087,0.267186775063174,6.97655641736062,3.02502896244208e-12,6.31727287265258e-11,"5999","RGS4"
"ENSG00000117154",57.0231007792575,1.35930570676802,0.397896931632595,3.41622565720904,0.000634956066633397,0.0022668394412969,"84966","IGSF21"
"ENSG00000117155",248.806153540001,1.5122928139886,0.181554833285363,8.32967531969594,8.10643662074279e-17,3.73760003199363e-15,"117178","SSX2IP"
"ENSG00000117308",121.771764504216,1.36715764321184,0.195193286442406,7.00412226326873,2.48539006278977e-12,5.2796624365759e-11,"2582","GALE"
"ENSG00000117322",19.4052721997986,1.76878480450889,0.406800500048577,4.34803989743787,1.37359620668757e-05,7.5096483431331e-05,"1380","CR2"
"ENSG00000117394",273.77482110183,1.12861219669202,0.217225372549399,5.19558182106635,2.04080549990436e-07,1.64752372274964e-06,"6513","SLC2A1"
"ENSG00000117407",23.864399276918,2.04473835896663,0.418954106987813,4.88057838522658,1.05775160652901e-06,7.34540294336008e-06,"9048","ARTN"
"ENSG00000117425",45.9924331589071,-1.03275707790165,0.239250465657295,-4.31663560221023,1.58425371676843e-05,8.53727589368379e-05,"8643","PTCH2"
"ENSG00000117472",194.278655091448,2.57554206627359,0.325131176207533,7.9215475314173,2.34572552721554e-15,8.49237702028745e-14,"10103","TSPAN1"
"ENSG00000117525",479.822880369283,-1.22680301034102,0.25352967598608,-4.83889314167851,1.30564217742798e-06,8.9001732252299e-06,"2152","F3"
"ENSG00000117586",43.8875585494797,1.30104482014096,0.242632885910486,5.36219488656186,8.22167662598995e-08,7.28390040469103e-07,"7292","TNFSF4"
"ENSG00000117592",1448.86026909311,-1.031632739198,0.168507774540668,-6.1221670157956,9.23111873537517e-10,1.21265880634043e-08,"9588","PRDX6"
"ENSG00000117594",73.0298366243089,-2.43282932254748,0.358201169882389,-6.79179613887435,1.10745971227456e-11,2.09072285172531e-10,"3290","HSD11B1"
"ENSG00000117600",66.155574386871,-1.26099817307735,0.267540527816906,-4.71329776975071,2.43739613487352e-06,1.57348741280892e-05,"9890","PLPPR4"
"ENSG00000117650",65.5232860659625,3.65950256505456,0.461671866807857,7.92663107318517,2.25170960458447e-15,8.186257411177e-14,"4751","NEK2"
"ENSG00000117682",416.789032490781,-1.23580345326795,0.168164164571944,-7.34879191659914,2.00006262859268e-13,5.19176257130087e-12,"79947","DHDDS"
"ENSG00000117707",79.2312705799863,-1.58227494780862,0.231862355803546,-6.82419939332135,8.84170062397163e-12,1.70768500593047e-10,"5629","PROX1"
"ENSG00000117724",570.776223771606,2.18763946867183,0.267847623577422,8.16747761078973,3.14904162865371e-16,1.32915158693647e-14,"1063","CENPF"
"ENSG00000118004",14.0954976107966,-1.32850787566205,0.311028402949973,-4.27133941164767,1.94302420777289e-05,0.000102723059848001,"78989","COLEC11"
"ENSG00000118193",61.576944896814,2.42593967674664,0.327056474881467,7.41749472358209,1.19356441921372e-13,3.22063879354986e-12,"9928","KIF14"
"ENSG00000118276",102.537427540131,-1.41951226468683,0.206960367559028,-6.85886037712977,6.9412037862508e-12,1.36603311511371e-10,"9331","B4GALT6"
"ENSG00000118298",7.40929926931841,2.62054053563545,0.428927561398571,6.10951771690971,9.99326624986345e-10,1.30682723080078e-08,"23632","CA14"
"ENSG00000118307",40.2995550284877,1.21944404378395,0.238552269055956,5.11185262923621,3.19014658607262e-07,2.46531185118407e-06,"55259","DNAI7"
"ENSG00000118407",186.869159801157,-1.24212632082776,0.244070848446131,-5.08920392884165,3.59569773483465e-07,2.75574614115258e-06,"27145","FILIP1"
"ENSG00000118432",125.031641357929,-2.08638110219757,0.284295933412342,-7.33876519848594,2.15573415102234e-13,5.56801463604356e-12,"1268","CNR1"
"ENSG00000118495",322.142149106786,-1.45465741807574,0.177535388907226,-8.19361946386867,2.53485620319818e-16,1.08580523634684e-14,"5325","PLAGL1"
"ENSG00000118513",563.281655519896,2.0597401383214,0.292525448599224,7.04123401291953,1.90544675475216e-12,4.11494067053716e-11,"4602","MYB"
"ENSG00000118526",3.93652223423151,-1.35258263700884,0.559421479681152,-2.41782392370733,0.0156136300576448,0.0368989993660182,"6943","TCF21"
"ENSG00000118596",716.356087728269,-3.20798189147397,0.325732758299264,-9.84850866159022,6.95685459098729e-23,8.28376291159854e-21,"9194","SLC16A7"
"ENSG00000118640",252.410280967985,1.19777353847689,0.176175505714643,6.79875181069135,1.05529433745716e-11,2.00523359407254e-10,"8673","VAMP8"
"ENSG00000118729",120.639510040222,-2.62778827922031,0.339742735571217,-7.73464155106114,1.03694847800776e-14,3.34789907862256e-13,"845","CASQ2"
"ENSG00000118762",549.806071563395,-1.12854978586258,0.147221294122074,-7.66566951195795,1.7790073507974e-14,5.53710705179844e-13,"5311","PKD2"
"ENSG00000118785",766.253324722949,2.23013907080605,0.298073381824497,7.48184576950631,7.32859241001703e-14,2.05882685908249e-12,"6696","SPP1"
"ENSG00000118804",47.0833303707039,-2.01549196225102,0.2713937619313,-7.42644911183044,1.11551785011813e-13,3.03210600558812e-12,"8987","STBD1"
"ENSG00000118898",604.32515812909,-1.25340737505156,0.134143054535275,-9.34381119763417,9.29274967980783e-21,7.78132890930489e-19,"5493","PPL"
"ENSG00000118971",1153.42818896717,-1.2892110390204,0.223336484434386,-5.77250529525173,7.81014892063691e-09,8.56871706178753e-08,"894","CCND2"
"ENSG00000118997",243.056725668477,1.20602087271032,0.235310672012419,5.12522811819887,2.97177716825527e-07,2.30962250699312e-06,"56171","DNAH7"
"ENSG00000119041",1121.87519582958,1.45349477240812,0.184569658531331,7.87504719884059,3.40614250079708e-15,1.19320711249245e-13,"9330","GTF3C3"
"ENSG00000119042",607.874054744735,-2.34686409647028,0.239486337889122,-9.79957402646009,1.13061428718418e-22,1.28721428362837e-20,"23314","SATB2"
"ENSG00000119138",1158.68408117754,-1.23191788150536,0.177333881800882,-6.9468838610808,3.73442881424283e-12,7.69962693884951e-11,"687","KLF9"
"ENSG00000119147",32.2075841345418,-2.82827830035014,0.361555012360187,-7.82253931950073,5.17682769756224e-15,1.75864639192834e-13,"84417","ECRG4"
"ENSG00000119185",572.604616280651,-1.65423749811919,0.208000466454312,-7.95304705954855,1.81979177788381e-15,6.77735365427659e-14,"9270","ITGB1BP1"
"ENSG00000119333",163.466769063188,1.18236754569427,0.220610896338832,5.3595156237355,8.34453777483975e-08,7.38131386803452e-07,"89891","DYNC2I2"
"ENSG00000119411",186.579431107187,2.06665069600884,0.395738949940528,5.22225749150902,1.76754954561851e-07,1.45380390067064e-06,"54836","BSPRY"
"ENSG00000119471",756.974992432845,-1.13974571493398,0.184900293073215,-6.16410983449696,7.08807335559064e-10,9.46949089883797e-09,"84263","HSDL2"
"ENSG00000119636",89.022004797174,1.13211971532053,0.155866583762277,7.26338954760952,3.77508714928425e-13,9.25341947319362e-12,"80127","BBOF1"
"ENSG00000119673",183.016403913968,-1.38483733216547,0.213012541044874,-6.50120094043542,7.96813122574961e-11,1.28549875921696e-09,"10965","ACOT2"
"ENSG00000119699",492.532551457733,1.20173519687757,0.20721772535542,5.79938417341641,6.65588922015472e-09,7.41199366695737e-08,"7043","TGFB3"
"ENSG00000119714",34.8854538382221,2.03087909709864,0.286606658190983,7.08594528095486,1.38098373057935e-12,3.04050684294986e-11,"8111","GPR68"
"ENSG00000119715",6.6029998215714,1.04534025940579,0.411130132786845,2.54260190640845,0.0110030510530316,0.0273406943403189,"2103","ESRRB"
"ENSG00000119729",1194.16048003999,-1.60117433518088,0.216521962251125,-7.39497424895779,1.41435680511464e-13,3.76552553304265e-12,"23433","RHOQ"
"ENSG00000119771",148.785449617668,-2.03725459830017,0.241082846118247,-8.45043366254657,2.90222780604434e-17,1.43771048452861e-15,"114818","KLHL29"
"ENSG00000119865",140.087798201219,-1.60722851188205,0.269129367166073,-5.9719551560134,2.34426976762219e-09,2.82772093995988e-08,"25927","CNRIP1"
"ENSG00000119888",493.271145906725,2.04519219706723,0.38686007113187,5.28664586935383,1.24579480709659e-07,1.0630618541293e-06,"4072","EPCAM"
"ENSG00000119913",13.4705565744544,-1.05302564660493,0.290728413992821,-3.62202521639641,0.000292305619604821,0.00114756038622231,"6975","TECTB"
"ENSG00000119915",10.5675528990861,-2.04197064688792,0.373810505427512,-5.46258229033076,4.69257885552865e-08,4.36594845633737e-07,"83401","ELOVL3"
"ENSG00000119927",5540.91553981633,-3.82625014001753,0.325495740225424,-11.7551465876869,6.64453389407377e-32,4.79107807839908e-29,"57678","GPAM"
"ENSG00000119946",13.3272831371377,-1.53328869120758,0.28993705855743,-5.28835016412319,1.23424531660708e-07,1.05494039935747e-06,"26507","CNNM1"
"ENSG00000119969",239.905295449374,1.73278027825751,0.265166412409334,6.53468990477813,6.37414691198857e-11,1.04721585785696e-09,"3070","HELLS"
"ENSG00000119986",92.44946450581,-1.9417673386303,0.20241163115601,-9.593160865018,8.54269794542841e-22,8.30529412986632e-20,"60370","AVPI1"
"ENSG00000120049",591.535086772134,-3.84941945168394,0.294538868294778,-13.0693088962079,4.93114818961037e-39,1.60003430882382e-35,"30819","KCNIP2"
"ENSG00000120068",24.9325485592533,-2.23465223485256,0.357161369455303,-6.25670194472758,3.9320385451148e-10,5.51718143535621e-09,"3218","HOXB8"
"ENSG00000120088",30.9055073725253,-1.09302626435775,0.174306717610498,-6.27070648418841,3.59413574429125e-10,5.09260784117425e-09,"1394","CRHR1"
"ENSG00000120088",30.9055073725253,-1.09302626435775,0.174306717610498,-6.27070648418841,3.59413574429125e-10,5.09260784117425e-09,"104909134","LINC02210-CRHR1"
"ENSG00000120129",2445.82490416401,-1.34623935133096,0.222581395483417,-6.04830133447183,1.46380978938899e-09,1.84723259664363e-08,"1843","DUSP1"
"ENSG00000120149",64.0284727199678,1.10544851960467,0.297477434204228,3.71607521276973,0.000202341372630068,0.000824031589383639,"4488","MSX2"
"ENSG00000120156",310.207456175618,-2.13017388015894,0.240956727774003,-8.84048310183255,9.53056025197013e-19,5.90439816278378e-17,"7010","TEK"
"ENSG00000120160",4.48252448003389,-1.07857629852624,0.390818258794933,-2.75978993881189,0.00578385382345873,0.015749216149097,"54586","EQTN"
"ENSG00000120162",191.950652665331,-1.55632856974485,0.172368151510522,-9.02909589797303,1.73095928317946e-19,1.21438489385871e-17,"79817","MOB3B"
"ENSG00000120278",313.756131736527,-1.04947713675403,0.147684878703221,-7.10619222475032,1.1928824399383e-12,2.68247961501187e-11,"57480","PLEKHG1"
"ENSG00000120279",194.698231383412,-2.09194875591425,0.233748750873409,-8.94956121946158,3.56898162250031e-19,2.36335777951182e-17,"80177","MYCT1"
"ENSG00000120318",180.245329520872,-1.46957594060089,0.170039092761985,-8.64257693175272,5.49591236894444e-18,3.00976568086624e-16,"64411","ARAP3"
"ENSG00000120328",40.7108288675988,-1.06952295849713,0.220393005917061,-4.85279899898281,1.21731053345398e-06,8.35288047248174e-06,"56124","PCDHB12"
"ENSG00000120332",185.22634776135,-1.48492550508946,0.292196219675957,-5.08194632612368,3.73586987586614e-07,2.85222677169803e-06,"63923","TNN"
"ENSG00000120645",41.8767339769663,-1.82115154393801,0.264694943680029,-6.88019014877547,5.97727216352584e-12,1.19168994486024e-10,"440073","IQSEC3"
"ENSG00000120659",16.0815997122155,1.6129767157117,0.474906155474218,3.39641147439131,0.000682756383305926,0.0024129326341532,"8600","TNFSF11"
"ENSG00000120693",124.522232833466,-1.30600878319491,0.224677406534,-5.81281760076429,6.14299847649758e-09,6.8881189828477e-08,"4093","SMAD9"
"ENSG00000120729",5.95259180639707,-1.61589303727032,0.604527340513818,-2.67298586677137,0.0075179417759574,0.0197500994454308,"9499","MYOT"
"ENSG00000120738",1984.78514415006,-1.22884818378095,0.192239568870967,-6.39227496710503,1.63435653193401e-10,2.4651148667021e-09,"1958","EGR1"
"ENSG00000120756",117.924113736481,1.48053477654834,0.260964365265812,5.67332162397078,1.40054925401294e-08,1.46240778502284e-07,"5357","PLS1"
"ENSG00000120833",238.860199547561,-1.79659406531321,0.238490808132436,-7.53317949392642,4.95194656800301e-14,1.44267821562539e-12,"8835","SOCS2"
"ENSG00000120875",1591.54132039403,1.24685141908873,0.270200824648804,4.61453595010058,3.93974579825588e-06,2.42858991762351e-05,"1846","DUSP4"
"ENSG00000120885",1931.04691242639,-1.16790970542842,0.173531279137528,-6.73025469087232,1.69366363017213e-11,3.10261965504644e-10,"1191","CLU"
"ENSG00000120907",132.012879312974,-3.30538838969274,0.334186001611044,-9.89086429041948,4.56073173069964e-23,5.53212496567763e-21,"148","ADRA1A"
"ENSG00000120949",21.490892046221,-1.14940013861719,0.282442195321625,-4.06950575252516,4.71129764688481e-05,0.000225347087373938,"943","TNFRSF8"
"ENSG00000120992",919.828032160373,1.02214125488276,0.120806550459239,8.46097542721942,2.65150275582981e-17,1.32616008739557e-15,"10434","LYPLA1"
"ENSG00000121152",34.3434906187441,1.33068800185656,0.318432897930229,4.17886471688652,2.92967881759466e-05,0.000147638522126038,"23397","NCAPH"
"ENSG00000121211",7.18896805390598,1.35894522805485,0.392406273313368,3.46310780554118,0.000533974406969432,0.00195389169102234,"84057","MND1"
"ENSG00000121270",348.865426207723,1.71857528650969,0.388507069984677,4.42353671086983,9.7098123599417e-06,5.49961399169467e-05,"85320","ABCC11"
"ENSG00000121361",122.357491529837,-1.55672623234395,0.228938168045356,-6.79976714077461,1.0478838540914e-11,1.9927449878758e-10,"3764","KCNJ8"
"ENSG00000121440",527.943681923244,-1.02635915493079,0.188438388628301,-5.44665639736128,5.13254747806252e-08,4.74806370048279e-07,"23024","PDZRN3"
"ENSG00000121552",79.674528110567,-1.7097617067593,0.331876655349923,-5.15179865530635,2.57999949270399e-07,2.0327937014512e-06,"1475","CSTA"
"ENSG00000121594",40.7480616870462,1.09437283648714,0.187731323161927,5.82946318203485,5.56059633564893e-09,6.28667071780379e-08,"941","CD80"
"ENSG00000121621",40.451801622141,1.27538691001558,0.232926257469453,5.47549651066213,4.36286559984534e-08,4.09144744366999e-07,"81930","KIF18A"
"ENSG00000121671",633.530107082696,-1.01103126583219,0.1260921424119,-8.01819404836101,1.07311185927156e-15,4.11459935642116e-14,"1408","CRY2"
"ENSG00000121691",1589.85832619774,-1.88328906397667,0.198134710772033,-9.50509406776036,1.99867289296754e-21,1.80273056747079e-19,"847","CAT"
"ENSG00000121743",2.82701363656987,1.70254411146239,0.576665467583752,2.95239477161014,0.00315319521610027,0.0092643623564834,"2700","GJA3"
"ENSG00000121753",145.426722617204,1.60592993385062,0.252709028140344,6.35485778117415,2.08619542198519e-10,3.09448347222238e-09,"576","ADGRB2"
"ENSG00000121764",3.78815811007883,-1.62009908355287,0.538553537084064,-3.00824146903705,0.00262764265286544,0.0079034608144763,"3061","HCRTR1"
"ENSG00000121898",262.10027220538,-1.33895088164475,0.239776129415365,-5.58417088852611,2.34817728855549e-08,2.33272047670583e-07,"119587","CPXM2"
"ENSG00000121904",59.062867111481,1.1978450624935,0.239920199614801,4.99268116822457,5.95468128809245e-07,4.36273262422534e-06,"114784","CSMD2"
"ENSG00000121966",338.8651494316,1.63672177138222,0.268850931546437,6.0878411764012,1.14443314134537e-09,1.47576728678803e-08,"7852","CXCR4"
"ENSG00000122035",54.7295464037429,-1.40795999971005,0.192166300965911,-7.32677890261217,2.35750280073262e-13,6.01479727392673e-12,"387496","RASL11A"
"ENSG00000122121",20.6818568691584,-1.8429660261775,0.378230423753074,-4.87260122517451,1.10138391991296e-06,7.61174754874886e-06,"7512","XPNPEP2"
"ENSG00000122133",3.15380377315476,1.10766622454871,0.48448585802768,2.28627153134659,0.0222383782824817,0.0499406370323263,"5047","PAEP"
"ENSG00000122136",6.16044690748609,1.32342686649427,0.5278076127151,2.50740389985362,0.0121621648287951,0.0298172907655707,"29991","OBP2A"
"ENSG00000122176",1281.86712497023,-1.49707961564159,0.22614450421765,-6.62001325577538,3.59166659852987e-11,6.1498998393561e-10,"2331","FMOD"
"ENSG00000122224",27.4275213704501,1.07659355671398,0.304027021343194,3.54111141818113,0.000398445283565148,0.00150880272367383,"4063","LY9"
"ENSG00000122367",68.3225746898374,-1.61838080584385,0.279584058415452,-5.78853034402624,7.10049230898219e-09,7.85989677426693e-08,"11155","LDB3"
"ENSG00000122375",11.9922798685664,-1.58137558977351,0.367351064030004,-4.3048074297788,1.67131051769266e-05,8.9580587277031e-05,"94233","OPN4"
"ENSG00000122378",1164.64430227024,-1.66829380355007,0.209509906433122,-7.9628397146109,1.6813520269717e-15,6.29791283061058e-14,"84293","PRXL2A"
"ENSG00000122420",110.0108764025,-1.87094865332053,0.349825524109337,-5.3482336890197,8.88167410196719e-08,7.81527106233438e-07,"5737","PTGFR"
"ENSG00000122547",259.827637934356,-1.95596565493126,0.22218950353985,-8.8031415695587,1.33038568145196e-18,7.95717776938481e-17,"80820","EEPD1"
"ENSG00000122591",519.416125578191,-1.37821965765953,0.179499400217558,-7.67812959814401,1.61428139230302e-14,5.05470643925233e-13,"84668","HYCC1"
"ENSG00000122592",36.3307910960654,-1.80637284375628,0.27010917066505,-6.687565769458,2.26913243002497e-11,4.05662118585318e-10,"3204","HOXA7"
"ENSG00000122641",483.801666469663,3.31572976177343,0.264785494324528,12.5223240428329,5.63603448728573e-36,9.14376145131018e-33,"3624","INHBA"
"ENSG00000122644",245.81547260398,-1.0861333147985,0.182078193073738,-5.96520262236258,2.44330652579703e-09,2.93490748711889e-08,"10124","ARL4A"
"ENSG00000122679",167.063511345474,-1.18216823355712,0.252547561552548,-4.68097267021582,2.85517004402823e-06,1.81697729842816e-05,"10268","RAMP3"
"ENSG00000122691",115.977431473219,-1.65523354245511,0.253374617623505,-6.53275200957444,6.45720156475238e-11,1.06018999505277e-09,"7291","TWIST1"
"ENSG00000122707",276.235409802807,-1.13480071983335,0.241339203659984,-4.70209855101758,2.57501153392008e-06,1.65402947272573e-05,"8434","RECK"
"ENSG00000122729",863.401575360465,-2.04693979104103,0.22278055280987,-9.18814396150625,3.99677752010598e-20,3.08774853770568e-18,"48","ACO1"
"ENSG00000122733",10.5947188195053,-1.50920692690112,0.383479309533308,-3.93556285667098,8.30019359184555e-05,0.000371925470839162,"23349","PHF24"
"ENSG00000122735",19.3949699536586,1.44050973525609,0.326818261465528,4.40767822702598,1.04484614645575e-05,5.86804765679325e-05,"27019","DNAI1"
"ENSG00000122756",111.221546480217,-3.49471501419387,0.34639002957516,-10.0889595999055,6.18212577551243e-24,8.62772155272859e-22,"1271","CNTFR"
"ENSG00000122861",246.000439899151,1.00606076905822,0.224669997949646,4.47794889499978,7.5363636373322e-06,4.36866742514223e-05,"5328","PLAU"
"ENSG00000122863",278.123435995903,-1.85427239237727,0.148027417526266,-12.5265469287016,5.34391455840649e-36,9.14376145131018e-33,"9469","CHST3"
"ENSG00000122952",116.262590511071,1.89285557341164,0.284505301803011,6.65314692350526,2.86891539548673e-11,5.02166593634824e-10,"11130","ZWINT"
"ENSG00000122971",210.421947132413,-1.61565112934567,0.15708982379404,-10.2848872722905,8.24384850085248e-25,1.43620013010154e-22,"35","ACADS"
"ENSG00000123080",274.258398299786,-2.40018996278848,0.272650007872476,-8.80319051342591,1.32980537970235e-18,7.95717776938481e-17,"1031","CDKN2C"
"ENSG00000123096",359.488036803555,-1.10004238991078,0.190048979171292,-5.78820467601304,7.11426928275705e-09,7.87179036836349e-08,"8082","SSPN"
"ENSG00000123119",75.0709260619252,-3.48969671512539,0.426865043839329,-8.17517565677948,2.95435142834058e-16,1.25104493273841e-14,"64168","NECAB1"
"ENSG00000123240",728.574074408695,-1.25545521966957,0.170603857246744,-7.35889117591172,1.85444127828946e-13,4.84281556356516e-12,"10133","OPTN"
"ENSG00000123243",1539.34680158729,-3.59356732891062,0.294517362238098,-12.2015466307397,3.04975513790719e-34,3.58912391620182e-31,"80760","ITIH5"
"ENSG00000123358",992.435080967953,-1.04566704634618,0.230578588479746,-4.53497028167484,5.76115968030189e-06,3.43157831531153e-05,"3164","NR4A1"
"ENSG00000123384",11374.6720194719,-1.65140424096986,0.203329062631534,-8.12183078796992,4.59203274458679e-16,1.87127136552565e-14,"4035","LRP1"
"ENSG00000123388",23.6895501089995,2.44661225437954,0.508659582267445,4.80992070074313,1.50990185472525e-06,1.01411991510665e-05,"3227","HOXC11"
"ENSG00000123407",6.01839915078448,-1.88881664663221,0.45902572170819,-4.11483835721293,3.874508321687e-05,0.000188907751717414,"3228","HOXC12"
"ENSG00000123473",88.8987864137582,1.13417190026555,0.230248340048305,4.92586352643239,8.39886047107953e-07,5.94518569300955e-06,"6491","STIL"
"ENSG00000123500",599.460243089232,6.73903416930733,0.388346801553582,17.3531342149538,1.86770334382547e-67,4.84818433990215e-63,"1300","COL10A1"
"ENSG00000123560",52.9294496241602,-1.84918533306058,0.347666359428054,-5.31885033715278,1.04424987388035e-07,9.03554607539535e-07,"5354","PLP1"
"ENSG00000123610",80.8256288676881,1.24718632070389,0.278404481626811,4.47976380773816,7.47256817262786e-06,4.33921494554708e-05,"7130","TNFAIP6"
"ENSG00000123612",779.00948995696,-4.03085139460883,0.359964938549211,-11.1979000256376,4.17513100416789e-29,1.50525070286375e-26,"130399","ACVR1C"
"ENSG00000123689",1188.44802553174,-4.52176172569607,0.439913657690888,-10.2787482194366,8.78612867664179e-25,1.51039952442561e-22,"50486","G0S2"
"ENSG00000123975",90.6508875989071,2.1135584817246,0.237068187973681,8.9154032001934,4.86044441320832e-19,3.15418540195154e-17,"1164","CKS2"
"ENSG00000124003",5.40207134252989,-2.33718957910999,0.460423935000302,-5.07616872504349,3.85121338031619e-07,2.93338606004248e-06,"116255","MOGAT1"
"ENSG00000124019",32.9841451150334,-1.5333792611902,0.240541889850395,-6.37468701249449,1.83336976826518e-10,2.74455665770632e-09,"79843","FAM124B"
"ENSG00000124067",395.638649662889,-1.07241212233338,0.106652458120773,-10.055203051382,8.71416058335477e-24,1.17650237165131e-21,"6560","SLC12A4"
"ENSG00000124104",288.093155675711,-1.28656670765441,0.144334334627613,-8.91379525858339,4.93148483352416e-19,3.18436525643334e-17,"90203","SNX21"
"ENSG00000124107",121.311300828962,-1.37611438328182,0.41912722482787,-3.28328560342739,0.00102604657475809,0.00346708109705423,"6590","SLPI"
"ENSG00000124143",198.540815683406,1.20105888917237,0.475714449186598,2.52474754808479,0.0115781428866586,0.0285689575144376,"343578","ARHGAP40"
"ENSG00000124171",778.313123194388,2.5800102999932,0.28164834620893,9.16039570166454,5.17073620017584e-20,3.94770500835778e-18,"84612","PARD6B"
"ENSG00000124212",630.310216292774,-1.59725204373492,0.261837779680481,-6.10015882995965,1.05963120415902e-09,1.38012578010837e-08,"5740","PTGIS"
"ENSG00000124243",68.697617342174,2.43686723004409,0.290574942357014,8.386363979899,5.01409261665807e-17,2.37944819274607e-15,"55653","BCAS4"
"ENSG00000124253",371.527509538794,-4.31202975557633,0.497980460993906,-8.65903402509021,4.75778803827002e-18,2.62213719527416e-16,"5105","PCK1"
"ENSG00000124256",29.0753249014313,1.22671437605154,0.339783640448573,3.61028086706018,0.000305865617625173,0.00119393378982169,"81030","ZBP1"
"ENSG00000124334",3.39911626659148,1.60657988137212,0.53636442810161,2.99531400144934,0.00274162450434085,0.0082008629734593,"3581","IL9R"
"ENSG00000124343",57.5184952225657,-1.44793250085726,0.319425364924359,-4.53292900267997,5.81713716167189e-06,3.46174338474734e-05,"7499","XG"
"ENSG00000124374",115.371213085158,-1.13225419138643,0.237261068729639,-4.77218701512571,1.82236168286689e-06,1.20460566752887e-05,"400961","PAIP2B"
"ENSG00000124440",248.434498645134,-1.09450476671063,0.195227498483514,-5.60630431272495,2.06692421280573e-08,2.07318106317673e-07,"64344","HIF3A"
"ENSG00000124466",66.0655604699409,1.92591802560186,0.446585586359668,4.3125395991862,1.61389965040388e-05,8.67608236686668e-05,"27076","LYPD3"
"ENSG00000124479",31.064490244615,1.70269376998646,0.41310953446073,4.12165207517939,3.761650243573e-05,0.000184200937601713,"4693","NDP"
"ENSG00000124491",1200.81508289898,-1.32018492185598,0.278367984959986,-4.74258892252194,2.11004159906487e-06,1.37446574224657e-05,"2162","F13A1"
"ENSG00000124493",39.9593205349003,3.33283591391871,0.5295802820706,6.29335348530669,3.10679747374705e-10,4.45559385765336e-09,"2914","GRM4"
"ENSG00000124507",15.1236703452763,1.66155519035594,0.329035723324941,5.04977141559507,4.4233904524417e-07,3.33204786315965e-06,"29993","PACSIN1"
"ENSG00000124613",64.6253864449674,-1.34305555069746,0.21378304213887,-6.28232967994269,3.33536595741922e-10,4.75188965547136e-09,"346157","ZNF391"
"ENSG00000124657",3.20039104190192,2.21208686554783,0.804007461960544,2.75132628763635,0.00593544905350566,0.0161074953586078,"26212","OR2B6"
"ENSG00000124664",453.962122396927,2.35192066867218,0.441646334700652,5.32534855127082,1.00759638877764e-07,8.75927229065302e-07,"25803","SPDEF"
"ENSG00000124678",23.6266473147477,-1.06839030689446,0.21652399849185,-4.93428125443876,8.04464472611648e-07,5.71647653436987e-06,"6954","TCP11"
"ENSG00000124713",14.5468858161522,1.13305216025513,0.349997070553435,3.23731898230886,0.00120658460487935,0.00399241850522094,"27232","GNMT"
"ENSG00000124713",14.5468858161522,1.13305216025513,0.349997070553435,3.23731898230886,0.00120658460487935,0.00399241850522094,"107080644","CNPY3-GNMT"
"ENSG00000124721",24.8346130732165,1.22309978499234,0.396660817281994,3.08349030633599,0.00204587775270152,0.00636391787952379,"1769","DNAH8"
"ENSG00000124743",331.006205446104,-3.22165201994638,0.28085904523132,-11.4707077256243,1.85138887875708e-30,9.42320637544635e-28,"401265","KLHL31"
"ENSG00000124766",890.066265406424,1.02287849967734,0.194707136610362,5.25342068855068,1.49299983474835e-07,1.24936459414563e-06,"6659","SOX4"
"ENSG00000124785",191.480192039899,-2.62458991434997,0.301293318374161,-8.71107905250863,3.00995652996445e-18,1.72097911023827e-16,"51299","NRN1"
"ENSG00000124813",212.813563603577,1.70408773204468,0.235725647623226,7.22911464758566,4.86152899333027e-13,1.17173230834603e-11,"860","RUNX2"
"ENSG00000124839",135.479456388241,2.13338302097039,0.388691430170607,5.48862891068627,4.05065597714027e-08,3.82770032233736e-07,"64284","RAB17"
"ENSG00000124942",57325.7705031902,-1.36026402784915,0.144561051452637,-9.40961631214216,4.97951285295655e-21,4.33752330996799e-19,"79026","AHNAK"
"ENSG00000125245",5.99590407670975,1.15956530208081,0.458539258643195,2.52882447952643,0.011444524418865,0.028279577807225,"2841","GPR18"
"ENSG00000125266",252.964990079698,-1.03734180010007,0.210641683677173,-4.92467484113869,8.4500745924697e-07,5.97838746991901e-06,"1948","EFNB2"
"ENSG00000125337",20.1867351530473,-1.70598698924521,0.354885997104212,-4.80714089359872,1.53104093910047e-06,1.02692914390762e-05,"3834","KIF25"
"ENSG00000125398",437.956318203886,1.09692516082582,0.35860937031569,3.05883016905047,0.00222203076874991,0.00683487080166018,"6662","SOX9"
"ENSG00000125508",17.7623233562214,2.86907137179686,0.476815538401898,6.01715158321576,1.77512842907745e-09,2.19736689375262e-08,"6725","SRMS"
"ENSG00000125637",595.304000121234,1.44164802414229,0.256550222823084,5.6193598597513,1.91666271326284e-08,1.93741163204349e-07,"23550","PSD4"
"ENSG00000125733",265.72037622601,-1.02661984675352,0.113725073577667,-9.02720758454731,1.76108139479085e-19,1.23218735433911e-17,"9322","TRIP10"
"ENSG00000125740",1658.95486501726,-1.93305300185441,0.288803032829888,-6.69332653093371,2.18153602098432e-11,3.91735098695894e-10,"2354","FOSB"
"ENSG00000125780",4.51918191235014,1.52118266852501,0.620555359044336,2.45132468256766,0.0142331502837471,0.0340928407368744,"7053","TGM3"
"ENSG00000125788",4.57329521533164,1.01157254764656,0.351944485247892,2.87423894974248,0.00405002422304916,0.0115375909549945,"81623","DEFB126"
"ENSG00000125810",1309.10677458951,-1.24539039247255,0.213623907855024,-5.82982684371514,5.54849200994758e-09,6.28119300454511e-08,"22918","CD93"
"ENSG00000125845",98.1046947725505,-1.85056684861335,0.232298630899297,-7.96632697080161,1.6346009168285e-15,6.13164315014947e-14,"650","BMP2"
"ENSG00000125850",76.2249026483094,1.5215416748004,0.266860569563909,5.70163541690266,1.18663412690008e-08,1.25673801167165e-07,"58495","OVOL2"
"ENSG00000125851",10.7068359340905,-1.22558010670437,0.479937112701858,-2.55362645285929,0.0106607560014526,0.0265986067171959,"5126","PCSK2"
"ENSG00000125869",37.3277834080578,3.92549730404082,0.362006412968256,10.8437231038364,2.13597592356752e-27,6.09293000263358e-25,"24141","LAMP5"
"ENSG00000125878",17.5730318143758,-2.96487462189107,0.418414068821673,-7.08598214739929,1.380616095557e-12,3.04050684294986e-11,"6939","TCF15"
"ENSG00000125965",11.9516092809093,-1.35619772601619,0.379469460723698,-3.57393114963651,0.000351661434900788,0.00135175885194057,"8200","GDF5"
"ENSG00000125968",191.753920840014,-1.68408082689488,0.223709423868235,-7.52798338923265,5.15299451944696e-14,1.49287312205139e-12,"3397","ID1"
"ENSG00000125999",33.539813324808,1.99886298090854,0.46107406684615,4.33523185240327,1.45606571038188e-05,7.9238058092438e-05,"92747","BPIFB1"
"ENSG00000126010",142.041287159294,1.2148697899431,0.411931323010184,2.94920469039705,0.00318592888058454,0.00934678366661546,"2925","GRPR"
"ENSG00000126218",38.8182043275037,-2.46201555872729,0.344309888084782,-7.15058046233352,8.64117131920417e-13,1.99207393520339e-11,"2159","F10"
"ENSG00000126351",437.31953281958,-1.30088365794758,0.153232290540661,-8.48961830014792,2.07316883951753e-17,1.04699059798047e-15,"7067","THRA"
"ENSG00000126353",23.0557071237032,1.39522759120179,0.35346157002548,3.94732471510613,7.90293386336447e-05,0.000356498729550134,"1236","CCR7"
"ENSG00000126368",134.344589726198,-1.16867573433937,0.173312079075222,-6.74318686023113,1.54949718796148e-11,2.8566653412716e-10,"9572","NR1D1"
"ENSG00000126458",161.621374144931,-1.50647411869225,0.206749015444023,-7.28648750978033,3.18140270808489e-13,7.89511008570436e-12,"6237","RRAS"
"ENSG00000126460",39.9347497505933,1.33413178373885,0.253720150437137,5.25828075318518,1.45408409311917e-07,1.22192019712487e-06,"5639","PRRG2"
"ENSG00000126545",8.61577891554639,-2.6962027100388,0.681811571145342,-3.95446898255126,7.67048215296037e-05,0.000346723101136835,"1446","CSN1S1"
"ENSG00000126561",625.922893780099,-1.54015817860054,0.216090637440778,-7.12737116628958,1.02303952332776e-12,2.32336482471933e-11,"6776","STAT5A"
"ENSG00000126562",84.9090732744424,1.04762127692511,0.340969940006826,3.07247400431881,0.00212292323128048,0.00656815747766134,"65266","WNK4"
"ENSG00000126709",1078.48176525131,1.3356848934289,0.343321997850501,3.89047279752381,0.000100049092838352,0.000439660462484837,"2537","IFI6"
"ENSG00000126785",137.936756973222,-1.23390553611617,0.18337383582345,-6.72890726517906,1.70941951332065e-11,3.12486702301249e-10,"57381","RHOJ"
"ENSG00000126787",44.4764137858485,2.2012243538015,0.315820578763953,6.96985726014618,3.17262716590109e-12,6.58840447779683e-11,"9787","DLGAP5"
"ENSG00000126803",202.799742719835,1.19151340785277,0.249175975286556,4.78181496624028,1.73719547874508e-06,1.15153524609972e-05,"3306","HSPA2"
"ENSG00000126838",11.5595927974139,-1.79592052506772,0.472672586410251,-3.7995021854493,0.00014498703379739,0.000612261822565912,"5858","PZP"
"ENSG00000126878",362.924706637303,-2.29364151023755,0.189287145661052,-12.1172597443287,8.55726515116875e-34,8.54344187669379e-31,"83543","AIF1L"
"ENSG00000126895",22.4060396741608,-2.63718132273662,0.311596449944512,-8.46345111828535,2.59579239734008e-17,1.3008026843659e-15,"554","AVPR2"
"ENSG00000126970",45.5338090532198,-1.14587203534814,0.216989299167644,-5.28077670071117,1.28637391930414e-07,1.09373384203397e-06,"55906","ZC4H2"
"ENSG00000127084",402.709478499551,1.80685659252311,0.265707350988419,6.80017540275681,1.04491850685121e-11,1.98856265402081e-10,"89846","FGD3"
"ENSG00000127129",16.9832665907949,2.92002221603052,0.512010378391998,5.70305278811152,1.17680518004827e-08,1.24683709647726e-07,"1907","EDN2"
"ENSG00000127152",96.1310160972371,1.03347444680277,0.301429733811766,3.42857499070792,0.000606758882942714,0.00217936171072741,"64919","BCL11B"
"ENSG00000127241",36.4119796885781,-2.89873653836981,0.355240098670732,-8.15993619306084,3.35201619735006e-16,1.40302674101672e-14,"5648","MASP1"
"ENSG00000127324",17.1351262089174,-1.31352232034606,0.381126667120635,-3.44641934994882,0.00056806809716357,0.0020572921778921,"7103","TSPAN8"
"ENSG00000127325",8.34329400750859,1.63035975896332,0.50203846651373,3.24747976043532,0.00116431944794464,0.00387082533680162,"144453","BEST3"
"ENSG00000127328",288.673043328566,1.3715808918611,0.240422749610372,5.70487149857438,1.16430892023943e-08,1.23410089634851e-07,"117177","RAB3IP"
"ENSG00000127329",1268.46898728498,-1.54368859888167,0.172892097737082,-8.92862437952,4.31338750481735e-19,2.82744729419315e-17,"5787","PTPRB"
"ENSG00000127423",10.5773088052469,2.56565700258184,0.39618141457292,6.47596507107127,9.42078406109186e-11,1.49294696372297e-09,"79000","AUNIP"
"ENSG00000127528",275.758527162304,-1.36251095857261,0.196316976491057,-6.94036238192916,3.91095400945657e-12,8.05718604583124e-11,"10365","KLF2"
"ENSG00000127561",8.0296615412646,1.48176919665897,0.452980695584674,3.27115307804985,0.00107109915486316,0.00359684241422223,"9143","SYNGR3"
"ENSG00000127564",68.9547538738464,1.16026884587856,0.198558327975597,5.8434660369479,5.11257257655658e-09,5.82837764348949e-08,"9088","PKMYT1"
"ENSG00000127578",10.172051352081,1.02084559254854,0.324404376065445,3.14683052346555,0.0016505059840718,0.0052717896314182,"117166","WFIKKN1"
"ENSG00000127585",63.4934275741525,2.30854850531767,0.381324968772159,6.05401873564966,1.41276168190416e-09,1.794152042019e-08,"146330","FBXL16"
"ENSG00000127586",99.899408405788,1.21273296045286,0.22129768702383,5.48009776677998,4.2509087455245e-08,4.00129516303407e-07,"63922","CHTF18"
"ENSG00000127663",780.325819286721,1.10858505560445,0.184102714943929,6.02155734608308,1.72746795967617e-09,2.14245644038576e-08,"23030","KDM4B"
"ENSG00000127743",7.13103690288731,-1.45409584404626,0.496951337535302,-2.92603265997441,0.00343314893179936,0.00997288271840283,"27190","IL17B"
"ENSG00000127884",684.823447910377,-1.10330786772282,0.180652196567129,-6.10735927206308,1.01293056009198e-09,1.32261828364526e-08,"1892","ECHS1"
"ENSG00000127920",612.735783325979,-2.04033298315305,0.268731937739938,-7.59244695778422,3.13920002417746e-14,9.46426878369321e-13,"2791","GNG11"
"ENSG00000127954",1137.96819664486,-1.64811770038305,0.282081802845065,-5.8426941538242,5.13632680779235e-09,5.8477531261699e-08,"79689","STEAP4"
"ENSG00000127955",512.887007500432,-2.68249674018147,0.262058853042529,-10.2362378108483,1.36439127170711e-24,2.21355428943583e-22,"2770","GNAI1"
"ENSG00000128016",1372.58257280526,-1.45159172269842,0.218443019084085,-6.64517332155926,3.02860473495331e-11,5.27273787457532e-10,"7538","ZFP36"
"ENSG00000128045",46.9191646444044,1.62178656190955,0.354900135282429,4.56969834801257,4.88426716191321e-06,2.95813828718953e-05,"65997","RASL11B"
"ENSG00000128052",661.69109333036,-1.49038861781539,0.18412251348448,-8.09454851343324,5.7477132715942e-16,2.29184548546916e-14,"3791","KDR"
"ENSG00000128165",30.4869073607512,1.8424658958838,0.359058513341273,5.13138061743322,2.87624627018834e-07,2.24209011055703e-06,"79924","ADM2"
"ENSG00000128203",15.2169346792417,1.13534325793546,0.260854587805428,4.3523990415009,1.34655885488671e-05,7.37425627745766e-05,"57168","ASPHD2"
"ENSG00000128228",42.5709670666314,1.03425246450995,0.223871984177871,4.61983873644597,3.84038417673397e-06,2.37467109241687e-05,"23753","SDF2L1"
"ENSG00000128266",103.323370099819,-1.3298767682144,0.212159079262907,-6.26830005500928,3.65010917781336e-10,5.16346234537761e-09,"2781","GNAZ"
"ENSG00000128268",90.9355035377512,-2.14563061103512,0.258613754687172,-8.29666083936853,1.07078516009488e-16,4.85086233608081e-15,"4248","MGAT3"
"ENSG00000128284",344.438002504544,-1.13690605190969,0.149583099278133,-7.60049803350937,2.94993247416289e-14,8.9247490867506e-13,"80833","APOL3"
"ENSG00000128285",4.77062568112261,1.71804827593316,0.630063296090104,2.72678679522298,0.00639543477804196,0.0171998234530059,"2847","MCHR1"
"ENSG00000128408",17.0433744489607,1.69043192406818,0.302481946715969,5.58853823317759,2.28988965511402e-08,2.28005200105293e-07,"26150","RIBC2"
"ENSG00000128422",142.705427851556,-1.35120113789332,0.447541611123265,-3.01916314441018,0.0025347399555022,0.0076614787802662,"3872","KRT17"
"ENSG00000128573",132.474970565987,-1.67930830041466,0.219093267426772,-7.66481015203236,1.79095916933948e-14,5.56763091230111e-13,"93986","FOXP2"
"ENSG00000128578",35.4961192082189,2.02151831784099,0.27227339239311,7.42459004191756,1.13129761593892e-13,3.06857090016119e-12,"57464","STRIP2"
"ENSG00000128591",333.189904511706,-1.10533155221809,0.273503213365419,-4.04138415273861,5.31366296190873e-05,0.000250505372677474,"2318","FLNC"
"ENSG00000128652",65.1700480900884,-1.2588538351907,0.208667855865382,-6.03281147434045,1.61131360299862e-09,2.0108888444237e-08,"3232","HOXD3"
"ENSG00000128655",185.973100928511,-1.71342681261224,0.257305868378091,-6.65910506982489,2.75499937744305e-11,4.84186011101332e-10,"50940","PDE11A"
"ENSG00000128917",114.522672257322,-1.15984530775788,0.169327474303217,-6.84971716805344,7.39961382262583e-12,1.45074906048128e-10,"54567","DLL4"
"ENSG00000128918",82.9392619942212,-2.17424194499368,0.242762381227954,-8.95625563563767,3.35890710117659e-19,2.22993633075043e-17,"8854","ALDH1A2"
"ENSG00000129048",25.4833055281752,-1.38886064287005,0.339920986466035,-4.08583376186698,4.3918816323444e-05,0.000211668145956918,"51554","ACKR4"
"ENSG00000129151",38.4434991082234,-1.99928503447603,0.487545351192136,-4.1007160248527,4.11873741538271e-05,0.000199802253463847,"8424","BBOX1"
"ENSG00000129173",22.2494612606735,2.52787753618079,0.425313560053603,5.94356205304668,2.78894105591558e-09,3.3254631111372e-08,"79733","E2F8"
"ENSG00000129195",17.5520037476773,1.55943097443906,0.300999390472368,5.18084429337812,2.20883820168937e-07,1.76639008131401e-06,"54478","PIMREG"
"ENSG00000129244",19.0639300685439,-1.66451494133323,0.295527618704714,-5.63234985829323,1.77770590567741e-08,1.81390290485748e-07,"482","ATP1B2"
"ENSG00000129250",1305.42189801292,-1.15994475844696,0.175921403071318,-6.59353971828383,4.29461791693206e-11,7.243644697058e-10,"10749","KIF1C"
"ENSG00000129354",254.078786006776,2.56505498299253,0.452311379223682,5.67099370215941,1.4197161782224e-08,1.48045642617208e-07,"10053","AP1M2"
"ENSG00000129451",17.72925843508,-1.43191955628266,0.531468389494822,-2.69427041115981,0.0070542907413415,0.0187024082385602,"5655","KLK10"
"ENSG00000129467",206.785121818898,-1.59637087252858,0.205909231704953,-7.75278922324386,8.9895764596372e-15,2.93155057461385e-13,"196883","ADCY4"
"ENSG00000129514",1125.39150653081,3.11396224522478,0.475718177265285,6.54581303393896,5.91725720355119e-11,9.74620320366635e-10,"3169","FOXA1"
"ENSG00000129521",183.38510025305,1.84194795028433,0.292762563892987,6.29161025846739,3.14189526886162e-10,4.49668302535605e-09,"112399","EGLN3"
"ENSG00000129538",797.841350133948,-2.19860887449525,0.300953217941643,-7.30548385404397,2.76270756125196e-13,6.92892394927328e-12,"6035","RNASE1"
"ENSG00000129596",251.88538873245,-3.58500376784843,0.370839906087281,-9.66725454569785,4.15371473795143e-22,4.33020591035114e-20,"1036","CDO1"
"ENSG00000129654",15.749181084401,2.72311665719453,0.549351942792207,4.9569619128926,7.16040063897475e-07,5.14342464560963e-06,"2302","FOXJ1"
"ENSG00000129657",675.164262753349,-1.1120266075112,0.113008005020691,-9.84024633748376,7.55256837497573e-23,8.8310617061991e-21,"6397","SEC14L1"
"ENSG00000129675",1198.75582258829,-1.64155544317773,0.198868047175485,-8.25449571458402,1.5254495234972e-16,6.79204437923503e-15,"9459","ARHGEF6"
"ENSG00000129680",235.618165102575,-2.05290813297295,0.245137142817639,-8.37452908758157,5.5445127112139e-17,2.59791445772004e-15,"79649","MAP7D3"
"ENSG00000129757",210.475114921174,-2.49870157277077,0.21818711638133,-11.4521041123425,2.29506002546229e-30,1.14567631040289e-27,"1028","CDKN1C"
"ENSG00000129810",31.6941447836803,1.16558984608114,0.21916759268806,5.31825819586437,1.04765330795668e-07,9.05593891706281e-07,"151648","SGO1"
"ENSG00000129951",13.1433713452563,1.48978377768904,0.447679197488582,3.32779317432332,0.000875368287762656,0.00300884666495538,"79948","PLPPR3"
"ENSG00000129988",33.4277620402124,-1.46887730370131,0.403430759047413,-3.64096507457597,0.00027161798446102,0.00107495954271065,"3929","LBP"
"ENSG00000129991",5.99871449124033,1.38697099037352,0.45628166535993,3.03972544958482,0.00236793900938572,0.00721527888315934,"7137","TNNI3"
"ENSG00000130032",32.7684269427225,-2.18775335170815,0.294786357762293,-7.42148777954065,1.15811941246489e-13,3.13477202385439e-12,"79057","PRRG3"
"ENSG00000130037",11.8885335448896,-1.81529497275498,0.43515803036422,-4.17157640693338,3.0249958768169e-05,0.000151906491448568,"3741","KCNA5"
"ENSG00000130045",20.0938834633312,2.50826207247787,0.37678503015745,6.6570109524514,2.79452371057504e-11,4.90800043836988e-10,"158046","NXNL2"
"ENSG00000130052",186.939773522961,-1.36352289121314,0.181838453298575,-7.49853986590101,6.45326267981143e-14,1.83275484291625e-12,"9754","STARD8"
"ENSG00000130054",8.50122398572132,1.48604074230731,0.410005068811086,3.62444480653974,0.000289582851429992,0.00113796776801766,"27112","NALF2"
"ENSG00000130158",465.760973793411,-1.15319837543655,0.145361470624688,-7.93331527591667,2.13371842050216e-15,7.82303146319138e-14,"57572","DOCK6"
"ENSG00000130173",20.5817045400284,-2.55316813182598,0.377286487041349,-6.76718679178712,1.31310504798259e-11,2.45220006011022e-10,"55908","ANGPTL8"
"ENSG00000130176",269.544313365242,-1.99019908193937,0.278186285104094,-7.15419554632127,8.41650187740464e-13,1.94719746643199e-11,"1264","CNN1"
"ENSG00000130224",76.9440583838847,-1.12492799968224,0.255287165308574,-4.40652000002625,1.05044613320306e-05,5.89184976786627e-05,"57631","LRCH2"
"ENSG00000130234",14.3459901620217,-2.00678854107664,0.455321844133848,-4.4074066881068,1.0461564634787e-05,5.87286537175176e-05,"59272","ACE2"
"ENSG00000130270",31.0461973250913,1.00057001683417,0.22002188590107,4.5475931302764,5.42629106354026e-06,3.25426245433742e-05,"148229","ATP8B3"
"ENSG00000130300",483.720840886785,-1.1603384295979,0.240101744011274,-4.83269471605095,1.34697260225955e-06,9.14349236648886e-06,"83483","PLVAP"
"ENSG00000130307",58.2459112151431,-2.03230010688082,0.241158224206108,-8.42724776885026,3.53890017872074e-17,1.71385766491107e-15,"83878","USHBP1"
"ENSG00000130513",47.8181219034381,1.68839130974951,0.37845955197468,4.46121996641392,8.149438748975e-06,4.69678354897631e-05,"9518","GDF15"
"ENSG00000130528",23.5992583107858,-1.34088607520031,0.316102146276793,-4.24193916743031,2.2159676273856e-05,0.000115257026334755,"3270","HRC"
"ENSG00000130545",45.1869276610208,1.95411920125133,0.304003117630788,6.42795776727728,1.29329658560179e-10,1.9959210920958e-09,"92359","CRB3"
"ENSG00000130590",30.5261548232775,1.1620476589437,0.242581506098189,4.79033903958588,1.66499740934321e-06,1.1084894268205e-05,"140700","SAMD10"
"ENSG00000130595",49.8590373673769,-1.58721167694762,0.311696386838174,-5.09217220336809,3.53984369993724e-07,2.71614728829355e-06,"7140","TNNT3"
"ENSG00000130600",1492.72334671498,-1.35878517293749,0.339622550924546,-4.00086852076961,6.31104183745409e-05,0.000291446404583941,"283120","H19"
"ENSG00000130675",13.5923589978495,2.46089129220431,0.496123168056573,4.96024263862576,7.04051823804666e-07,5.07378601952291e-06,"3110","MNX1"
"ENSG00000130695",119.904299083969,1.06395883370593,0.152371654506808,6.98265590899907,2.89651236475177e-12,6.06841549348075e-11,"64793","CEP85"
"ENSG00000130701",35.7563014609032,1.30986394647764,0.254426574095016,5.14829848704589,2.62859972088166e-07,2.06704609374874e-06,"140893","RBBP8NL"
"ENSG00000130707",345.971528306386,-1.93952746143615,0.255490537238326,-7.59138668070093,3.16499893772215e-14,9.5309793996974e-13,"445","ASS1"
"ENSG00000130720",10.3183168850991,2.0051191709891,0.612879457092234,3.27163710218362,0.00106926729715526,0.00359254989639608,"84929","FIBCD1"
"ENSG00000130812",5.91233666596648,1.78380656732172,0.420774194144633,4.239344028566,2.24173884632122e-05,0.000116498612558171,"83854","ANGPTL6"
"ENSG00000130822",12.8321339926696,1.87817709280967,0.413704258492339,4.53990273064702,5.62801855581602e-06,3.35998403109182e-05,"139728","PNCK"
"ENSG00000130876",90.424082964367,-3.68849010524509,0.386676256928169,-9.53896195889338,1.44269090192375e-21,1.34709965583226e-19,"56301","SLC7A10"
"ENSG00000130881",166.688610619067,-1.0058786841892,0.16170079676861,-6.2206167458073,4.9520443452147e-10,6.81214452109609e-09,"4037","LRP3"
"ENSG00000130940",492.119640392211,1.07240191171697,0.226202876679268,4.74088538333453,2.12786289514774e-06,1.38537910790682e-05,"54897","CASZ1"
"ENSG00000130943",4.4227234502703,-1.1885820563137,0.500094225193213,-2.3767162195374,0.0174675206971199,0.0406199061897645,"10343","PKDREJ"
"ENSG00000130950",9.55088952133876,-1.16955160413707,0.408499291800033,-2.86304438615668,0.00419591779987116,0.0119174111359077,"54754","NUTM2F"
"ENSG00000130956",126.018826935806,-1.22424950319147,0.171555799497305,-7.13615923669605,9.59748220006206e-13,2.19499068677719e-11,"22927","HABP4"
"ENSG00000130962",123.670006154554,-1.39827261974045,0.172986823487998,-8.08311634115571,6.31323428640128e-16,2.49435214012792e-14,"5638","PRRG1"
"ENSG00000130988",39.3990649571315,-1.86816374943871,0.280759770607436,-6.65395809875773,2.85313932614095e-11,4.99937646543691e-10,"9104","RGN"
"ENSG00000131016",2492.36363431465,-2.7094692091539,0.287351777657731,-9.42910195732697,4.13614955715352e-21,3.63953119337597e-19,"9590","AKAP12"
"ENSG00000131018",2714.80664970547,-1.34162509354101,0.15254305600048,-8.79505844918164,1.42973537281394e-18,8.43478881988731e-17,"23345","SYNE1"
"ENSG00000131037",149.176386264354,1.88069171559222,0.331260932000735,5.67737252996696,1.36779381361321e-08,1.43108391026891e-07,"54869","EPS8L1"
"ENSG00000131050",3.16341534832759,1.80505155764203,0.544863088557972,3.31285344070426,0.000923493589683007,0.00315368021274097,"140683","BPIFA2"
"ENSG00000131055",17.9909356621519,-1.46177604475436,0.225935214428517,-6.46989026678197,9.80741130165981e-11,1.55232184492979e-09,"84701","COX4I2"
"ENSG00000131069",533.313770559978,-1.79506518051875,0.176028313168619,-10.1975934905383,2.0324608522247e-24,3.12181176343485e-22,"55902","ACSS2"
"ENSG00000131095",19.1294843527026,-2.16765809435891,0.480807954434639,-4.5083657089404,6.53288985901964e-06,3.83753688527793e-05,"2670","GFAP"
"ENSG00000131096",4.54854027747451,1.61699072775815,0.468651607071368,3.45030445507873,0.000559954665531138,0.00203150124015696,"5697","PYY"
"ENSG00000131153",48.2575989273525,1.70769894663164,0.25536995252158,6.68715692574417,2.2754784114389e-11,4.06237060551108e-10,"51659","GINS2"
"ENSG00000131171",2119.67193034155,1.30888535565304,0.163991784741274,7.98140807917932,1.44673298128564e-15,5.4505507588117e-14,"6451","SH3BGRL"
"ENSG00000131187",30.7725066678419,1.18936340991123,0.222159777726322,5.35363971860112,8.62024159378901e-08,7.60844037033577e-07,"2161","F12"
"ENSG00000131242",247.019536829425,1.89765794071853,0.314455005863997,6.03475188923936,1.59207110706932e-09,1.9909177985176e-08,"84440","RAB11FIP4"
"ENSG00000131370",615.296688386137,-1.2390430960398,0.165765610174065,-7.47466917136022,7.73983195973415e-14,2.162654015186e-12,"9467","SH3BP5"
"ENSG00000131378",515.033846148981,-1.58596233507689,0.215848223544871,-7.34758113377383,2.01825791555527e-13,5.2337601370613e-12,"23180","RFTN1"
"ENSG00000131386",423.133961921542,-2.53381247400789,0.271944135256102,-9.31740069195344,1.1922524930344e-20,9.88769655405332e-19,"117248","GALNT15"
"ENSG00000131409",8.99240564385014,-1.74796177726744,0.400232210914976,-4.36736906625131,1.25752135470838e-05,6.93640869645562e-05,"94030","LRRC4B"
"ENSG00000131471",1978.17554598894,-3.86556337110878,0.336459766240989,-11.4889319882011,1.4995432664448e-30,7.78502882207481e-28,"8639","AOC3"
"ENSG00000131477",129.555018670613,-1.19849492889486,0.205907659742878,-5.82054562900408,5.86558268471859e-09,6.6050561096336e-08,"10266","RAMP2"
"ENSG00000131480",29.7483751410003,-1.64193562173332,0.245994627434055,-6.67468082071625,2.4777081495819e-11,4.40522932512651e-10,"314","AOC2"
"ENSG00000131650",8.52471678274202,2.37722624212468,0.619499148498457,3.83733577017273,0.000124376359222303,0.000534087929312247,"79412","KREMEN2"
"ENSG00000131711",1729.05145079653,-1.48063721454889,0.219453051179592,-6.74694294105394,1.50992618312118e-11,2.78965579085121e-10,"4131","MAP1B"
"ENSG00000131730",49.3013358577125,-1.42255742933628,0.227200791486961,-6.26123447909698,3.81941712134436e-10,5.37368182308168e-09,"1160","CKMT2"
"ENSG00000131747",460.216337338356,2.64033571042908,0.326496048533744,8.08688412091515,6.12104519365464e-16,2.4295120968943e-14,"7153","TOP2A"
"ENSG00000131771",351.19485716271,-1.87757037727817,0.303751126324935,-6.18127873300347,6.35844348227766e-10,8.57415459288122e-09,"84152","PPP1R1B"
"ENSG00000131828",458.449767263937,-1.08724452872014,0.133313217047966,-8.15556441285906,3.47552934720489e-16,1.4417567611048e-14,"5160","PDHA1"
"ENSG00000131941",231.904991655512,1.52560309827747,0.304633390790821,5.00799697077541,5.49994001424977e-07,4.06629002819412e-06,"85415","RHPN2"
"ENSG00000131943",368.225784803818,-1.6659621459008,0.204935553857787,-8.12920020240545,4.3213210250654e-16,1.76372407497874e-14,"83636","C19orf12"
"ENSG00000132000",25.1822342156853,1.29122265367981,0.276351522277498,4.67239204270866,2.97712007133959e-06,1.88995066793429e-05,"79883","PODNL1"
"ENSG00000132031",214.396804816769,2.863236574489,0.274185266584555,10.4427076266916,1.58231977529473e-25,3.06521318858959e-23,"4148","MATN3"
"ENSG00000132170",642.133939382851,-3.30786931243462,0.31056464142405,-10.6511459168914,1.72231705122336e-26,4.21772698260906e-24,"5468","PPARG"
"ENSG00000132182",604.028041196873,2.03265595671626,0.287854394237795,7.06140325597075,1.64829484217647e-12,3.58645746129227e-11,"23225","NUP210"
"ENSG00000132185",13.275165803862,1.08199855732581,0.367068178120236,2.94767735755996,0.00320171033388225,0.00938777779813798,"84824","FCRLA"
"ENSG00000132196",126.270859457685,1.43822565840622,0.172781291514166,8.32396636118621,8.50677573845642e-17,3.91522845068886e-15,"51478","HSD17B7"
"ENSG00000132205",247.228897791864,-1.43889943850189,0.205844885084234,-6.99021225576274,2.74470676503432e-12,5.77367084333556e-11,"84034","EMILIN2"
"ENSG00000132329",40.5270121898721,1.39450037302212,0.276536621005985,5.04273310330184,4.58929162615148e-07,3.44302982750405e-06,"10267","RAMP1"
"ENSG00000132357",186.568218399727,-1.45316711379146,0.200242557761271,-7.25703431896793,3.95669343910136e-13,9.65299326054446e-12,"84674","CARD6"
"ENSG00000132376",270.099336570051,-1.10236167725704,0.139088445719613,-7.92561647772874,2.27017241775067e-15,8.24183714964642e-14,"51763","INPP5K"
"ENSG00000132386",1719.62343494087,-1.59774877110211,0.245019700378448,-6.52089921191764,6.98871358848563e-11,1.13881373088456e-09,"5176","SERPINF1"
"ENSG00000132465",2736.30767634723,-1.00963065732388,0.364896053394401,-2.76689936197424,0.00565922222374898,0.0154524670056333,"3512","JCHAIN"
"ENSG00000132561",579.964681217618,-2.07403728711428,0.215737662962884,-9.61370054087913,6.99874457746378e-22,6.93409968480171e-20,"4147","MATN2"
"ENSG00000132622",146.642604339034,-1.79236934150762,0.205658962335572,-8.71525034043021,2.90116864636272e-18,1.66611804695317e-16,"116835","HSPA12B"
"ENSG00000132677",8.35137853173331,1.66759669348453,0.501612997479287,3.32446866780678,0.000885871869906439,0.00303851242059082,"57127","RHBG"
"ENSG00000132688",617.588308978659,-1.36987252949393,0.173717463226993,-7.88563512295794,3.12939760358109e-15,1.10370792111084e-13,"10763","NES"
"ENSG00000132698",200.797201408579,2.5452373966194,0.417166617233645,6.10124897696181,1.05242822458301e-09,1.37143232197419e-08,"57111","RAB25"
"ENSG00000132704",14.5411704559849,1.23310097899223,0.372852021898275,3.30721279909984,0.000942292808499421,0.00320787366859383,"79368","FCRL2"
"ENSG00000132749",154.497894021952,2.26452636966321,0.285629986494102,7.9281814821287,2.22378174278043e-15,8.09606261978884e-14,"9633","TESMIN"
"ENSG00000132837",91.4581730312215,-1.99951154937401,0.242870633002464,-8.23282553619287,1.82848403242459e-16,8.0040115537399e-15,"29958","DMGDH"
"ENSG00000132840",190.978434737748,-2.92493859378288,0.308586390655372,-9.47850806891039,2.57944531113386e-21,2.30093613011728e-19,"23743","BHMT2"
"ENSG00000132849",2015.20739555544,1.2179771561111,0.212404311616349,5.7342393233102,9.79509436220395e-09,1.05458755476603e-07,"10207","PATJ"
"ENSG00000132854",176.671473402714,-1.78212695241536,0.262601753079984,-6.7864244298192,1.14946669143835e-11,2.1653016238285e-10,"163782","KANK4"
"ENSG00000132970",330.36490505224,-2.93780178218761,0.286190888326682,-10.2651827923821,1.01129268706152e-24,1.70461919290539e-22,"10810","WASF3"
"ENSG00000132972",12.4709250017209,-1.08844574874668,0.423012300704214,-2.57308297402861,0.0100797039216663,0.0253634116322812,"56163","RNF17"
"ENSG00000132975",7.94906580007497,-2.32616941468983,0.553619251701874,-4.20174950119416,2.6486012072174e-05,0.000135232868089987,"2835","GPR12"
"ENSG00000133027",136.890024718185,-1.55879774446441,0.208836782744491,-7.46419152784774,8.38126159568755e-14,2.32685335295035e-12,"10400","PEMT"
"ENSG00000133110",7937.18598956626,1.67501730978325,0.179519418572181,9.33056336247971,1.05309654785572e-20,8.78538053764649e-19,"10631","POSTN"
"ENSG00000133116",70.3371888391362,-2.22298885626374,0.259889050798444,-8.55360720058871,1.19300395637596e-17,6.2943082722779e-16,"9365","KL"
"ENSG00000133195",390.86382673773,1.01834538043072,0.180809042879609,5.63215956576233,1.77966905525832e-08,1.81519250830631e-07,"201266","SLC39A11"
"ENSG00000133256",46.5446075421521,1.1221228288748,0.229826370083998,4.88248075477449,1.04759466449408e-06,7.28461352824467e-06,"5158","PDE6B"
"ENSG00000133317",205.804237479108,-4.43795772356763,0.477582219187375,-9.29255224601743,1.50632155751102e-20,1.23347302807164e-18,"85329","LGALS12"
"ENSG00000133321",332.036991666196,1.81145716079411,0.250124223260171,7.24223002947576,4.41366413367916e-13,1.06974690552795e-11,"5920","PLAAT4"
"ENSG00000133328",16.3440363080551,1.28016796207882,0.304056826546986,4.21029179517859,2.55041069436167e-05,0.000130682117655429,"54979","PLAAT2"
"ENSG00000133392",1918.97448889017,-2.75928746071886,0.287817519245455,-9.58693365140745,9.07417150214224e-22,8.72397569824475e-20,"4629","MYH11"
"ENSG00000133401",1623.97890460701,-2.38691344710307,0.233580116836354,-10.2188211883434,1.63314761781301e-24,2.56928762807212e-22,"23037","PDZD2"
"ENSG00000133466",151.685501077694,1.25678946373165,0.176332802727145,7.12737190298274,1.02303404974466e-12,2.32336482471933e-11,"114904","C1QTNF6"
"ENSG00000133561",425.158236332743,-1.67881075986991,0.191942744722623,-8.7464142616902,2.20239475550999e-18,1.27611078266805e-16,"474344","GIMAP6"
"ENSG00000133574",270.888839726672,-1.14835976376235,0.199059497794669,-5.76892726287741,7.97777261643728e-09,8.72312643544561e-08,"55303","GIMAP4"
"ENSG00000133665",7.48830641681035,1.8399520885791,0.470020360351238,3.91462209680478,9.05459102958354e-05,0.000401707526826063,"84332","DYDC2"
"ENSG00000133687",1016.95067895246,-2.16263856535483,0.279052283050707,-7.74994041156746,9.19356803730624e-15,2.99431165762102e-13,"83857","TMTC1"
"ENSG00000133740",100.462553870138,1.27023878553513,0.203287689912017,6.24847862693943,4.14469926298774e-10,5.77809363419097e-09,"1875","E2F5"
"ENSG00000133800",629.05777097069,-3.66309798040133,0.34639084447629,-10.5750427264889,3.89000151520181e-26,8.34517845715773e-24,"10894","LYVE1"
"ENSG00000133816",711.632707626072,1.20106100416254,0.16173170510198,7.42625574500195,1.11714901354139e-13,3.03336339890246e-12,"9645","MICAL2"
"ENSG00000133818",194.75920450202,-1.28654240009228,0.194750191068802,-6.6061162406653,3.94533151658926e-11,6.71120022985741e-10,"22800","RRAS2"
"ENSG00000133937",21.5435835158405,-1.10526763089349,0.259534539825751,-4.25865332466175,2.05662133879092e-05,0.000107937276005529,"145258","GSC"
"ENSG00000133985",120.24964360884,1.55934809570057,0.260608104610399,5.98349808818013,2.1839560174722e-09,2.65283716900062e-08,"23508","TTC9"
"ENSG00000134030",573.733587751239,-1.51137697753368,0.206336961982533,-7.32479999226523,2.39255275466957e-13,6.0888121966385e-12,"9811","CTIF"
"ENSG00000134042",13.5409677987187,-1.01630322680807,0.295704336546293,-3.43688982947657,0.000588434898760992,0.00212294553190241,"83876","MRO"
"ENSG00000134057",116.533949452506,1.69025958860244,0.22635436407789,7.46731610626608,8.18469887779733e-14,2.27471534764307e-12,"891","CCNB1"
"ENSG00000134072",104.266452503972,-1.41959339776199,0.184233033322923,-7.70542270383036,1.30410893297048e-14,4.13839360416231e-13,"8536","CAMK1"
"ENSG00000134107",1449.12794824999,1.28090137919227,0.177397813530429,7.22050263022296,5.17957680666495e-13,1.24351700762122e-11,"8553","BHLHE40"
"ENSG00000134121",420.705794554186,-2.27979345548977,0.280220403274906,-8.13571541845657,4.0951275560191e-16,1.68464851187233e-14,"10752","CHL1"
"ENSG00000134138",173.318642991611,-1.1251232979809,0.168762580146856,-6.66690031049433,2.61262422485011e-11,4.61664395021506e-10,"4212","MEIS2"
"ENSG00000134201",79.0139757903246,-2.2634664545849,0.331909985799115,-6.81951900041611,9.13458325064433e-12,1.75771320993496e-10,"2949","GSTM5"
"ENSG00000134207",8.65840632579351,1.14973452948836,0.436298557057991,2.63520131086645,0.00840873958604601,0.0216993798761887,"148281","SYT6"
"ENSG00000134215",1145.36569385192,1.87353685567296,0.24030009053194,7.79665480577059,6.35698248510957e-15,2.11828692360044e-13,"10451","VAV3"
"ENSG00000134222",30.1770925259461,1.36951634682811,0.268846631953117,5.09404316088637,3.50506916561114e-07,2.69344539375175e-06,"84722","PSRC1"
"ENSG00000134253",106.661229689976,1.12932004442453,0.176389522362996,6.40242135301258,1.52931911182598e-10,2.32424271105262e-09,"80263","TRIM45"
"ENSG00000134258",498.597437206426,1.24728565170721,0.456732355142161,2.7308896286075,0.00631636211153619,0.0170189046804294,"79679","VTCN1"
"ENSG00000134318",1453.47677335971,-1.07340440711953,0.160752832071462,-6.67735923086167,2.43286102877394e-11,4.32845829917162e-10,"9475","ROCK2"
"ENSG00000134324",543.528995169812,-1.08188690752513,0.121195213898796,-8.92681214646442,4.38461075479393e-19,2.86689486077937e-17,"23175","LPIN1"
"ENSG00000134339",289.555376550528,-3.66239579829308,0.358120677941126,-10.2267085479358,1.50549408602387e-24,2.412321943519e-22,"6289","SAA2"
"ENSG00000134343",56.1468482951514,-2.77661088306872,0.372424415935185,-7.45550174549228,8.95264695136502e-14,2.46701496351946e-12,"63982","ANO3"
"ENSG00000134443",10.1424459980283,2.25944226234342,0.405905494609713,5.56642443215981,2.60019465011177e-08,2.55472568991678e-07,"2922","GRP"
"ENSG00000134463",236.799174862764,-2.06006454505974,0.216309885812657,-9.52367265749444,1.67164443286617e-21,1.53330551902262e-19,"79746","ECHDC3"
"ENSG00000134470",69.2559761016246,-1.13140780981509,0.135487549406491,-8.3506404446111,6.78938084506581e-17,3.14151065911263e-15,"3601","IL15RA"
"ENSG00000134531",2879.49746482704,-1.60129029780579,0.237788478225518,-6.73409540174242,1.64952925520289e-11,3.03032416182284e-10,"2012","EMP1"
"ENSG00000134532",205.429814388999,-1.80390335944763,0.24364522256285,-7.40381174099277,1.32329990838059e-13,3.54491424372995e-12,"6660","SOX5"
"ENSG00000134548",319.609977672495,-4.85920879699137,0.498114371000788,-9.75520699639418,1.75242805428325e-22,1.94399689884977e-20,"80763","SPX"
"ENSG00000134569",88.69334549718,-1.10682866728339,0.174626610423709,-6.33825889764345,2.32376119258044e-10,3.40984697778424e-09,"4038","LRP4"
"ENSG00000134690",25.7789057914931,1.49924781855179,0.261210554107205,5.7396142497997,9.4892448109135e-09,1.02420713846858e-07,"55143","CDCA8"
"ENSG00000134709",365.448176061739,1.8251100597313,0.316075651660441,5.77428235975611,7.7281748124995e-09,8.48954556846644e-08,"51361","HOOK1"
"ENSG00000134757",92.2524732299956,-1.06732283481664,0.339372142215163,-3.14499247890521,0.00166091099863655,0.0052978529986001,"1830","DSG3"
"ENSG00000134760",26.4963400836428,-2.13946921052899,0.526861401107821,-4.06078184135404,4.89086564676957e-05,0.000232695971292369,"1828","DSG1"
"ENSG00000134817",225.491711277452,-1.14116788783217,0.246888688414066,-4.62219591817945,3.79699152670816e-06,2.34895867612704e-05,"187","APLNR"
"ENSG00000134830",107.407074480437,1.67724997449195,0.218415101867179,7.67918500210623,1.60103881397659e-14,5.01929535425173e-13,"27202","C5AR2"
"ENSG00000134853",922.93329338021,-1.2377492414372,0.197402401337924,-6.27018330601942,3.60623310393338e-10,5.10417660370244e-09,"5156","PDGFRA"
"ENSG00000134871",4943.48457084585,-1.43029280562088,0.202773525387604,-7.05364668729241,1.74288588709624e-12,3.77960165891764e-11,"1284","COL4A2"
"ENSG00000134962",405.22096251443,-4.26730502532631,0.402003781078501,-10.6150867881838,2.53558691680478e-26,5.82466948552375e-24,"152831","KLB"
"ENSG00000135046",2259.96428161936,-2.22809738519065,0.242761582262749,-9.17813009959337,4.38641864243948e-20,3.36871760711373e-18,"301","ANXA1"
"ENSG00000135047",993.272829353317,-1.3676009040184,0.186019496175691,-7.35192241745853,1.95376205829183e-13,5.0868360590912e-12,"1514","CTSL"
"ENSG00000135052",814.584433578843,1.82306058921438,0.212640308448426,8.57344782142538,1.00432045224316e-17,5.35321361382502e-16,"51280","GOLM1"
"ENSG00000135063",163.981100576048,-1.03843725648742,0.28236223533222,-3.67767755934365,0.000235367227866915,0.00094503673642218,"9413","ENTREP1"
"ENSG00000135069",32.5162247838248,-2.0307795473247,0.314616110678136,-6.4547856209508,1.08372203204562e-10,1.6956754977601e-09,"29968","PSAT1"
"ENSG00000135094",32.1275762635991,2.51039892203523,0.306825602761465,8.18184303865568,2.79535021102856e-16,1.18758921076725e-14,"10993","SDS"
"ENSG00000135100",7.36101478853348,2.26107202896762,0.491104411433814,4.60405562712471,4.14341711893269e-06,2.54447176657806e-05,"6927","HNF1A"
"ENSG00000135119",47.3937038399798,1.07274039224482,0.216582067940939,4.95304344650249,7.30616537696275e-07,5.23904532749169e-06,"84900","RNFT2"
"ENSG00000135127",80.4224864118972,2.25873979053245,0.301562563735066,7.49012000215264,6.88106702881615e-14,1.94573788599139e-12,"92558","BICDL1"
"ENSG00000135144",147.037715947817,-2.17201007628316,0.209854097670783,-10.3500960924317,4.18065992489998e-25,7.58892100213662e-23,"1840","DTX1"
"ENSG00000135218",10023.7221193254,-4.23567735831579,0.375293546762279,-11.2863048002229,1.53349007566947e-29,6.52562875151282e-27,"948","CD36"
"ENSG00000135248",4.89284010562654,1.72551057704322,0.516144948951594,3.34307364733127,0.000828559069761603,0.00286808058846135,"84691","GARIN1B"
"ENSG00000135272",963.67654907508,-1.27107425280099,0.200138280596296,-6.35098017737499,2.13947280153132e-10,3.16627337412486e-09,"29969","MDFIC"
"ENSG00000135298",33.9249581710826,-1.54319024603528,0.310566286712657,-4.96895610392855,6.73143048967356e-07,4.87948820583486e-06,"577","ADGRB3"
"ENSG00000135318",239.08272115046,-1.01113483643932,0.23160855406362,-4.36570592363173,1.26712862663548e-05,6.98643264447828e-05,"4907","NT5E"
"ENSG00000135363",124.671152842227,-1.09411222297933,0.185850855968645,-5.8870443037611,3.93163347646803e-09,4.57861560260912e-08,"4005","LMO2"
"ENSG00000135373",1006.81127083069,1.42425865022043,0.476448459596734,2.98932365407567,0.0027959579097185,0.00833916311390424,"26298","EHF"
"ENSG00000135378",235.559922778717,1.56144360898182,0.254457175227571,6.13637091422303,8.4427906170868e-10,1.11417365957468e-08,"79056","PRRG4"
"ENSG00000135406",31.8692139504004,-1.43519545299271,0.178069075019603,-8.0597681143383,7.64393105011427e-16,2.98377687517092e-14,"5630","PRPH"
"ENSG00000135424",1146.57375045832,-2.76623580122467,0.230405880670604,-12.0059253399846,3.30743704654451e-33,2.96049830531732e-30,"3679","ITGA7"
"ENSG00000135437",66.2844359180144,-2.89009394629676,0.262686862988318,-11.002049791981,3.73542839404603e-28,1.21205312815809e-25,"5959","RDH5"
"ENSG00000135447",474.985587336045,-4.14927627850496,0.341599463009502,-12.1466124154579,5.97920893533397e-34,6.46701273097496e-31,"5502","PPP1R1A"
"ENSG00000135476",60.1868931360106,2.05446080823991,0.323038826080848,6.35979530127976,2.0202279058245e-10,3.01039471753114e-09,"9700","ESPL1"
"ENSG00000135525",327.73865255959,1.03967257939789,0.18671970692412,5.56809239112823,2.57543264412888e-08,2.53461308504862e-07,"9053","MAP7"
"ENSG00000135549",334.304010172027,2.23414714357972,0.330509424058478,6.75970783569678,1.38270280838279e-11,2.56923403722265e-10,"5570","PKIB"
"ENSG00000135604",99.9274052392045,-2.3135019512991,0.299145843324308,-7.73369245445607,1.0447124018387e-14,3.36877571763092e-13,"8676","STX11"
"ENSG00000135638",6.42347711209038,1.66576736974735,0.543759387069864,3.06342733451207,0.00218817340252912,0.00674831949422012,"2016","EMX1"
"ENSG00000135678",794.490526626736,-2.24380542021489,0.251871292122388,-8.90853975976185,5.1709091555502e-19,3.32243712524188e-17,"1368","CPM"
"ENSG00000135773",31.7624935936788,2.64719595513257,0.38583421808803,6.86096730417157,6.8395818073516e-12,1.34910231424949e-10,"10753","CAPN9"
"ENSG00000135862",3399.05857605208,-1.50467669863787,0.208355699146025,-7.22167286426529,5.13518888433422e-13,1.23539604318394e-11,"3915","LAMC1"
"ENSG00000135903",15.1498074280922,-1.96902509770563,0.529559221589713,-3.71823399051517,0.000200620400278317,0.000817890138073913,"5077","PAX3"
"ENSG00000135917",1041.1490251079,-4.35278947837865,0.4374626078406,-9.9500835051134,2.51971692643822e-23,3.1597493708446e-21,"80704","SLC19A3"
"ENSG00000135926",974.138118016184,-1.55075937802424,0.162174690416977,-9.56227740615376,1.15193442842872e-21,1.08734232338737e-19,"64114","TMBIM1"
"ENSG00000135931",270.941231447211,1.25544897215417,0.193340975405304,6.49344490748715,8.38954549831175e-11,1.34512552220615e-09,"80210","ARMC9"
"ENSG00000136002",73.7618288764058,-1.19013454978225,0.170744218009909,-6.97027731687632,3.16316836514674e-12,6.57402117073492e-11,"50649","ARHGEF4"
"ENSG00000136011",47.5971555437249,-1.1176759794442,0.291952707057439,-3.82827749983598,0.000129043215029181,0.000552300704983922,"55576","STAB2"
"ENSG00000136014",21.738938592696,-1.51976454574599,0.359288332442095,-4.2299301383268,2.33763897306477e-05,0.000120829216373587,"84101","USP44"
"ENSG00000136040",430.2073523855,1.07465295548986,0.154896329815798,6.93788520856393,3.98012907230701e-12,8.19319511966259e-11,"10154","PLXNC1"
"ENSG00000136114",112.886688289603,-1.33448273237782,0.162825260103711,-8.1957967180757,2.48938735673078e-16,1.06809119018211e-14,"55901","THSD1"
"ENSG00000136158",243.504098760532,-1.78763072223774,0.176753685035294,-10.1136829021742,4.8043531665511e-24,6.85227469765569e-22,"10253","SPRY2"
"ENSG00000136160",356.94603215621,-2.15454139939575,0.265729060488079,-8.10803829825155,5.1443524309882e-16,2.07678227688323e-14,"1910","EDNRB"
"ENSG00000136244",46.5592065822134,-1.60617190426292,0.39160293602879,-4.10153182341011,4.10424046933209e-05,0.00019917344195723,"3569","IL6"
"ENSG00000136267",16.2913205078489,-1.12863396418071,0.391787511689961,-2.88072981017795,0.00396755595183084,0.0113237842108439,"1607","DGKB"
"ENSG00000136274",33.0923427393748,-1.2049427151193,0.246380974898847,-4.8905672023337,1.00545823136843e-06,7.01227425305261e-06,"23148","NACAD"
"ENSG00000136379",122.835023721959,1.2923589749932,0.240112313486824,5.38231028732358,7.35358622049503e-08,6.57995143438849e-07,"58489","ABHD17C"
"ENSG00000136383",458.332062040895,-1.59093426781797,0.212648878117119,-7.48150792943166,7.34746052243211e-14,2.06189600260857e-12,"57538","ALPK3"
"ENSG00000136425",22.1789735160233,-1.44461774702429,0.253759321893294,-5.6928657290145,1.24924627817242e-08,1.31820873531706e-07,"10518","CIB2"
"ENSG00000136457",62.7481673893243,2.15371657362388,0.453748667073082,4.74649675009844,2.0697004852747e-06,1.35022078906159e-05,"1101","CHAD"
"ENSG00000136492",87.9611398179897,1.33834750261431,0.232602690837395,5.75379200385049,8.72635134908236e-09,9.46984232104849e-08,"83990","BRIP1"
"ENSG00000136531",59.2096659620571,-1.20641513410418,0.362549631662096,-3.32758615302796,0.00087601897322166,0.00301068456333746,"6326","SCN2A"
"ENSG00000136542",227.080334412841,2.27737692104608,0.326650931726917,6.97189782685203,3.12693628553942e-12,6.50914291098896e-11,"11227","GALNT5"
"ENSG00000136573",16.3288567657471,1.98217953907014,0.436968558829783,4.53620632197998,5.72751507258113e-06,3.41388831811851e-05,"640","BLK"
"ENSG00000136689",42.7663423891223,1.02452312349202,0.260866006489874,3.92739221670795,8.58718829239035e-05,0.000383132062038276,"3557","IL1RN"
"ENSG00000136698",4.94185394292704,-1.01924432191819,0.366154464720906,-2.78364575642983,0.00537517050533289,0.0147868456949376,"55997","CFC1"
"ENSG00000136698",4.94185394292704,-1.01924432191819,0.366154464720906,-2.78364575642983,0.00537517050533289,0.0147868456949376,"653275","CFC1B"
"ENSG00000136717",241.523312145127,-1.4942314201337,0.14363521533625,-10.4029601420216,2.40348493127226e-25,4.52098998883806e-23,"274","BIN1"
"ENSG00000136732",321.07398621356,-2.35914838582521,0.221028193854071,-10.6735179104924,1.35400930268638e-26,3.37955514222433e-24,"2995","GYPC"
"ENSG00000136750",26.2935469773805,-1.00839708405544,0.288116343677924,-3.49996487940542,0.000465319460108915,0.00172949062793632,"2572","GAD2"
"ENSG00000136770",472.642719095762,1.11807610252284,0.202607964499333,5.51842127867843,3.42058636672231e-08,3.27886192420154e-07,"64215","DNAJC1"
"ENSG00000136826",685.949518785151,-1.93895694143794,0.260706364492281,-7.4373210842551,1.02747602189467e-13,2.81639097955034e-12,"9314","KLF4"
"ENSG00000136842",79.3206017381743,-2.39780969798401,0.262643316175982,-9.1295287193883,6.87981311149611e-20,5.14657604461718e-18,"7111","TMOD1"
"ENSG00000136854",215.270667568806,-1.563407206898,0.175359089017386,-8.91546150050421,4.85788773056923e-19,3.15418540195154e-17,"6812","STXBP1"
"ENSG00000136859",948.8442729566,-1.96815900353169,0.254861377088901,-7.72246868479076,1.14097957068559e-14,3.65648736985883e-13,"23452","ANGPTL2"
"ENSG00000136869",527.581400475178,-1.4038014639289,0.172960072765702,-8.11633252392616,4.80483021149931e-16,1.94861971094497e-14,"7099","TLR4"
"ENSG00000136872",3.05743071376556,-2.12080858137915,0.680536666086419,-3.11637665840305,0.00183088253356545,0.00576772436969562,"229","ALDOB"
"ENSG00000136883",222.304393432117,2.16310042927279,0.413199415094946,5.23500360903403,1.64981639992055e-07,1.36693054928623e-06,"113220","KIF12"
"ENSG00000136944",243.340043952501,1.96307339761378,0.375880121068846,5.22260499446371,1.76423464290669e-07,1.45153733314015e-06,"4010","LMX1B"
"ENSG00000136960",756.141973844556,-2.56756907856088,0.28251289493351,-9.08832525738394,1.00576269447712e-19,7.35425014739075e-18,"5168","ENPP2"
"ENSG00000136999",94.6415810021712,-1.15357699164863,0.301793284354237,-3.82240775873127,0.000132154920348662,0.00056385230480121,"4856","CCN3"
"ENSG00000137033",376.054963778218,-2.35988516608788,0.304363187891536,-7.75351704795803,8.93817844541487e-15,2.9184557998249e-13,"90865","IL33"
"ENSG00000137070",92.1152167737044,-1.18213792012878,0.164398796043271,-7.19067261184582,6.44729102851276e-13,1.5200615850875e-11,"3590","IL11RA"
"ENSG00000137076",4676.16867716296,-1.15968635172684,0.137623376040295,-8.42652160623706,3.56092087373875e-17,1.72131068976742e-15,"7094","TLN1"
"ENSG00000137077",64.8916557879622,-1.15868882328749,0.28700211689013,-4.03721350853678,5.40898377666888e-05,0.00025463620035323,"6366","CCL21"
"ENSG00000137135",19.1272530784643,1.89428045350561,0.317530773310334,5.96565943438263,2.43648005512792e-09,2.9294186786017e-08,"84904","ARHGEF39"
"ENSG00000137193",174.295950301153,-1.11465469337576,0.230126618828977,-4.843658239311,1.27470114218645e-06,8.71443040528728e-06,"5292","PIM1"
"ENSG00000137203",580.211311073332,2.15600815527891,0.441579930823392,4.88248673633947,1.0475628768495e-06,7.28461352824467e-06,"7020","TFAP2A"
"ENSG00000137225",29.9537999440455,-1.48664783017743,0.225915110920282,-6.58055950361821,4.68681214376398e-11,7.85523706378847e-10,"11131","CAPN11"
"ENSG00000137267",124.872887037026,-1.15846958783483,0.223451991307406,-5.18442275254156,2.16684930218979e-07,1.7349498515189e-06,"7280","TUBB2A"
"ENSG00000137269",301.549582005737,1.06663296155749,0.173436087474138,6.1500059018371,7.74800637792669e-10,1.02823491594183e-08,"55227","LRRC1"
"ENSG00000137285",31.7645040919095,-1.51793387656349,0.244185804048874,-6.21630680979177,5.08992360179504e-10,6.98700353545192e-09,"347733","TUBB2B"
"ENSG00000137309",179.698253003917,1.11124960974515,0.20459868986678,5.431362294982,5.59254628786975e-08,5.12972849966512e-07,"3159","HMGA1"
"ENSG00000137331",277.217099924545,1.47018453494737,0.254745057114953,5.77119945563441,7.87092419758366e-09,8.62810178719918e-08,"8870","IER3"
"ENSG00000137441",26.2636449367383,-3.58913427039219,0.414362361073036,-8.66182502942047,4.64270590818083e-18,2.56962387984132e-16,"83888","FGFBP2"
"ENSG00000137460",155.02179719271,1.19775445432892,0.223246714770498,5.36516049322489,8.08772724076836e-08,7.17257341017647e-07,"85462","FHDC1"
"ENSG00000137501",1643.27609261428,1.36236142609363,0.229722873117564,5.93045615181914,3.02094251059759e-09,3.57744642746772e-08,"54843","SYTL2"
"ENSG00000137571",18.4724209551575,1.07443773150206,0.365167860046996,2.942311876417,0.00325771654161827,0.00952295112469898,"81796","SLCO5A1"
"ENSG00000137573",1970.34102577384,1.48747853327814,0.240515159988655,6.18455208124221,6.22790499312173e-10,8.40249260974292e-09,"23213","SULF1"
"ENSG00000137672",105.952797930677,-1.18162761842165,0.195729047230028,-6.03705804091997,1.56949283212264e-09,1.96625940811967e-08,"7225","TRPC6"
"ENSG00000137713",846.152201819641,-1.67446980907688,0.211441585825249,-7.91930216821578,2.38847258632148e-15,8.63509350915502e-14,"5519","PPP2R1B"
"ENSG00000137726",100.337365452218,-1.34094503211859,0.186774756238665,-7.17947681540595,6.99786885116845e-13,1.6379682564349e-11,"53826","FXYD6"
"ENSG00000137727",208.338551883052,-2.46046490252277,0.232640895604415,-10.5762355158165,3.84081346249668e-26,8.33271547550687e-24,"57569","ARHGAP20"
"ENSG00000137731",13.4075716292621,-1.32043476844945,0.342829862198877,-3.85157453898651,0.000117360795613023,0.000507231358561638,"486","FXYD2"
"ENSG00000137745",84.5576110120483,5.06408991224882,0.480959706905247,10.5291354754724,6.34141952399329e-26,1.32750458067595e-23,"4322","MMP13"
"ENSG00000137766",21.9818267847017,-1.11944290221949,0.37313438530082,-3.00010652011339,0.00269885205211355,0.00809343825886825,"440279","UNC13C"
"ENSG00000137804",117.639456044627,2.09492875594256,0.264835940749707,7.91028872445394,2.56792632269412e-15,9.23244203386342e-14,"51203","NUSAP1"
"ENSG00000137807",92.3765104067048,1.77416872159143,0.24330491028459,7.29195608718381,3.05486743447762e-13,7.60290017873156e-12,"9493","KIF23"
"ENSG00000137812",111.875572619055,1.91557968560017,0.246041794008123,7.78558656395151,6.93905143454905e-15,2.30337464370875e-13,"57082","KNL1"
"ENSG00000137819",51.7506358165696,1.47454024378805,0.318898329465093,4.62385690844283,3.76669754992174e-06,2.33355453462693e-05,"54852","PAQR5"
"ENSG00000137825",5.53232347608601,1.22481032081813,0.372020171153243,3.29232234107437,0.000993636541156014,0.00336720852941616,"3706","ITPKA"
"ENSG00000137834",71.2055699188095,-1.22366021762874,0.175820678673014,-6.95970591664288,3.40983780435938e-12,7.0527944004431e-11,"4091","SMAD6"
"ENSG00000137843",18.5768989242133,1.96840176434664,0.400314185474703,4.9171421742461,8.7816774567875e-07,6.18769770421525e-06,"56924","PAK6"
"ENSG00000137843",18.5768989242133,1.96840176434664,0.400314185474703,4.9171421742461,8.7816774567875e-07,6.18769770421525e-06,"106821730","BUB1B-PAK6"
"ENSG00000137878",17.9664170534166,-2.37942249808212,0.374851507985571,-6.34764019189622,2.1864270832864e-10,3.23023757700332e-09,"145781","GCOM1"
"ENSG00000137941",221.596191761029,-1.32982663514375,0.247900576165022,-5.36435475752388,8.12390984468897e-08,7.20220122091654e-07,"79739","TTLL7"
"ENSG00000137948",8.02798699381393,1.71218133411415,0.595417369809187,2.87559856485687,0.00403262218704765,0.011491800058336,"676","BRDT"
"ENSG00000137960",67.6297217893338,-2.19162081066525,0.260834438517068,-8.40234450299335,4.37651668572804e-17,2.09218453274638e-15,"54810","GIPC2"
"ENSG00000137968",125.614644896708,1.71491299168759,0.393730082529478,4.35555490367998,1.32730241474253e-05,7.27801353652018e-05,"204962","SLC44A5"
"ENSG00000138039",31.4353413251016,-2.48241594108204,0.365908396026143,-6.78425520715487,1.16686902237534e-11,2.19489754223326e-10,"3973","LHCGR"
"ENSG00000138131",89.2663129588927,-1.73093602118033,0.19659505284663,-8.8045756803997,1.31348542887113e-18,7.89246638023998e-17,"84171","LOXL4"
"ENSG00000138160",131.64273170465,1.86958980110176,0.255921558029767,7.30532361359061,2.76600212347089e-13,6.93049064875071e-12,"3832","KIF11"
"ENSG00000138180",43.1244334451701,1.97003406068117,0.288448355477187,6.82976353746961,8.50547117443132e-12,1.64642073636009e-10,"55165","CEP55"
"ENSG00000138193",224.259525809115,-1.08151322549871,0.135370097845605,-7.98930666898254,1.35699750075508e-15,5.14232717147451e-14,"51196","PLCE1"
"ENSG00000138207",790.539848590686,-4.83580932538922,0.447306538272559,-10.8109515771098,3.05484606123253e-27,8.52663376962087e-25,"5950","RBP4"
"ENSG00000138316",82.5927864121107,2.52408500077208,0.311373115531195,8.10630357879822,5.21829684431676e-16,2.1001015423996e-14,"140766","ADAMTS14"
"ENSG00000138356",252.829971495027,-1.93119745170801,0.271851198125088,-7.10387691879658,1.21304897443879e-12,2.71919907413491e-11,"316","AOX1"
"ENSG00000138376",243.805876302566,1.0316092919811,0.150960646215859,6.83363060400522,8.27920501423296e-12,1.60621527473437e-10,"580","BARD1"
"ENSG00000138413",875.640248104712,-1.02685622669817,0.167975985807292,-6.113113262965,9.77059721497563e-10,1.27899728949237e-08,"3417","IDH1"
"ENSG00000138640",917.116330646204,-2.17182029215899,0.188038103444819,-11.5498946882132,7.39109471406419e-31,4.22773318827886e-28,"10144","FAM13A"
"ENSG00000138678",65.2787957944356,-1.69924746718295,0.264901890809581,-6.41462943880768,1.41165806391897e-10,2.15932940619968e-09,"84803","GPAT3"
"ENSG00000138685",727.827808958365,-2.91007795523067,0.326438477753727,-8.91462910639505,4.89451752765468e-19,3.16837620904888e-17,"2247","FGF2"
"ENSG00000138696",2216.89255714469,4.00212744555864,0.497490440576375,8.04463185447727,8.65050764579143e-16,3.35650041060469e-14,"658","BMPR1B"
"ENSG00000138722",217.761972108979,-1.73172938103704,0.286069286413553,-6.05353130616612,1.41704517657012e-09,1.79841689773229e-08,"22915","MMRN1"
"ENSG00000138735",545.046882089561,-1.08256600149926,0.206892574659471,-5.2325029222585,1.67230008540371e-07,1.38335135809144e-06,"8654","PDE5A"
"ENSG00000138755",145.167612227147,1.79652630907345,0.380881384413895,4.71676060471679,2.39629370244253e-06,1.54926505424665e-05,"4283","CXCL9"
"ENSG00000138758",2252.12461144259,-1.00771006093917,0.223327917510629,-4.51224402292295,6.41453269641538e-06,3.77655794360514e-05,"55752","SEPTIN11"
"ENSG00000138771",1194.67207263649,1.33100532519365,0.31619618977178,4.20942872889874,2.56017183370144e-05,0.000131156385354691,"57619","SHROOM3"
"ENSG00000138772",165.745972606357,-1.38597007777083,0.218070685220217,-6.35560014117084,2.07614442407057e-10,3.08133544654225e-09,"306","ANXA3"
"ENSG00000138778",132.613448361734,1.2419252295951,0.176439581057748,7.03881307215653,1.9388426198319e-12,4.18010604033194e-11,"1062","CENPE"
"ENSG00000138792",263.695126964598,-1.09483049820512,0.19476687096236,-5.62123575121102,1.89596332480653e-08,1.91872966804397e-07,"2028","ENPEP"
"ENSG00000138795",181.044612030765,1.56223078388546,0.184776806040229,8.4546909180005,2.79827588608502e-17,1.38886511378576e-15,"51176","LEF1"
"ENSG00000138796",599.049655350153,-1.29507883271797,0.18571883276286,-6.9733306711637,3.09523933109975e-12,6.45351185194275e-11,"3033","HADH"
"ENSG00000138829",58.0809820523608,1.75375713356276,0.310185028023164,5.65390645944329,1.56841589472178e-08,1.61623421179786e-07,"2201","FBN2"
"ENSG00000138892",16.8863894764872,-1.24408510376669,0.246716379697742,-5.04257198200968,4.59315883941842e-07,3.44394041460495e-06,"164714","TTLL8"
"ENSG00000138944",23.24539131435,1.25940769388101,0.34550315666191,3.64514091867878,0.000267245323266676,0.00105894582527192,"85352","SHISAL1"
"ENSG00000139044",120.9352102317,1.48948778675692,0.318646981520793,4.67441360859,2.94794693875984e-06,1.87326332035075e-05,"283358","B4GALNT3"
"ENSG00000139055",50.0930040187558,1.28795923044756,0.303428077114745,4.24469364435417,2.18892268572002e-05,0.000114004925914768,"121506","ERP27"
"ENSG00000139112",489.693797684921,-1.82991343142005,0.183881808212085,-9.95157405298878,2.48225511999888e-23,3.1278824468413e-21,"23710","GABARAPL1"
"ENSG00000139117",195.255452634942,-1.08649474350326,0.189126724021895,-5.74479756429067,9.20310210693412e-09,9.94563382563679e-08,"144402","CPNE8"
"ENSG00000139132",659.198723832038,-1.26551914481058,0.128574217384716,-9.84271318583204,7.36960801731018e-23,8.6954674960608e-21,"121512","FGD4"
"ENSG00000139151",53.1861389881372,-2.15927998992482,0.28843742771522,-7.48612968514169,7.09343071976827e-14,1.99925379613186e-12,"89869","PLCZ1"
"ENSG00000139155",21.0176352990239,-1.70597484635373,0.345699212170241,-4.93485315064478,8.02110875077309e-07,5.70443673842652e-06,"53919","SLCO1C1"
"ENSG00000139193",27.0742104192477,1.0608420379639,0.236670683590914,4.48235506767526,7.38237786916232e-06,4.29090382283286e-05,"939","CD27"
"ENSG00000139263",385.715153255644,-1.18823236026255,0.157500303717048,-7.54431789793389,4.54660845889824e-14,1.33056214629178e-12,"121227","LRIG3"
"ENSG00000139304",96.6885557309482,-2.88440436471469,0.382268776496338,-7.54548773549212,4.50597918732812e-14,1.32016035829191e-12,"374462","PTPRQ"
"ENSG00000139330",23.7678466693985,1.16041712986468,0.368970176000724,3.14501606184671,0.00166077711625984,0.0052978529986001,"11081","KERA"
"ENSG00000139410",43.0842013019032,1.30761697716426,0.218567894122234,5.98265807709604,2.19525286428883e-09,2.66406609870077e-08,"113675","SDSL"
"ENSG00000139438",35.09516183894,1.32100193592805,0.298607908443666,4.42386788351679,9.694932139625e-06,5.49478271791235e-05,"84915","FAM222A"
"ENSG00000139567",330.655206382694,-1.57468208944273,0.177513464244714,-8.87077549944004,7.26382615350323e-19,4.56548182306627e-17,"94","ACVRL1"
"ENSG00000139572",6.39285397960847,1.88536071790176,0.438292649843363,4.3016024078331,1.69567372899501e-05,9.07365463971395e-05,"53831","GPR84"
"ENSG00000139618",177.660255027942,1.02337056946357,0.176308118875723,5.80444381114932,6.45800121836378e-09,7.21018475811987e-08,"675","BRCA2"
"ENSG00000139629",1157.31380566993,2.84433722669282,0.354826634936853,8.01613223651888,1.09127018103487e-15,4.17805182290608e-14,"11226","GALNT6"
"ENSG00000139641",1612.96976048369,-1.27929996817169,0.146321001264921,-8.74310561786996,2.26788491710936e-18,1.31113043827004e-16,"23344","ESYT1"
"ENSG00000139714",9.37899865015807,1.61440413266032,0.335189995923072,4.81638519137318,1.46182209075489e-06,9.85353877741247e-06,"283385","MORN3"
"ENSG00000139734",48.6045902852061,1.17534272755828,0.233562946036186,5.03223112871759,4.84804272107255e-07,3.62041118968933e-06,"81624","DIAPH3"
"ENSG00000139737",29.4237338096277,-1.10187550436777,0.251805016413505,-4.37590767674901,1.20928194122314e-05,6.70308362807393e-05,"122060","SLAIN1"
"ENSG00000139835",85.991720344797,1.0590206464543,0.175273786696036,6.04209372329515,1.52127048275374e-09,1.91138137421692e-08,"79774","GRTP1"
"ENSG00000139865",922.887426180638,2.4605924498645,0.389845033538109,6.31171937098427,2.75952284179415e-10,3.98528483833985e-09,"319089","TTC6"
"ENSG00000139874",10.2220939934997,-1.22796599306841,0.368281402907118,-3.33431442200221,0.000855099384918108,0.00294776491815461,"6751","SSTR1"
"ENSG00000139910",566.729608133329,-1.07054431091574,0.308878905303503,-3.46590295592971,0.000528453983057395,0.00193669469041421,"4857","NOVA1"
"ENSG00000139946",216.831339166865,-1.32189940498917,0.191055727016741,-6.91892059782819,4.55097838550768e-12,9.27270776538527e-11,"57161","PELI2"
"ENSG00000139998",122.960796721154,1.16865796543007,0.260104264524325,4.49303654273912,7.02147303410206e-06,4.09856975532317e-05,"376267","RAB15"
"ENSG00000140009",41.026416402989,-2.26199307065952,0.36416229051368,-6.21149726257708,5.2482105504725e-10,7.17016049837711e-09,"2100","ESR2"
"ENSG00000140092",454.96833970551,-2.07236133843585,0.235909574051805,-8.78455801026863,1.56980551974396e-18,9.19842250147038e-17,"10516","FBLN5"
"ENSG00000140104",124.313272320254,1.09675622740893,0.171590468972269,6.39170831560685,1.64042599857448e-10,2.47139745043508e-09,"122616","CLBA1"
"ENSG00000140263",245.775322360087,1.60901755108953,0.208795276761137,7.70619707518698,1.29622407151401e-14,4.12341696201561e-13,"6652","SORD"
"ENSG00000140285",273.934275278099,-1.40929709749583,0.249616348835222,-5.64585254159834,1.64364682383997e-08,1.68772880748567e-07,"2252","FGF7"
"ENSG00000140391",1480.50322824774,-1.30465216313341,0.211187402799887,-6.17769879186236,6.50426525063165e-10,8.74846631777641e-09,"10099","TSPAN3"
"ENSG00000140459",24.361744759724,-1.1980267198583,0.261377546067877,-4.583510473188,4.57233971471814e-06,2.78612193226886e-05,"1583","CYP11A1"
"ENSG00000140479",410.37473933718,1.34015474028196,0.213565325872302,6.27515133745674,3.49294377041719e-10,4.95192978659145e-09,"5046","PCSK6"
"ENSG00000140519",3.86879802318956,-1.65977443990315,0.684164097795049,-2.42598880188589,0.0152667413390297,0.036174721285124,"51458","RHCG"
"ENSG00000140534",29.8528273283101,2.07545586013814,0.350980350581727,5.91331069302942,3.3529884889157e-09,3.94367354758829e-08,"90381","TICRR"
"ENSG00000140538",141.105334642127,-1.74940571591378,0.239017964391044,-7.31913904618345,2.49566903794746e-13,6.34501242772187e-12,"4916","NTRK3"
"ENSG00000140545",645.467983830229,-1.29010998101233,0.14444010643684,-8.93179888078016,4.19136943621474e-19,2.75441943861423e-17,"4240","MFGE8"
"ENSG00000140623",4.31140940787378,2.11683406175529,0.474807923979804,4.45829556510377,8.26139364220576e-06,4.74929643335473e-05,"124404","SEPTIN12"
"ENSG00000140678",205.009998659465,1.14706345076322,0.208178859140493,5.50999008976749,3.58853902086722e-08,3.42342138565496e-07,"3687","ITGAX"
"ENSG00000140795",17.9652067548182,-2.08589560875284,0.438400682019056,-4.75796615814154,1.95553272718582e-06,1.28153795840166e-05,"91807","MYLK3"
"ENSG00000140798",28.0367128878183,1.5335160909609,0.463810600738833,3.30634118434995,0.000945229164776099,0.00321702617795437,"94160","ABCC12"
"ENSG00000140832",107.502923727118,1.85067835283723,0.400811376273083,4.61732990227383,3.88709062118136e-06,2.39897998917322e-05,"91862","MARVELD3"
"ENSG00000140848",135.661548321053,-1.48494491022646,0.190004359445206,-7.81532020929599,5.4823479278441e-15,1.84340398330281e-13,"221184","CPNE2"
"ENSG00000140859",189.765184396942,-1.14270766431606,0.17350663056613,-6.58595962925195,4.51956626231059e-11,7.59345637780312e-10,"3801","KIFC3"
"ENSG00000140873",94.7399861554329,-1.63217070124131,0.229823989963513,-7.10182910626708,1.23116415170009e-12,2.75030628656033e-11,"170692","ADAMTS18"
"ENSG00000140876",42.5677317491124,-1.46149219874337,0.184771610684519,-7.90972267508528,2.57962899008836e-15,9.2616887032799e-14,"283927","NUDT7"
"ENSG00000140937",955.075207227067,1.43844362082216,0.185305845073512,7.7625377669632,8.32465705728206e-15,2.72842737238545e-13,"1009","CDH11"
"ENSG00000140945",227.839281468821,-1.57909134937604,0.191771049362428,-8.23425305657956,1.80681400507392e-16,7.92251316616703e-15,"1012","CDH13"
"ENSG00000140986",4.78327476175177,1.49996010346261,0.570832830802358,2.62766964779213,0.00859719613399827,0.0221307038126068,"6123","RPL3L"
"ENSG00000141052",41.459797679413,-2.24807996991123,0.344886185510842,-6.51832420188531,7.10971971335293e-11,1.15635403708782e-09,"93649","MYOCD"
"ENSG00000141198",362.002664769824,1.04410964592157,0.155107269499008,6.73153263089482,1.67885170854074e-11,3.07983269613431e-10,"10040","TOM1L1"
"ENSG00000141255",8.55790615518156,-1.49350245518101,0.385116696089672,-3.87805169276084,0.000105296346951352,0.000459993701474788,"84690","SPATA22"
"ENSG00000141293",87.827805489314,1.54686907872949,0.254311920542475,6.08256614723308,1.18274075487799e-09,1.51912837778936e-08,"8631","SKAP1"
"ENSG00000141294",12.346735267988,1.92807768704831,0.350174528879612,5.50604777913809,3.66978969387913e-08,3.49451213770045e-07,"90506","LRRC46"
"ENSG00000141295",326.360504638133,-1.20056635583954,0.154644247446428,-7.76340779346119,8.26772366045497e-15,2.71319305661302e-13,"90507","SCRN2"
"ENSG00000141337",229.385040672401,1.26088217276201,0.179389155142388,7.02875361535205,2.08386574917872e-12,4.47419248281069e-11,"22901","ARSG"
"ENSG00000141338",1092.96356913322,-2.97782233531055,0.322694458722351,-9.22799340001278,2.7574901871198e-20,2.17760262544823e-18,"10351","ABCA8"
"ENSG00000141404",173.053669138324,-2.27278988005991,0.25157577770939,-9.03421585636649,1.65182424107154e-19,1.16200687397656e-17,"2774","GNAL"
"ENSG00000141424",5676.33345596541,2.05570721910108,0.286960045902099,7.16374020863663,7.85051146657029e-13,1.8227511328196e-11,"25800","SLC39A6"
"ENSG00000141431",37.8338485864181,-1.56295516175915,0.300603007389101,-5.1993996179022,1.9993326614022e-07,1.61778919029546e-06,"80816","ASXL3"
"ENSG00000141441",223.595911130383,-1.15021914393187,0.186881860060558,-6.15479289193261,7.51756708986141e-10,1.00072311035191e-08,"64762","GAREM1"
"ENSG00000141527",125.247707114458,1.51104483672192,0.328138684339139,4.60489698057125,4.12670096844978e-06,2.53540600565727e-05,"79092","CARD14"
"ENSG00000141570",48.8047374219234,1.18636901201231,0.221019029415334,5.3677233817859,7.97367205333386e-08,7.07867917785364e-07,"57332","CBX8"
"ENSG00000141576",109.889326030858,-1.89946147762425,0.261113122705167,-7.27447727615363,3.47764407501847e-13,8.59739856184091e-12,"114804","RNF157"
"ENSG00000141582",182.44017463842,1.23710490813401,0.204598315979566,6.04650581902916,1.48020888828347e-09,1.86520690883798e-08,"8535","CBX4"
"ENSG00000141668",40.5876092061461,1.96765603917718,0.694187877783412,2.83447190904577,0.00459014932618248,0.0128853786318855,"147381","CBLN2"
"ENSG00000141682",86.1553270144749,1.68830430593603,0.286593321980548,5.89094084352258,3.84003011725515e-09,4.48199198667757e-08,"5366","PMAIP1"
"ENSG00000141696",133.53338322776,1.25237308019223,0.159480845322726,7.85281190137865,4.06811569863483e-15,1.40239239449088e-13,"10609","P3H4"
"ENSG00000141736",1332.32604489801,1.08421626124979,0.229222984535236,4.72996311189347,2.24560636208216e-06,1.45801525630137e-05,"2064","ERBB2"
"ENSG00000141738",96.1657673415055,1.09088557242469,0.309634619154507,3.52313825696713,0.000426468828558729,0.00160462064817039,"2886","GRB7"
"ENSG00000141756",464.39424981213,1.00726575703239,0.188829246599755,5.33426773219828,9.59308931420315e-08,8.38160257213347e-07,"60681","FKBP10"
"ENSG00000141854",39.8317677590873,1.35226264739268,0.224088836357347,6.03449359358659,1.59461956478288e-09,1.99292896786875e-08,"113230","MISP3"
"ENSG00000141934",203.131359869187,1.21434422017027,0.32689082357397,3.71483116868677,0.000203339410533458,0.000827576735438617,"8612","PLPP2"
"ENSG00000142102",999.095098079494,1.17558685837766,0.277387537357021,4.23806660378031,2.25452892864871e-05,0.000117116393695944,"80162","PGGHG"
"ENSG00000142197",593.853836791279,1.18499300816902,0.175677102570423,6.74529002830065,1.52721647120503e-11,2.81758956357784e-10,"9980","DOP1B"
"ENSG00000142235",66.1627761534625,1.61766900061127,0.38365968205194,4.21641646565372,2.48215173237291e-05,0.0001276380639242,"114783","LMTK3"
"ENSG00000142273",63.3193194790652,1.88656415135209,0.367885885075279,5.12812322485831,2.92644878671375e-07,2.27848703075932e-06,"23624","CBLC"
"ENSG00000142279",143.189407621319,-1.16144300208766,0.177436276434036,-6.54569079913847,5.9220995486609e-11,9.74799366418133e-10,"126374","WTIP"
"ENSG00000142319",7.81140163562153,1.88535011176601,0.542555410980516,3.47494481413203,0.000510958455465124,0.00188080822276853,"6531","SLC6A3"
"ENSG00000142512",38.2881129999443,1.22707521925996,0.241528264283291,5.08046220967624,3.76517633031964e-07,2.87122347774492e-06,"89790","SIGLEC10"
"ENSG00000142530",9.66431796533247,1.13265194276084,0.289335031503291,3.91467267850681,9.05269315116427e-05,0.000401691980885337,"112703","GARIN5A"
"ENSG00000142606",23.9963803553211,1.14404704745859,0.202128670334004,5.65999393143056,1.5137834797155e-08,1.56552954448028e-07,"79258","MMEL1"
"ENSG00000142609",19.4931564396959,1.37239089941825,0.361769253323494,3.79355317460066,0.000148506810163894,0.000625395810875138,"85452","CFAP74"
"ENSG00000142627",122.401264386343,-1.14424039496017,0.16285215466796,-7.0262527216368,2.12154050017437e-12,4.54755972778913e-11,"1969","EPHA2"
"ENSG00000142632",104.062045060851,1.30530084974075,0.260434092137674,5.01201988966456,5.38616350884598e-07,3.98444093367409e-06,"128272","ARHGEF19"
"ENSG00000142675",106.215876128686,1.44772981768406,0.307892891454909,4.70205664977517,2.5755401528459e-06,1.65402947272573e-05,"10256","CNKSR1"
"ENSG00000142731",54.8735498412124,1.21624986848177,0.206704155586029,5.88401266067228,4.0043718700667e-09,4.65288652655288e-08,"10733","PLK4"
"ENSG00000142748",18.3157207899556,-1.81352296843434,0.378820516991196,-4.78728814066977,1.69050041170277e-06,1.12287639935979e-05,"8547","FCN3"
"ENSG00000142765",138.998756418112,1.37462075568421,0.266607836193632,5.15596531335957,2.52327606435768e-07,1.99146245298257e-06,"84958","SYTL1"
"ENSG00000142798",6694.04976213672,-1.28409710131583,0.192456949314645,-6.67212644640067,2.52123185688189e-11,4.47647992756088e-10,"3339","HSPG2"
"ENSG00000142910",624.282106510231,-2.15892644038438,0.172008026464201,-12.5513121960835,3.90976705010818e-36,7.8069025451314e-33,"64129","TINAGL1"
"ENSG00000142920",81.160450545365,1.13561827252512,0.186203163383508,6.09881299484784,1.06858992756771e-09,1.3903988641505e-08,"113451","AZIN2"
"ENSG00000142945",52.2328347320285,1.64019457982449,0.272970595144465,6.00868595006156,1.87033016935332e-09,2.30641475230753e-08,"11004","KIF2C"
"ENSG00000142973",244.678402254902,-1.33153338821629,0.283549006349156,-4.69595504974781,2.65363897334577e-06,1.69872158989173e-05,"1580","CYP4B1"
"ENSG00000143028",12.8404509703476,-1.52106951253683,0.332093557852226,-4.58024396008813,4.64433868128662e-06,2.8246893975829e-05,"284612","SYPL2"
"ENSG00000143061",495.97249786405,1.4779129987168,0.271748927387268,5.43852376134914,5.37238458796878e-08,4.95052748081269e-07,"3321","IGSF3"
"ENSG00000143126",812.774703409824,1.3481776637757,0.251193488777414,5.36708841593556,8.00178366609249e-08,7.10120685143346e-07,"1952","CELSR2"
"ENSG00000143153",1233.43388850865,1.56683334741718,0.259020094150898,6.04908029453648,1.45675046324468e-09,1.84011331021438e-08,"481","ATP1B1"
"ENSG00000143167",4.49995863245902,1.33837508069173,0.509126356786615,2.62876801181336,0.00856947988260797,0.0220724904537347,"10223","GPA33"
"ENSG00000143171",11.2675344712076,-2.36861806394741,0.427619977627496,-5.53907251267559,3.04077729632261e-08,2.94634180880711e-07,"6258","RXRG"
"ENSG00000143195",18.8982290591845,1.92434827726099,0.348576814821991,5.52058598115224,3.37871015566729e-08,3.2423126883849e-07,"387597","ILDR2"
"ENSG00000143196",1473.22063121975,-3.01273138363855,0.350859511867996,-8.58671713814627,8.9489597560943e-18,4.78963087316899e-16,"1805","DPT"
"ENSG00000143217",317.827204586697,1.53976095274331,0.259347249885267,5.93706296644554,2.90173245803817e-09,3.45044302087745e-08,"81607","NECTIN4"
"ENSG00000143228",62.6697340432231,2.02225530705146,0.267679996817092,7.55474944372956,4.19666942086152e-14,1.23371624945327e-12,"83540","NUF2"
"ENSG00000143248",2386.21160885265,-1.1610598544757,0.232801456332259,-4.98733930950422,6.12164980786673e-07,4.47369892208909e-06,"8490","RGS5"
"ENSG00000143320",765.137503670579,2.0357405830379,0.290419322026953,7.00965958060105,2.38898669264622e-12,5.09558887162782e-11,"1382","CRABP2"
"ENSG00000143344",476.648276908922,-1.24365356231767,0.194776611165675,-6.3850251571521,1.71369294596769e-10,2.57579858085867e-09,"23179","RGL1"
"ENSG00000143365",204.49768218955,1.46422257580631,0.308223299595628,4.75052527737939,2.02888929876986e-06,1.3255954799262e-05,"6097","RORC"
"ENSG00000143367",301.951533605835,1.22471811012288,0.169195165749592,7.23849351544389,4.53695897514146e-13,1.09830985624683e-11,"7286","TUFT1"
"ENSG00000143375",470.778834767225,1.24631162297505,0.180117770369674,6.9194262199511,4.53476585793847e-12,9.25420221229298e-11,"57530","CGN"
"ENSG00000143382",149.979683453773,-1.68762591719449,0.233664680658719,-7.22242622392457,5.10681118144323e-13,1.22970876296756e-11,"54507","ADAMTSL4"
"ENSG00000143412",57.97976676756,2.69721555810379,0.378292769707623,7.1299685695511,1.00391849049225e-12,2.28594001545595e-11,"8416","ANXA9"
"ENSG00000143418",1195.58486822642,1.07566571902913,0.158016863239181,6.80728434281701,9.94582377238688e-12,1.90113176350235e-10,"29956","CERS2"
"ENSG00000143450",20.5802118564944,1.53068074130408,0.255244318442048,5.9969238518099,2.01090295961097e-09,2.45989722080968e-08,"51686","OAZ3"
"ENSG00000143476",119.718386021099,2.08896436613088,0.308755988952671,6.76574525150697,1.32624726232235e-11,2.47496236055813e-10,"51514","DTL"
"ENSG00000143502",180.638816684756,2.24155827836172,0.425184739500055,5.27196314947101,1.34972182360041e-07,1.14161222212511e-06,"55061","SUSD4"
"ENSG00000143512",22.8829473166434,1.88059036163021,0.429486933185536,4.37869051726844,1.19394539755407e-05,6.62798003201637e-05,"79802","HHIPL2"
"ENSG00000143578",498.380364367381,2.27271142966719,0.274085952156018,8.29196612153801,1.11391660664131e-16,5.03746468208974e-15,"148327","CREB3L4"
"ENSG00000143590",19.318311987955,1.18913657621026,0.277829266062821,4.28009832463574,1.86810762656546e-05,9.91205236363186e-05,"1944","EFNA3"
"ENSG00000143742",2149.63758509421,1.1120231071502,0.111159828449155,10.003821728268,1.46626707563208e-23,1.89360003727649e-21,"6726","SRP9"
"ENSG00000143748",312.288840169033,1.05172626163881,0.157163257353523,6.69193473938412,2.20239089313561e-11,3.94909941023993e-10,"4931","NVL"
"ENSG00000143768",6.25021296268976,-1.16317713830084,0.431144543281973,-2.69788208252959,0.00697821538212815,0.0185328949139843,"7044","LEFTY2"
"ENSG00000143797",556.125233277675,1.22300316682586,0.23857393906629,5.12630663521899,2.9548122616822e-07,2.29712538750364e-06,"129642","MBOAT2"
"ENSG00000143819",687.127569086901,-1.24835076232524,0.200131690626939,-6.23764661366031,4.44202721026479e-10,6.15622756668731e-09,"2052","EPHX1"
"ENSG00000143845",215.821326846938,1.30489042590241,0.208249306386992,6.26600130651827,3.70437225501747e-10,5.22314475805233e-09,"55224","ETNK2"
"ENSG00000143847",78.6367153536245,1.08880747227056,0.227392652164066,4.7882262769202,1.68261865839701e-06,1.1184997473667e-05,"8497","PPFIA4"
"ENSG00000143867",131.917809258963,-1.58538059550741,0.276989229189169,-5.7236182076404,1.04278951811719e-08,1.11715766864573e-07,"130497","OSR1"
"ENSG00000144031",17.5103962482038,-1.65403884568455,0.281423534760916,-5.87740057735308,4.16758865254661e-09,4.83172247623068e-08,"79998","ANKRD53"
"ENSG00000144040",212.500207395371,1.10131405072462,0.204091847296956,5.39616876083342,6.8078917045404e-08,6.14034930043293e-07,"94097","SFXN5"
"ENSG00000144045",9.96981127712968,1.71092384442092,0.4646409343234,3.68224949209938,0.000231184995711789,0.00092997057472286,"165545","DQX1"
"ENSG00000144057",120.459904637333,2.83326603064275,0.345351433405967,8.20400831321349,2.32502018219126e-16,9.99219766379483e-15,"84620","ST6GAL2"
"ENSG00000144063",11.7232644615528,-1.52411040975846,0.349848330279029,-4.35648902066468,1.3216531946378e-05,7.25316567154503e-05,"7851","MALL"
"ENSG00000144063",11.7232644615528,-1.52411040975846,0.349848330279029,-4.35648902066468,1.3216531946378e-05,7.25316567154503e-05,"128966597","LOC128966597"
"ENSG00000144130",3.61768514344754,2.40239033089022,0.75867549314088,3.16655849913438,0.00154254316622482,0.00497284345614304,"284958","NT5DC4"
"ENSG00000144136",573.311812607178,1.07098117057707,0.150684522793669,7.10743977364916,1.1821529405969e-12,2.66143330719986e-11,"6574","SLC20A1"
"ENSG00000144191",11.02185562943,1.40441551943612,0.368015542484121,3.81618534357612,0.000135530715486225,0.000577117177262375,"1261","CNGA3"
"ENSG00000144218",1543.51613062262,1.30492003591113,0.230500958558976,5.66123474743491,1.50287671444155e-08,1.5554893841098e-07,"3899","AFF3"
"ENSG00000144229",81.9335066526564,-1.56315254292029,0.253628253654865,-6.16316408126761,7.13055521216784e-10,9.52134527764674e-09,"80731","THSD7B"
"ENSG00000144278",25.5907902179002,-1.30017069686367,0.367103788262711,-3.54169784794818,0.000397560587978604,0.00150633159286945,"114805","GALNT13"
"ENSG00000144339",13.6127919804096,1.02585343178228,0.385593636675452,2.6604521812836,0.00780358072869815,0.0203956935940142,"23671","TMEFF2"
"ENSG00000144366",259.346027815844,-1.10744162171886,0.226935544189143,-4.87998310566918,1.0609492858215e-06,7.36170049755531e-06,"51454","GULP1"
"ENSG00000144407",39.8145975733083,-1.48393912096068,0.306414249391117,-4.84291812116915,1.27946022072465e-06,8.74466256176159e-06,"5746","PTH2R"
"ENSG00000144452",155.402774051699,2.67495941293079,0.541797050598129,4.93719818145506,7.92529238487468e-07,5.6440257812504e-06,"26154","ABCA12"
"ENSG00000144476",314.348090455507,-1.70332870801845,0.281910277570044,-6.04209510451506,1.52125745620961e-09,1.91138137421692e-08,"57007","ACKR3"
"ENSG00000144554",133.467791414808,1.12821491601461,0.207817399213041,5.42887612051208,5.67100280851298e-08,5.19435042002046e-07,"2177","FANCD2"
"ENSG00000144642",1020.10623462904,-1.92373985724068,0.213452289785542,-9.01250513252158,2.01402308399233e-19,1.37578976879665e-17,"27303","RBMS3"
"ENSG00000144668",393.075481496001,-1.21679973422052,0.138016381263438,-8.81634283613016,1.18259004300853e-18,7.15563457725304e-17,"3680","ITGA9"
"ENSG00000144681",25.5939780791027,-1.24371590004093,0.2683185791722,-4.63522095219037,3.56556420251846e-06,2.22114028243279e-05,"6769","STAC"
"ENSG00000144852",5.63724933906958,1.47108366674476,0.528418136973059,2.78393863460398,0.005370319354741,0.0147759185994751,"8856","NR1I2"
"ENSG00000144857",474.093348024996,-1.53522956449656,0.179635514354246,-8.54635883118889,1.27032644272156e-17,6.62151281127837e-16,"91653","BOC"
"ENSG00000144891",364.433678325291,-1.27749230557515,0.386760931927336,-3.30305416115598,0.000956379141266779,0.00325071228872634,"185","AGTR1"
"ENSG00000144893",71.4038664663509,1.13518942394482,0.226773100988049,5.00583807779142,5.56194984965223e-07,4.10745644942454e-06,"116931","MED12L"
"ENSG00000144908",258.733989251232,-3.85100286076957,0.362989247732514,-10.6091375566236,2.70231851872184e-26,6.15322667622646e-24,"10840","ALDH1L1"
"ENSG00000145063",6.63667470146313,1.70516350366515,0.353506989635545,4.82356375873394,1.41015661377148e-06,9.53747925489316e-06,"285150","FLJ33534"
"ENSG00000145103",49.4698754793466,1.1719809469192,0.242637036512825,4.83018159042367,1.36408588651575e-06,9.25240173560903e-06,"286676","ILDR1"
"ENSG00000145198",8.94629068167951,1.99860120822145,0.569138203314844,3.5116272226692,0.000445372234608506,0.00166793080227401,"90113","VWA5B2"
"ENSG00000145217",10.6590006410144,1.61761521357669,0.357375778908713,4.52637058537167,6.00053171596241e-06,3.56029224835087e-05,"10861","SLC26A1"
"ENSG00000145244",42.2723772616559,2.3009474657034,0.30374119447159,7.57535529451741,3.58146111701472e-14,1.06859273190193e-12,"10699","CORIN"
"ENSG00000145283",34.4725935727187,-1.44585989397987,0.27180740660667,-5.31942787001445,1.04094071401153e-07,9.01292163252544e-07,"345274","SLC10A6"
"ENSG00000145335",40.8600329544748,-1.57649089502252,0.266184592797064,-5.92254750155438,3.16992199259995e-09,3.74192064956387e-08,"6622","SNCA"
"ENSG00000145358",29.644714224546,-1.15350933048068,0.319712443795711,-3.60795881694785,0.00030861546133063,0.00120322020805354,"115265","DDIT4L"
"ENSG00000145362",985.030267316458,-1.87412838797744,0.257950781508942,-7.26544954434447,3.7179969341569e-13,9.13072511039212e-12,"287","ANK2"
"ENSG00000145386",81.1222635329995,1.05557502944716,0.195134282229116,5.40948016611331,6.32079502249822e-08,5.73288599559779e-07,"890","CCNA2"
"ENSG00000145423",2315.7657888143,1.7243993016167,0.265447190883057,6.49620474746854,8.23715357112725e-11,1.32560466459592e-09,"6423","SFRP2"
"ENSG00000145491",6.10206142654173,1.22891965053852,0.420525712020246,2.92234128713478,0.00347410630784843,0.0100783249373189,"83853","ROPN1L"
"ENSG00000145526",10.5170161706019,1.67349028340857,0.648863346363404,2.57911052117176,0.0099055089176511,0.024992923841795,"1016","CDH18"
"ENSG00000145692",5.19822815319478,-1.16928401419354,0.481086764613708,-2.43050547260933,0.0150777783509946,0.0357955890282712,"635","BHMT"
"ENSG00000145708",72.5390247711383,-1.75154493337579,0.231788283497777,-7.55665863237037,4.13555455937149e-14,1.21989460513824e-12,"1393","CRHBP"
"ENSG00000145757",20.1901448792048,-1.45639404977938,0.306401854232935,-4.75321552288059,2.00206731028267e-06,1.31004948929462e-05,"83890","SPATA9"
"ENSG00000145777",13.701662351045,-2.1428362941932,0.334170553494878,-6.41240310309402,1.43243470733557e-10,2.1898197958196e-09,"85480","TSLP"
"ENSG00000145832",57.5570505636088,1.14213758060241,0.436937073488317,2.61396354281425,0.0089498585959935,0.0229090256813726,"153328","SLC25A48"
"ENSG00000145901",794.294863628499,-1.274295123309,0.15954482648303,-7.98706640258591,1.38187667051873e-15,5.22897297570339e-14,"10318","TNIP1"
"ENSG00000145911",134.898666271405,1.20219789081845,0.206292131941996,5.82764780944957,5.62140547866376e-09,6.34712672532205e-08,"23138","N4BP3"
"ENSG00000145936",51.4222728815538,-1.04006836496905,0.27063604504691,-3.84305189203004,0.000121513763266379,0.000523353951695479,"3779","KCNMB1"
"ENSG00000145990",333.195741062128,-1.71573252190208,0.191082488413825,-8.97901495916432,2.73201632328809e-19,1.8277752505132e-17,"54438","GFOD1"
"ENSG00000146006",18.6838761146409,-1.71967624889994,0.275502785478492,-6.24195594216304,4.32132686023219e-10,6.00819510647602e-09,"26045","LRRTM2"
"ENSG00000146013",4.0210219050456,-1.49976556000469,0.486171569796848,-3.08484833992119,0.00203655971430767,0.00634101200239876,"2676","GFRA3"
"ENSG00000146072",415.061495837461,-1.62154495450787,0.166529907089513,-9.73725970816917,2.09117336785553e-22,2.27124176915455e-20,"27242","TNFRSF21"
"ENSG00000146122",478.051771282816,-1.6529108136397,0.225380804976668,-7.33385797344547,2.23620078623158e-13,5.74157270118687e-12,"23500","DAAM2"
"ENSG00000146147",10.0335820494759,-1.49686319501458,0.435551623984699,-3.43670672449878,0.000588832811359952,0.00212379076244013,"100874282","MLIP-IT1"
"ENSG00000146147",10.0335820494759,-1.49686319501458,0.435551623984699,-3.43670672449878,0.000588832811359952,0.00212379076244013,"90523","MLIP"
"ENSG00000146147",10.0335820494759,-1.49686319501458,0.435551623984699,-3.43670672449878,0.000588832811359952,0.00212379076244013,"101927189","LOC101927189"
"ENSG00000146197",328.560361403444,2.06775666724153,0.452171289002208,4.57294993630486,4.80905075783103e-06,2.91462385178094e-05,"222663","SCUBE3"
"ENSG00000146216",6.7009409814932,1.64056754826083,0.553051622413173,2.96639134897104,0.00301316805189613,0.0089033370849311,"84630","TTBK1"
"ENSG00000146233",39.2013903030699,-1.51980519366779,0.311449046467441,-4.87978759577507,1.06200153971831e-06,7.36703259433666e-06,"51302","CYP39A1"
"ENSG00000146242",531.103337054984,1.35890735465365,0.191820999278235,7.08424708330583,1.3980228050057e-12,3.07541321799474e-11,"7162","TPBG"
"ENSG00000146278",1487.72373937024,-1.08126030950053,0.171836806946452,-6.29236732638704,3.12660530418989e-10,4.47905190320977e-09,"10957","PNRC1"
"ENSG00000146374",82.255004599174,-2.27239516155939,0.317727707265185,-7.15202076998207,8.55096263726094e-13,1.97478548165498e-11,"84870","RSPO3"
"ENSG00000146386",118.423779316757,1.09964881853388,0.182516288056279,6.02493525506504,1.6917733341464e-09,2.10421908039158e-08,"58527","ABRACL"
"ENSG00000146425",399.471048638629,1.16470552977931,0.16821507426592,6.92390699740799,4.39354412130455e-12,8.9942916641028e-11,"6993","DYNLT1"
"ENSG00000146476",913.41308049668,1.25741574911724,0.198768089738756,6.32604434026547,2.51525567758378e-10,3.66597455804154e-09,"79624","DCPH1"
"ENSG00000146477",87.9402096064062,-2.78064753033817,0.302142457452386,-9.2031009272385,3.47765998834249e-20,2.69471934260879e-18,"6581","SLC22A3"
"ENSG00000146555",151.228999433655,-1.13178411414487,0.2238684688688,-5.05557624914191,4.29093144099011e-07,3.23884845435363e-06,"221935","SDK1"
"ENSG00000146592",258.549741531125,-1.56216645492314,0.214772392632912,-7.27359059408157,3.50055841513834e-13,8.64581306757002e-12,"9586","CREB5"
"ENSG00000146648",1259.25796859395,-2.68249671650259,0.19767717177016,-13.5700885058267,6.02492430599696e-42,3.90987462837673e-38,"1956","EGFR"
"ENSG00000146670",34.9391205146953,1.59657188195297,0.252258179697413,6.32911838128731,2.46565894286378e-10,3.59975111579629e-09,"113130","CDCA5"
"ENSG00000146678",611.723814761173,-4.32805172143883,0.43963620412618,-9.84462080424258,7.23113909252616e-23,8.57104605314128e-21,"3484","IGFBP1"
"ENSG00000146700",16.0542837392211,-1.18378307055144,0.387876360592133,-3.05195982746738,0.0022735252606269,0.00697673114024743,"136853","SSC4D"
"ENSG00000146757",450.734383806271,1.06336876098335,0.245232016859563,4.33617426713213,1.44984014400395e-05,7.89489206168547e-05,"168374","ZNF92"
"ENSG00000146809",3.3393536910253,1.85732730056292,0.58551667834691,3.17211681451451,0.00151332121879967,0.00488348983063176,"142685","ASB15"
"ENSG00000146839",9.16465196868797,2.27494519592623,0.562126689150148,4.04703288393157,5.18709565842305e-05,0.000245213311056903,"7455","ZAN"
"ENSG00000146859",209.922215254969,-1.77071516629529,0.20838293974379,-8.49740947350302,1.93868587252176e-17,9.82898591385156e-16,"55281","TMEM140"
"ENSG00000146904",99.2484472148995,1.62107181308988,0.338642127109864,4.78697623040846,1.69312877743041e-06,1.12433453068658e-05,"2041","EPHA1"
"ENSG00000146938",70.7973767807069,-1.01593860329445,0.250362506529154,-4.05787039512704,4.95222362792313e-05,0.000235094771275839,"57502","NLGN4X"
"ENSG00000146950",124.405304320209,1.3677035562363,0.268854657428666,5.08714845901151,3.63487296404898e-07,2.78330479058358e-06,"357","SHROOM2"
"ENSG00000146955",10.7601249583696,1.92988513802692,0.416685151583193,4.63151885948979,3.62992925395127e-06,2.25528251733047e-05,"401409","RAB19"
"ENSG00000146966",121.123441740122,-2.43420418004548,0.229673270018892,-10.5985523689598,3.02628268744403e-26,6.77209017247175e-24,"27147","DENND2A"
"ENSG00000147010",336.641574739947,-1.27198645935718,0.174502891833296,-7.28919988656879,3.11801162281864e-13,7.74520054594509e-12,"30011","SH3KBP1"
"ENSG00000147027",531.437971927191,-1.61853399781423,0.243238252817079,-6.65410961914533,2.85020192177642e-11,4.99902307334272e-10,"83604","TMEM47"
"ENSG00000147041",66.327617878679,1.02451850437007,0.441566508512307,2.32019069521781,0.0203305637326369,0.0462524779466949,"94122","SYTL5"
"ENSG00000147113",392.511429525982,-2.15746654899184,0.222381543935481,-9.70164389908987,2.96679453953112e-22,3.16922027395675e-20,"79742","DIPK2B"
"ENSG00000147119",29.5593128713065,-1.40755010908071,0.21173962586398,-6.6475516962749,2.98008333639564e-11,5.1952319171362e-10,"56548","CHST7"
"ENSG00000147202",563.133754146033,-1.36980228640084,0.16059005704708,-8.52980758328801,1.46591335276535e-17,7.5650454892809e-16,"1730","DIAPH2"
"ENSG00000147234",83.2876932333198,1.11721707879869,0.200482747396874,5.57263451995225,2.50915607039456e-08,2.47558621342843e-07,"84443","FRMPD3"
"ENSG00000147251",760.299057986821,-1.9586677012456,0.237715270312348,-8.23955355780046,1.72854421332482e-16,7.59214055659658e-15,"139818","DOCK11"
"ENSG00000147255",34.8672997385081,-2.09067845649243,0.429605903540464,-4.86650308867442,1.13590149184057e-06,7.8336160800206e-06,"3547","IGSF1"
"ENSG00000147257",526.684914172784,-2.49720177608004,0.286406308287129,-8.7190878965436,2.80451795581433e-18,1.6141835276503e-16,"2719","GPC3"
"ENSG00000147434",10.6395741475383,4.0281236104527,0.567286254766505,7.10068960177905,1.24135901238831e-12,2.77069623762473e-11,"8973","CHRNA6"
"ENSG00000147488",21.7461458560192,1.16976735647387,0.320565819369755,3.64907075487237,0.000263190613569289,0.00104463332523419,"9705","ST18"
"ENSG00000147526",2926.65871110221,-1.92614719251797,0.217937141494118,-8.83808596971045,9.73723398965782e-19,6.00377957015529e-17,"6867","TACC1"
"ENSG00000147535",292.288077085649,1.15285023265012,0.178481770895493,6.45920435944771,1.05254895589333e-10,1.6498832003067e-09,"84513","PLPP5"
"ENSG00000147536",54.4145047820423,1.1284279362034,0.151995253793228,7.42409981918576,1.13549504050163e-13,3.07674115462852e-12,"84296","GINS4"
"ENSG00000147570",6.60122442633723,1.42892232137729,0.519508510855096,2.75052726090151,0.00594994405939907,0.0161388346806563,"85479","DNAJC5B"
"ENSG00000147588",14.0325545694742,-2.69742741926127,0.663587771618039,-4.06491429563882,4.80501154019161e-05,0.000229280311691717,"5375","PMP2"
"ENSG00000147606",42.2566360282269,-1.15314786514057,0.249460335302839,-4.62257001194467,3.79014830669927e-06,2.34640280813975e-05,"115111","SLC26A7"
"ENSG00000147676",1237.86924170974,1.31233082358181,0.20698073184736,6.34035261093578,2.29239887183699e-10,3.37144985354927e-09,"114569","MAL2"
"ENSG00000147724",33.2103029515063,1.1679651699442,0.302012950329381,3.86726850179901,0.000110061226011857,0.000479359199513574,"51059","FAM135B"
"ENSG00000147799",103.224278424078,1.22925703297775,0.277294469129016,4.43303841161654,9.29143045841018e-06,5.28918754033797e-05,"80728","ARHGAP39"
"ENSG00000147852",627.501979044702,-2.09008148739666,0.215175187187629,-9.7133945354682,2.64382443557659e-22,2.84765123231108e-20,"7436","VLDLR"
"ENSG00000147862",2614.11582248586,-1.96507233524216,0.205905235697119,-9.54357633786797,1.37989785881869e-21,1.29311872271537e-19,"4781","NFIB"
"ENSG00000147872",589.452706508496,-1.79766349613602,0.197901350069474,-9.0836343233886,1.05008630577372e-19,7.6567809902456e-18,"123","PLIN2"
"ENSG00000147883",386.144998173141,-1.60361823899294,0.28874961756138,-5.55366359455716,2.79743608784183e-08,2.73094569267387e-07,"1030","CDKN2B"
"ENSG00000148053",1746.10281653216,-2.82197771946596,0.248466129418866,-11.3575952024779,6.79905001685755e-30,3.09631123399278e-27,"4915","NTRK2"
"ENSG00000148154",1274.71887054125,1.14619929058499,0.16163168514428,7.0914269659556,1.32736124529396e-12,2.93739498766757e-11,"7357","UGCG"
"ENSG00000148180",6947.0368313506,-2.44211282656071,0.208124208387625,-11.7339200734032,8.54094877769829e-32,5.83436706240769e-29,"2934","GSN"
"ENSG00000148346",55.3923750387187,-2.75866738670167,0.286220522603487,-9.63825850644318,5.51150323461573e-22,5.58857816266230e-20,"3934","LCN2"
"ENSG00000148357",168.953536961529,-1.2639482801433,0.285485867872313,-4.42735848735116,9.53941167205398e-06,5.41622329615023e-05,"256158","HMCN2"
"ENSG00000148400",792.857329688145,-1.0977986415966,0.133482314636444,-8.22430030964474,1.9633360285359e-16,8.53672975355692e-15,"4851","NOTCH1"
"ENSG00000148411",351.771194464552,-1.05446158525948,0.163219910110209,-6.46037352028613,1.04444857096484e-10,1.63817498520274e-09,"138151","NACC2"
"ENSG00000148468",139.262093094414,-1.58162476714692,0.190562844111431,-8.29975420718462,1.04327009855341e-16,4.74276798918554e-15,"221061","FAM171A1"
"ENSG00000148483",9.59340325108613,-2.09394737209799,0.356329023240265,-5.87644349892343,4.19174384839441e-09,4.85538986241062e-08,"653567","TMEM236"
"ENSG00000148488",234.33327681729,2.1648351482701,0.280238369856392,7.72497766590447,1.11872956577355e-14,3.59405718667694e-13,"338596","ST8SIA6"
"ENSG00000148513",6758.75365919204,2.23950023223694,0.360989376746639,6.20378431193761,5.5121319578592e-10,7.51491183624523e-09,"91074","ANKRD30A"
"ENSG00000148671",1504.87111806392,-2.23206219899989,0.241121643580246,-9.25699645149048,2.1026361119077e-20,1.68979034652941e-18,"10974","ADIRF"
"ENSG00000148700",1236.2679175697,-1.07833351699747,0.156472559532917,-6.89151836089588,5.51999953070934e-12,1.10647218392396e-10,"120","ADD3"
"ENSG00000148702",6.80919278374601,1.5595137668712,0.479134985554629,3.25485262794151,0.00113451220250011,0.00378238733014358,"3026","HABP2"
"ENSG00000148730",2368.0054075963,-1.21966275793176,0.153555699566723,-7.9428035649161,1.97661846375238e-15,7.29858635591525e-14,"1979","EIF4EBP2"
"ENSG00000148735",233.0321997411,1.12593993366353,0.49172858271257,2.28975897120398,0.0220352927811402,0.0495746342531493,"79949","PLEKHS1"
"ENSG00000148773",371.790328423923,2.27103984464921,0.340595256576009,6.66785517649273,2.59568725039384e-11,4.59296861934037e-10,"4288","MKI67"
"ENSG00000148926",187.652819614489,-2.88612393662061,0.302174341799827,-9.55118796463698,1.28217483722998e-21,1.2058947255368e-19,"133","ADM"
"ENSG00000149090",155.249706113154,-2.0434026500096,0.330106135306948,-6.19013835689405,6.0111428932322e-10,8.14815912389146e-09,"25891","PAMR1"
"ENSG00000149124",154.63406240929,-4.82076228215385,0.444300228261988,-10.8502358889432,1.98911333033028e-27,5.73704486985705e-25,"10249","GLYAT"
"ENSG00000149131",1208.8465838445,-1.3370594972032,0.190687028740128,-7.01180099158906,2.35269697854442e-12,5.02231152706053e-11,"710","SERPING1"
"ENSG00000149231",265.467214438459,-1.12562566141024,0.165495565991772,-6.80154573728097,1.03502527519024e-11,1.97118019760735e-10,"79780","CCDC82"
"ENSG00000149243",25.9441728191648,1.55781955689885,0.282161573114406,5.52101953396471,3.37038304600911e-08,3.23551786643138e-07,"283212","KLHL35"
"ENSG00000149289",252.958779610994,-1.51796193547258,0.179925873622253,-8.43659616548243,3.26712877688716e-17,1.59713990189146e-15,"85463","ZC3H12C"
"ENSG00000149294",77.624423096178,-1.57219659921379,0.314814513234576,-4.99404104042151,5.91288241808427e-07,4.33333150221997e-06,"4684","NCAM1"
"ENSG00000149380",35.7620329001349,1.52988668607778,0.279684150005087,5.47005143498464,4.49904992940706e-08,4.20094741250174e-07,"283208","P4HA3"
"ENSG00000149418",323.339324879999,1.31234713275102,0.289748311035356,4.52926585857091,5.91889847311228e-06,3.51585278180889e-05,"6768","ST14"
"ENSG00000149451",326.432544112135,-2.18933621430111,0.242539076383983,-9.02673600865451,1.76868438046646e-19,1.23418035344485e-17,"80332","ADAM33"
"ENSG00000149488",11.5251248202292,-1.43260441742488,0.380116583841891,-3.76885534155167,0.000163997892883459,0.00068452440962676,"117532","TMC2"
"ENSG00000149557",46.5305360052648,-1.2527325950026,0.247566112445828,-5.06019415430583,4.18829778005821e-07,3.16506066302041e-06,"105369550","STT3A-AS1"
"ENSG00000149557",46.5305360052648,-1.2527325950026,0.247566112445828,-5.06019415430583,4.18829778005821e-07,3.16506066302041e-06,"9638","FEZ1"
"ENSG00000149564",252.308592372146,-1.69234503326175,0.216039399761282,-7.83350182944291,4.74465941178366e-15,1.62697317055588e-13,"90952","ESAM"
"ENSG00000149571",7.82186355287666,-1.0874572133358,0.447742233487741,-2.42875728935581,0.0151506709662926,0.0359390584796694,"84623","KIRREL3"
"ENSG00000149591",2015.47644151724,-1.209885299234,0.190424711123545,-6.3536149909086,2.10312836732006e-10,3.11603916432043e-09,"6876","TAGLN"
"ENSG00000149646",6.71742601774352,1.04493827294562,0.39535032887512,2.64306918858209,0.00821582447805398,0.0212959418249396,"140894","CNBD2"
"ENSG00000149798",132.100267011044,-1.50201515398469,0.160982921041735,-9.33027643097174,1.05595143221577e-20,8.78538053764649e-19,"10435","CDC42EP2"
"ENSG00000149809",163.813092598277,-1.30434011028836,0.183738119565291,-7.09890856276489,1.25745966327584e-12,2.80181441539178e-11,"7108","TM7SF2"
"ENSG00000149926",12.5668982975987,2.25619261633081,0.415694887429059,5.4275207238767,5.71422338313156e-08,5.23209208392695e-07,"83723","TLCD3B"
"ENSG00000149927",53.9068162436447,1.92218014219112,0.236252118615571,8.13613927974499,4.08082319179584e-16,1.68142870496248e-14,"8448","DOC2A"
"ENSG00000149948",12.8435978462166,1.57167713612781,0.439406204646374,3.57682053532372,0.000347798776187165,0.00133829834453994,"8091","HMGA2"
"ENSG00000149968",45.539620870832,2.00067246934442,0.356211727409874,5.6165261146564,1.94834814805024e-08,1.96637718612318e-07,"4314","MMP3"
"ENSG00000149970",45.2122304925757,-1.91027606457406,0.301364018756579,-6.3387662284828,2.31612348658076e-10,3.40156001332964e-09,"22866","CNKSR2"
"ENSG00000150048",64.0363294193742,-1.27498397933575,0.16916552929763,-7.53690178270622,4.81268524614421e-14,1.40526078312049e-12,"51267","CLEC1A"
"ENSG00000150051",110.151809045322,-1.10395450326721,0.408179550000486,-2.70458062699588,0.00683906704446867,0.0182342340119472,"283078","MKX"
"ENSG00000150337",35.0172609665389,1.34537514424914,0.204963650836227,6.56396945878047,5.23939373688015e-11,8.67927138621154e-10,"2209","FCGR1A"
"ENSG00000150457",333.39330782596,-1.0837468542676,0.177566226879914,-6.10333886860439,1.03875283634805e-09,1.35497216713179e-08,"26524","LATS2"
"ENSG00000150471",241.186835377151,-2.116347430232,0.232089133531423,-9.11868383508556,7.6042171712422e-20,5.67213417618118e-18,"23284","ADGRL3"
"ENSG00000150510",34.5354474147522,-1.77356768782639,0.253475235114437,-6.99700579043027,2.6149048334541e-12,5.54103670749401e-11,"220108","FAM124A"
"ENSG00000150551",7.58515293477528,1.07476146381585,0.361828606594515,2.97036067416385,0.00297450296347647,0.00880211444663955,"116372","LYPD1"
"ENSG00000150556",152.095446900563,2.04012660084074,0.340091832245804,5.99875212341536,1.98839609998271e-09,2.43351183231265e-08,"130576","LYPD6B"
"ENSG00000150594",274.157241122539,-1.91205426782349,0.248910039909623,-7.68170809228002,1.56981221826343e-14,4.92740252812816e-13,"150","ADRA2A"
"ENSG00000150628",5.74357536566897,1.13709593605003,0.431821106401187,2.6332569649655,0.00845703366234136,0.021808829704655,"132851","SPATA4"
"ENSG00000150630",82.4689933469415,-1.04859051535021,0.176923171421273,-5.9268127906966,3.08870756670384e-09,3.65269571829149e-08,"7424","VEGFC"
"ENSG00000150667",134.503991013859,2.17984967765784,0.312218571323872,6.98180658637576,2.91408140786772e-12,6.10030041817986e-11,"161835","FSIP1"
"ENSG00000150676",3.07840560916194,1.67577330051157,0.601327407960634,2.78679015512507,0.00532329379970498,0.0146721236411915,"220047","CCDC83"
"ENSG00000150782",49.6189362108525,1.04552515151297,0.172714756458765,6.05347900173534,1.41750557545275e-09,1.79841689773229e-08,"3606","IL18"
"ENSG00000150873",6.85724298241122,1.49530110699413,0.407843140027096,3.66636326626649,0.000246024370704271,0.000982961461403952,"130813","CIMIP5"
"ENSG00000150907",878.143387021398,-1.71964418314708,0.206424541767505,-8.33061887129638,8.04208396369598e-17,3.71452696671922e-15,"2308","FOXO1"
"ENSG00000150938",2512.17291400023,-1.3905694275768,0.170963920537947,-8.13370109436716,4.16378473118219e-16,1.70487407590998e-14,"51232","CRIM1"
"ENSG00000151012",170.777905259946,1.74719892239231,0.319193911113415,5.47378524952971,4.4052286763792e-08,4.12670248940639e-07,"23657","SLC7A11"
"ENSG00000151023",5.68033393328809,1.06625461212927,0.447619340735407,2.38205661618082,0.0172162503270623,0.040102739220101,"219670","ENKUR"
"ENSG00000151079",18.150821322495,-1.57228623381117,0.300606698162234,-5.23037657984129,1.69165084472222e-07,1.39757710462443e-06,"3742","KCNA6"
"ENSG00000151090",456.726389658099,-1.1584478111204,0.143574411838912,-8.06862306648458,7.10953836801387e-16,2.78775524104084e-14,"7068","THRB"
"ENSG00000151150",762.753800160108,1.00381939026143,0.232020016911458,4.32643443278645,1.51542401096975e-05,8.2123959241655e-05,"288","ANK3"
"ENSG00000151303",6.66476085282571,-1.18899781273852,0.37705105455321,-3.15341330671368,0.0016137315219727,0.00517023486143759,"119385","AGAP11"
"ENSG00000151365",521.266832499913,-4.02971898207743,0.453085011448328,-8.89395782304972,5.89700857954761e-19,3.74265400263806e-17,"7069","THRSP"
"ENSG00000151468",477.302023670501,-3.17512877542939,0.291819911529505,-10.8804390995382,1.42873056902615e-27,4.21443046713419e-25,"83643","CCDC3"
"ENSG00000151474",600.290380183273,-1.29517841427184,0.137736270938485,-9.40332132884797,5.28673319492977e-21,4.58973311953134e-19,"55691","FRMD4A"
"ENSG00000151491",889.98105346488,-1.10026957391401,0.152475107825196,-7.21606031048296,5.35153302289303e-13,1.28150455911676e-11,"2059","EPS8"
"ENSG00000151572",13.5203859676164,-1.87439875401736,0.389651832237832,-4.81044511776678,1.50594550590751e-06,1.01194236195566e-05,"121601","ANO4"
"ENSG00000151623",218.893450884436,-1.63514439338979,0.201038125610545,-8.13350397305943,4.17056413515231e-16,1.70487407590998e-14,"4306","NR3C2"
"ENSG00000151632",596.972981541367,-4.39794238173027,0.381311170069052,-11.5337360322643,8.91875016739116e-31,4.82318576760708e-28,"1646","AKR1C2"
"ENSG00000151651",100.345304737454,1.34811754956833,0.217726549433793,6.19179219564251,5.94839422179823e-10,8.06731542369062e-09,"101","ADAM8"
"ENSG00000151702",312.471238199696,-1.14518589578445,0.181183277916863,-6.32059375981665,2.60560179444915e-10,3.78702191379121e-09,"2313","FLI1"
"ENSG00000151715",62.7614149683675,1.52816770105753,0.402894431790477,3.79297299857509,0.000148854347896425,0.000626554428846343,"120224","TMEM45B"
"ENSG00000151725",97.8668931011388,1.40923353595328,0.192058813065127,7.33751038790086,2.17603514441563e-13,5.59938023178292e-12,"79682","CENPU"
"ENSG00000151726",3793.37338693824,-2.95801751908403,0.268670976690153,-11.0098141433988,3.42709961632462e-28,1.12608420051335e-25,"2180","ACSL1"
"ENSG00000151838",10.2186903049123,1.51251630389675,0.464002134092273,3.25971842102772,0.00111522872514714,0.00372671308539771,"729665","CCDC175"
"ENSG00000151882",442.247787057819,-1.65002142179354,0.397992168865787,-4.14586404173688,3.38534667355914e-05,0.000167864047664275,"56477","CCL28"
"ENSG00000151914",8339.81772762272,-1.28895851001296,0.156100886840114,-8.25721452391985,1.49111288419702e-16,6.65056842748907e-15,"667","DST"
"ENSG00000152049",488.247253722811,1.72086418255516,0.339377554729159,5.07064818687996,3.96463073077203e-07,3.01358373380323e-06,"23704","KCNE4"
"ENSG00000152056",51.032896912671,1.43056538192289,0.243230170553765,5.8815293294656,4.06492896978455e-09,4.71902621635364e-08,"130340","AP1S3"
"ENSG00000152086",10.6182000130938,1.64939623897486,0.386578783561454,4.26664966912924,1.98430388840737e-05,0.000104692195803412,"112714","TUBA3E"
"ENSG00000152104",1286.57279325574,-1.13219491329991,0.112580467554885,-10.0567615136964,8.57735363205234e-24,1.16571175696762e-21,"5784","PTPN14"
"ENSG00000152133",245.957406455589,-1.27096427910466,0.176453378948192,-7.2028333301445,5.89740441782312e-13,1.3993128325215e-11,"253635","GPATCH11"
"ENSG00000152137",175.205895877866,-1.64007311842765,0.28332361484925,-5.788691914369,7.09366691241224e-09,7.85569136998281e-08,"26353","HSPB8"
"ENSG00000152154",25.9127995438447,-1.17217731647604,0.272165740220657,-4.30685109568054,1.65595001352406e-05,8.885493532696e-05,"130733","TMEM178A"
"ENSG00000152253",15.5527651598518,1.8854155608604,0.290630933134098,6.48731895303953,8.73772381269027e-11,1.39406167627421e-09,"57405","SPC25"
"ENSG00000152270",1024.3163366164,-3.34729387272105,0.336772566088089,-9.93933060404184,2.8070705983102e-23,3.48640854502087e-21,"5140","PDE3B"
"ENSG00000152284",111.114442407106,-1.46665202268275,0.153922822134717,-9.52848968296005,1.59588009156066e-21,1.4742297301328e-19,"83439","TCF7L1"
"ENSG00000152315",11.3185444260347,1.11076083747001,0.377399602034781,2.94319557169974,0.00324843134419867,0.00950115840368553,"56659","KCNK13"
"ENSG00000152465",330.765199115602,-2.08167467500102,0.208748806583027,-9.97215126196695,2.01809543976257e-23,2.59335254580974e-21,"9397","NMT2"
"ENSG00000152467",8.10672659598581,1.72510165877878,0.557958026639105,3.09181260312723,0.00198938394277694,0.00620678225800527,"284312","ZSCAN1"
"ENSG00000152492",1343.63179873265,-1.22365661123533,0.116414741121272,-10.5111826857101,7.6725254883979e-26,1.56821587895931e-23,"152137","CCDC50"
"ENSG00000152527",444.734317141983,-1.31864834388382,0.197062804970032,-6.69151311473698,2.20874702893543e-11,3.95411416393834e-10,"130271","PLEKHH2"
"ENSG00000152580",407.57607169078,-2.20143519912292,0.207795362627512,-10.5942460471033,3.16884128198235e-26,7.03049418783742e-24,"285313","IGSF10"
"ENSG00000152583",3861.09889951903,-1.51434116739637,0.22960317162888,-6.59547146780745,4.23906559304585e-11,7.15825650912462e-10,"8404","SPARCL1"
"ENSG00000152611",6.44261807841623,2.74280512286783,0.656163281832798,4.18006493019026,2.91425872629053e-05,0.000146975574153972,"133690","CAPSL"
"ENSG00000152669",26.2210566994297,2.44243564846489,0.452848016750985,5.39349971318955,6.90984361459213e-08,6.22365442566212e-07,"10309","CCNO"
"ENSG00000152672",20.9965257855004,-1.03260979705488,0.340902666485361,-3.02904582032426,0.0024532747152673,0.0074453404906654,"165530","CLEC4F"
"ENSG00000152766",21.6963681769735,1.97920071456666,0.343907965100581,5.75503016915533,8.66263228796468e-09,9.40856104313754e-08,"118932","ANKRD22"
"ENSG00000152767",1299.42712164493,1.00585184153108,0.191814653633044,5.2438738254865,1.5723974812771e-07,1.30989389663001e-06,"10160","FARP1"
"ENSG00000152779",22.0135766458247,-1.75992838943677,0.32957188645539,-5.3400440443059,9.2924003016763e-08,8.14355594297479e-07,"387700","SLC16A12"
"ENSG00000152785",32.699252851782,-2.60019365477083,0.444092976590047,-5.85506592501492,4.76820835447549e-09,5.4621867813537e-08,"651","BMP3"
"ENSG00000152818",5013.74327012693,-1.17037613627434,0.113776683885642,-10.2866079086176,8.09790182334294e-25,1.42030632115092e-22,"7402","UTRN"
"ENSG00000152932",54.889219156545,-1.86766432185572,0.310445173072134,-6.01608426819299,1.78686578645478e-09,2.21084185342199e-08,"115827","RAB3C"
"ENSG00000152939",218.298014643141,1.89518833130814,0.309035645217498,6.13258813550235,8.64607801852325e-10,1.13926341728338e-08,"153562","MARVELD2"
"ENSG00000152969",11.5288746011732,1.1436685841892,0.361529667920833,3.16341558015548,0.00155929567686941,0.00502123463918963,"152789","JAKMIP1"
"ENSG00000153044",43.6929709255696,1.05253936436227,0.168274545141215,6.25489353412892,3.97787182364052e-10,5.5724553048063e-09,"64946","CENPH"
"ENSG00000153071",1117.69539433533,-1.04428213625447,0.190746844788189,-5.47470201886732,4.38248426767721e-08,4.1068782173417e-07,"1601","DAB2"
"ENSG00000153093",12.5834638135682,1.22740882007843,0.343783912639298,3.57029161328512,0.000356584034937806,0.00136926159451414,"55289","ACOXL"
"ENSG00000153132",93.7109240834252,2.63796933298027,0.312540451923581,8.44040928700415,3.16228391178158e-17,1.55761984406122e-15,"1047","CLGN"
"ENSG00000153157",315.139948191528,2.59993353003475,0.301471889724194,8.62413252662908,6.45802985426468e-18,3.52179703691182e-16,"221711","SYCP2L"
"ENSG00000153162",85.5953518887488,-2.5778410463425,0.264128106325462,-9.75981345645228,1.67462966283255e-22,1.86566681492735e-20,"654","BMP6"
"ENSG00000153253",80.6763652206898,-1.68787657873814,0.300442466624987,-5.61796938262044,1.93214726305392e-08,1.95078485625646e-07,"6328","SCN3A"
"ENSG00000153291",140.828710332731,-1.67175143305639,0.252261377556018,-6.62706058792198,3.42437107780751e-11,5.89064442927285e-10,"9481","SLC25A27"
"ENSG00000153303",78.9196415287415,-1.59068359971139,0.254863621086181,-6.24131287522398,4.33913318520201e-10,6.02972265639582e-09,"79981","FRMD1"
"ENSG00000153406",207.942350614891,1.10915138937916,0.181997717588897,6.09431483028017,1.09907169286613e-09,1.42506009008087e-08,"57407","NMRAL1"
"ENSG00000153446",60.9124522705894,-1.37409222952325,0.334991501309396,-4.10187191063735,4.09821134403294e-05,0.000198955246060234,"146556","C16orf89"
"ENSG00000153820",20.4475925513569,-1.60123583391148,0.417827976959459,-3.83228486891591,0.000126958606598731,0.000544276054515252,"80309","SPHKAP"
"ENSG00000153822",35.5951567103355,-1.11726552842555,0.329483029786549,-3.39096532270374,0.000696469128378042,0.00245660903536553,"3773","KCNJ16"
"ENSG00000153823",172.400759657653,-1.66725576846831,0.192529498919258,-8.65974189839608,4.72833633388876e-18,2.61145009691669e-16,"55022","PID1"
"ENSG00000153898",39.9423067984807,1.30104048893191,0.240592750081878,5.40764627566354,6.38583843504563e-08,5.78581480268463e-07,"255231","MCOLN2"
"ENSG00000153902",72.3171906815647,-2.32614474294901,0.267631773844158,-8.69158661371623,3.57412501438355e-18,2.03458634042474e-16,"163175","LGI4"
"ENSG00000153944",1155.55892022945,1.16481446579082,0.175799825055998,6.62579991430475,3.45372730724402e-11,5.92935538633864e-10,"124540","MSI2"
"ENSG00000153956",475.010059007199,-1.40459023059175,0.216324439822356,-6.4929798581482,8.41549441190285e-11,1.34845311076651e-09,"781","CACNA2D1"
"ENSG00000153993",149.299835486924,-1.43006085047762,0.254849559739542,-5.6113922736973,2.00705216114935e-08,2.02169421804869e-07,"223117","SEMA3D"
"ENSG00000154040",48.8622739069136,1.2597052107465,0.246388244018908,5.11268390974787,3.17613515347508e-07,2.45521489916337e-06,"26256","CABYR"
"ENSG00000154065",175.421774942526,-2.47372921721618,0.253060622648599,-9.77524354174694,1.43811038115439e-22,1.61603763090933e-20,"147463","ANKRD29"
"ENSG00000154080",24.5220091846386,-1.13860149851317,0.334437887847933,-3.40452305161932,0.000662797059137649,0.00235360958428113,"83539","CHST9"
"ENSG00000154099",51.0213704605207,2.06351349373741,0.358862749182519,5.7501468136162,8.91659864113102e-09,9.66417818482167e-08,"123872","DNAAF1"
"ENSG00000154133",270.103987688006,-2.04376504094621,0.195211674376791,-10.4694816407415,1.1929444474836e-25,2.38203476675226e-23,"54538","ROBO4"
"ENSG00000154134",69.8169650812991,-1.2760148834376,0.233024375075535,-5.47588587255722,4.35328206490915e-08,4.08393552009077e-07,"64221","ROBO3"
"ENSG00000154188",346.227299607747,-3.14079839497291,0.310590983348526,-10.1123296018175,4.87119687592475e-24,6.90964636640736e-22,"284","ANGPT1"
"ENSG00000154240",225.006583681815,-1.38727968166457,0.189084025014089,-7.33684234594226,2.18691957110955e-13,5.62059982444175e-12,"201134","CEP112"
"ENSG00000154252",6.15574651131314,1.90739167738031,0.553822440302921,3.44404910053308,0.000573071619970357,0.00207270351277561,"64090","GAL3ST2"
"ENSG00000154258",766.837940953175,-2.68540971086862,0.280019142810567,-9.59009331974601,8.8005378553293e-22,8.49235545162223e-20,"10350","ABCA9"
"ENSG00000154262",1185.46643427393,-2.36101365788719,0.260670348068674,-9.05746923415001,1.33512186231601e-19,9.60030285373933e-18,"23460","ABCA6"
"ENSG00000154263",694.47719477472,-2.36352115071615,0.280924355802234,-8.4133721476967,3.98388468074664e-17,1.91862112324344e-15,"10349","ABCA10"
"ENSG00000154265",793.743122081899,-1.33694428656806,0.200141363440021,-6.67999989401849,2.38942422600035e-11,4.25701263270536e-10,"23461","ABCA5"
"ENSG00000154277",64.909502027073,-1.3479707888113,0.315167629899763,-4.27699630587068,1.89431945040592e-05,0.000100352539374769,"7345","UCHL1"
"ENSG00000154330",199.714124330513,-2.22340587222639,0.25061574019036,-8.8717726609572,7.19906316912625e-19,4.53575926563542e-17,"5239","PGM5"
"ENSG00000154511",176.329183175234,-1.19262036690282,0.212135905462406,-5.62196373265143,1.88798906753081e-08,1.91215061314728e-07,"388650","DIPK1A"
"ENSG00000154529",83.8560705143024,-1.98361499144182,0.22635722557102,-8.76320597426416,1.89774455249958e-18,1.10205040478264e-16,"728577","CNTNAP3B"
"ENSG00000154639",291.695734701465,1.43887843828107,0.390418410721829,3.68547793537908,0.00022827385931513,0.000919906210925046,"1525","CXADR"
"ENSG00000154645",14.1183589368985,-1.31816080819584,0.396337722811383,-3.32585250489305,0.000881485603429954,0.00302786863753272,"140578","CHODL"
"ENSG00000154654",171.481088486672,1.02357501848143,0.275979031656595,3.70888691194149,0.000208172372249748,0.000845787828902637,"4685","NCAM2"
"ENSG00000154678",165.768960721426,-1.75942070598688,0.340654681995964,-5.16482173583547,2.40668177530216e-07,1.91106287926869e-06,"5137","PDE1C"
"ENSG00000154721",316.285622036317,-1.93120492602147,0.233991530046318,-8.25331124438223,1.54065123959284e-16,6.84798371187515e-15,"58494","JAM2"
"ENSG00000154734",1000.84672922087,-1.62899381395576,0.282847148651206,-5.7592725319093,8.44772147460957e-09,9.19052615414565e-08,"9510","ADAMTS1"
"ENSG00000154736",952.295753493671,-2.54367371286579,0.23545687246758,-10.8031406609974,3.32627485702541e-27,9.18547263177294e-25,"11096","ADAMTS5"
"ENSG00000154783",409.572551475804,-1.55663632480647,0.181644285858472,-8.56969608182074,1.0375850764875e-17,5.51918717529971e-16,"152273","FGD5"
"ENSG00000154822",224.224663586947,-1.07026191251302,0.186141631935932,-5.74971811185902,8.93923640003932e-09,9.6846702200426e-08,"23228","PLCL2"
"ENSG00000154839",17.9442149804073,1.8135973274622,0.35797728469915,5.06623577802257,4.05759293722599e-07,3.0797367679682e-06,"220134","SKA1"
"ENSG00000154856",258.724244159767,-2.27821954826609,0.233671121977667,-9.74968378199435,1.85043759093215e-22,2.04398548874114e-20,"147495","APCDD1"
"ENSG00000154914",49.5588392211104,1.24439585369919,0.358511533403101,3.47100647470669,0.000518511496970597,0.00190509857584752,"124739","USP43"
"ENSG00000154917",66.4529002299107,-1.8106833577496,0.255440308151566,-7.0884793823347,1.35593576255782e-12,2.99297453439421e-11,"51560","RAB6B"
"ENSG00000154920",17.1953529356944,1.58457012368635,0.278249325510144,5.69478513840489,1.23527382572086e-08,1.30399503733478e-07,"146956","EME1"
"ENSG00000154945",787.229372180895,-1.32704579936433,0.163699630671983,-8.10659006325694,5.2060133143756e-16,2.09841139153046e-14,"91369","ANKRD40"
"ENSG00000155016",150.357322304356,-1.2450875734085,0.188906199598026,-6.59103605947248,4.36767777955771e-11,7.36208959751681e-10,"113612","CYP2U1"
"ENSG00000155066",513.463607828627,2.03976149331895,0.340335189383332,5.9933899195522,2.05511295173389e-09,2.50924844784141e-08,"150696","PROM2"
"ENSG00000155367",25.3675235827198,1.60696298113853,0.309879369208024,5.18576949877474,2.1512474938936e-07,1.72405317834177e-06,"333926","PPM1J"
"ENSG00000155511",68.0250602781537,-1.7523092304556,0.37743362398395,-4.64269508359997,3.4389367748661e-06,2.15362896989081e-05,"2890","GRIA1"
"ENSG00000155530",40.1607129265447,1.00943591087128,0.19775284342397,5.10453297860863,3.31612443049469e-07,2.55885725228243e-06,"136332","LRGUK"
"ENSG00000155659",185.757435062354,-1.24375590645406,0.224416596725086,-5.54217435164869,2.9873862830307e-08,2.89677150298509e-07,"11326","VSIG4"
"ENSG00000155754",33.484336167022,-2.09791428213911,0.330685522749663,-6.34413706622191,2.23675621308835e-10,3.30083671286795e-09,"151254","CATSPERT"
"ENSG00000155886",55.8770084640619,4.95820908811941,0.476359699725475,10.4085402081175,2.26670717123504e-25,4.29483100371672e-23,"25769","SLC24A2"
"ENSG00000155961",25.2600681864681,1.00513341668983,0.336079900841063,2.99075729960172,0.00278286574289497,0.00830413023957554,"116442","RAB39B"
"ENSG00000155962",171.701278029853,-1.13552387247468,0.226960693222389,-5.00317414593914,5.63939530353474e-07,4.1563720411458e-06,"1193","CLIC2"
"ENSG00000155966",71.6297645644782,-1.57176400380664,0.312009752129149,-5.03754768266362,4.71534116713954e-07,3.52943558294718e-06,"2334","AFF2"
"ENSG00000155970",166.74045921583,-1.59849672741604,0.224397562023839,-7.12350309423692,1.05217888363901e-12,2.38536763855908e-11,"286097","MICU3"
"ENSG00000155974",97.9766251933836,1.17707247295333,0.235139200953114,5.00585384394512,5.56149456497935e-07,4.10745644942454e-06,"23426","GRIP1"
"ENSG00000156096",7.09226306316106,-1.6078342778083,0.475643694936153,-3.38033341958653,0.000723979458644377,0.00254372750236745,"7363","UGT2B4"
"ENSG00000156127",39.87574786859,1.40942657344952,0.265044687989357,5.31769409959318,1.05090553224179e-07,9.07800525987769e-07,"10538","BATF"
"ENSG00000156140",80.8261777685243,-1.24055405242177,0.234731553818725,-5.28499058707637,1.25711221154776e-07,1.07025643776179e-06,"9508","ADAMTS3"
"ENSG00000156218",189.005861634062,-1.06403204898433,0.199197558816052,-5.34159181120743,9.213393238689e-08,8.08250292970223e-07,"57188","ADAMTSL3"
"ENSG00000156234",349.650764067231,3.32300531571162,0.50049271187068,6.63946794208312,3.14817461414517e-11,5.44076675326101e-10,"10563","CXCL13"
"ENSG00000156298",111.96438326339,-2.10152486957932,0.257546919546963,-8.15977482190821,3.35649744268195e-16,1.40302674101672e-14,"7102","TSPAN7"
"ENSG00000156398",226.45661112575,1.38443440249569,0.226451466405383,6.11360316835985,9.74063483403071e-10,1.27636243827243e-08,"118980","SFXN2"
"ENSG00000156509",10.0440694713951,1.71066874991418,0.290649588994174,5.88567407177193,3.96434884436135e-09,4.61257585396378e-08,"286151","FBXO43"
"ENSG00000156711",147.647597216892,1.452769231325,0.264385704919866,5.4948857078537,3.9096353457444e-08,3.70252879623616e-07,"5603","MAPK13"
"ENSG00000156738",79.0430629453082,1.74101284810808,0.416054402800045,4.1845797962744,2.85694079736254e-05,0.000144337230864026,"931","MS4A1"
"ENSG00000156802",479.840177135993,1.2545270165156,0.189050656139972,6.63593050735963,3.22461746637764e-11,5.55807570997548e-10,"29028","ATAD2"
"ENSG00000156920",10.9791742227205,-1.56872584649074,0.514433118476263,-3.0494262327769,0.00229278932260946,0.00702505019314169,"139378","ADGRG4"
"ENSG00000156970",50.5691125912338,1.78522724776846,0.278756360107335,6.40425655967477,1.51103838376209e-10,2.3005005493077e-09,"701","BUB1B"
"ENSG00000157064",106.086072967263,-2.65807136907686,0.362057054561907,-7.3415814871862,2.11084572746417e-13,5.45750332604731e-12,"23057","NMNAT2"
"ENSG00000157150",463.413377569053,-3.88621605240043,0.369897251051321,-10.5062041995582,8.08838230061066e-26,1.64029865436915e-23,"7079","TIMP4"
"ENSG00000157152",73.2399605725617,-2.7398538876439,0.330164085131972,-8.29846131370932,1.05468435070878e-16,4.7862755901571e-15,"6854","SYN2"
"ENSG00000157303",186.673748543974,2.34094723406828,0.305765070187193,7.65603223623657,1.91765607852266e-14,5.9472540604888e-13,"203328","SUSD3"
"ENSG00000157388",612.564796728124,1.89638429121921,0.25246875771328,7.51136223109581,5.85152312063638e-14,1.67653241904502e-12,"776","CACNA1D"
"ENSG00000157404",539.689788343369,-1.38276599693928,0.334410969185097,-4.13493014391499,3.55062623214774e-05,0.000175023083429721,"3815","KIT"
"ENSG00000157502",74.0231925707788,1.258310983784,0.297152559383992,4.23456216023353,2.2899743738807e-05,0.000118601665596958,"139221","PWWP3B"
"ENSG00000157510",287.253159253935,-1.60266556821495,0.178236986563446,-8.99176764102473,2.4328562304733e-19,1.64458546954755e-17,"134265","AFAP1L1"
"ENSG00000157542",15.1091432365634,1.94266994495833,0.508170447519287,3.82287076008016,0.000131906925354384,0.000563164468478471,"3763","KCNJ6"
"ENSG00000157554",295.57197272687,-1.67598789375148,0.195986369808993,-8.55155333192248,1.21442938505675e-17,6.39435253089315e-16,"2078","ERG"
"ENSG00000157557",536.3453940289,-1.05799635355063,0.143768357183173,-7.35903486886655,1.85244642600347e-13,4.84281556356516e-12,"2114","ETS2"
"ENSG00000157570",126.313886851296,-1.35891120229725,0.225068352792202,-6.0377711279199,1.56257476815623e-09,1.95853770312889e-08,"90139","TSPAN18"
"ENSG00000157613",162.589772518036,1.55459827129504,0.25489535617715,6.09896662932773,1.06756351780602e-09,1.38975996966944e-08,"90993","CREB3L1"
"ENSG00000157617",904.270088359661,-1.91905918658152,0.205169565600595,-9.35352756128249,8.47722042982314e-21,7.14453532199185e-19,"25966","C2CD2"
"ENSG00000157734",28.716478000506,1.77748777327008,0.305786902214198,5.81283161704873,6.14248395911233e-09,6.8881189828477e-08,"79856","SNX22"
"ENSG00000157765",54.2280313619017,-1.79951566974624,0.49805171699712,-3.61311006133254,0.000302546205017252,0.00118275517919245,"10568","SLC34A2"
"ENSG00000157782",22.5560560971232,-2.08193043036439,0.328179149855282,-6.3438839160942,2.2404367275805e-10,3.30438957809855e-09,"9478","CABP1"
"ENSG00000157827",601.629271939537,-1.15105701474585,0.112537190775458,-10.2282366106198,1.48193140867035e-24,2.38931524883633e-22,"114793","FMNL2"
"ENSG00000157927",49.4692074027993,-1.35544549532234,0.23795591229516,-5.69620431889521,1.22504058298089e-08,1.2952995296545e-07,"55698","RADIL"
"ENSG00000157992",48.941411542743,1.37980102104532,0.29224090581663,4.72145067162875,2.34168427470864e-06,1.51698129280976e-05,"200634","KRTCAP3"
"ENSG00000158055",16.4496675010786,1.68977671442807,0.339198406150043,4.98167645776202,6.30357659633355e-07,4.59564323478751e-06,"57822","GRHL3"
"ENSG00000158106",201.644768452383,1.86735169759622,0.291817300446455,6.39904383578127,1.56352954275565e-10,2.37068340367122e-09,"114822","RHPN1"
"ENSG00000158186",846.423481787727,-2.93146422396562,0.242552095972507,-12.0859158615471,1.25365357444563e-33,1.2052718327948e-30,"22808","MRAS"
"ENSG00000158352",380.528131538058,-1.32964656275728,0.173768485995806,-7.65182797753889,1.98142189817304e-14,6.10855388512445e-13,"57477","SHROOM4"
"ENSG00000158373",307.725918624008,1.44823493269081,0.213162555131351,6.79404003108524,1.09036108748401e-11,2.06294410414795e-10,"3017","H2BC5"
"ENSG00000158402",16.9268048687818,2.15062807551798,0.361147850934215,5.95497957402971,2.60104314486247e-09,3.11716888062511e-08,"995","CDC25C"
"ENSG00000158445",237.140319857075,-3.66041524178277,0.321608053642349,-11.3816031667335,5.16415686135653e-30,2.39377113941237e-27,"3745","KCNB1"
"ENSG00000158458",35.9457991821629,-2.30252324877856,0.319799142800275,-7.19990437940778,6.02548000227806e-13,1.42839643743501e-11,"9542","NRG2"
"ENSG00000158477",7.02439282327525,2.1820445748215,0.679073009036656,3.21326948028311,0.0013123309602654,0.00430736670880244,"909","CD1A"
"ENSG00000158488",13.5439696766431,1.12110333568334,0.378466435385719,2.96222658302779,0.00305422934110332,0.00900723531428767,"913","CD1E"
"ENSG00000158516",4.36991093216334,-1.0554794079855,0.39664417072252,-2.66102337029902,0.00779035497251546,0.0203709110886024,"1358","CPA2"
"ENSG00000158555",315.745389742907,-1.88682006132404,0.21205005197384,-8.89799386399967,5.68651617002974e-19,3.62679574303764e-17,"81544","GDPD5"
"ENSG00000158560",43.88041523564,-1.2117021217221,0.247532152318032,-4.89513023005305,9.82406492541642e-07,6.86256935774918e-06,"1780","DYNC1I1"
"ENSG00000158571",124.673038507929,-2.07716884862585,0.26389729100587,-7.87112607601435,3.51463223567822e-15,1.22624762867924e-13,"5207","PFKFB1"
"ENSG00000158683",144.799309891183,-1.48033277334321,0.201160291389239,-7.35897111263778,1.8533312769791e-13,4.84281556356516e-12,"168507","PKD1L1"
"ENSG00000158813",50.9948995866834,-1.67698025722205,0.241333069924612,-6.94882080498089,3.68352068840415e-12,7.60070191014269e-11,"1896","EDA"
"ENSG00000158828",440.993035546374,-1.08174183902697,0.143610521556522,-7.53246925992962,4.97896498606182e-14,1.44892346533848e-12,"65018","PINK1"
"ENSG00000158856",154.856734066441,-1.4748191498426,0.231767618825713,-6.36335290199296,1.97396436354764e-10,2.94314571791899e-09,"2039","DMTN"
"ENSG00000158865",8.25404464165414,1.30139955396829,0.431917672402408,3.01307317834359,0.00258616547650061,0.00779327316620419,"115584","SLC5A11"
"ENSG00000158887",42.7461953785989,-2.2797717762227,0.359423493810561,-6.34285686796057,2.25542961826949e-10,3.32272656248805e-09,"4359","MPZ"
"ENSG00000158966",373.929761875923,-1.90423589198581,0.19739738543291,-9.64671283669562,5.07566619841089e-22,5.16682914424901e-20,"57685","CACHD1"
"ENSG00000159166",96.7171452750935,1.15126408970842,0.404658800083308,2.84502422651232,0.00444080453644616,0.0125203002234245,"3898","LAD1"
"ENSG00000159184",15.4728048828913,2.40385647017415,0.622096448685538,3.86412183392687,0.000111489567807702,0.000484197122494954,"10481","HOXB13"
"ENSG00000159216",1740.13208305791,1.26343229863211,0.178595647341527,7.07426142483785,1.5024680883799e-12,3.2856837942852e-11,"861","RUNX1"
"ENSG00000159216",1740.13208305791,1.26343229863211,0.178595647341527,7.07426142483785,1.5024680883799e-12,3.2856837942852e-11,"100506403","LOC100506403"
"ENSG00000159263",52.380194053993,2.50085210799225,0.481345040947264,5.19554975173462,2.04115736665492e-07,1.64752372274964e-06,"6493","SIM2"
"ENSG00000159289",87.4220464713237,-1.03141864871198,0.155317591203678,-6.6407072162188,3.12181608967142e-11,5.40476708032747e-10,"342096","GOLGA6A"
"ENSG00000159289",87.4220464713237,-1.03141864871198,0.155317591203678,-6.6407072162188,3.12181608967142e-11,5.40476708032747e-10,"124907523","LOC124907523"
"ENSG00000159387",50.4290946792748,-3.24607541862191,0.316954896629333,-10.2414427199024,1.29293788359323e-24,2.12418237862742e-22,"79190","IRX6"
"ENSG00000159399",1013.43428310776,-1.11620428156433,0.213274979388083,-5.23363914870318,1.66204778487768e-07,1.3766252839775e-06,"3099","HK2"
"ENSG00000159423",157.378976504268,-1.73284893261387,0.242309279538258,-7.15139319433396,8.59015446462285e-13,1.98207315193493e-11,"8659","ALDH4A1"
"ENSG00000159433",752.139315083873,-1.56318587667745,0.173270419923807,-9.02165457534434,1.85269598908179e-19,1.27565736033382e-17,"57519","STARD9"
"ENSG00000159450",10.3325631885994,1.12006282003655,0.478461577602506,2.34096711725317,0.0192338610479377,0.0441092468488707,"7062","TCHH"
"ENSG00000159708",10.5909670256032,1.21096031612441,0.39343566345952,3.07791191443174,0.0020845652242597,0.00646566424797863,"55282","LRRC36"
"ENSG00000159713",121.46986418962,-1.25416933775732,0.247709493049503,-5.06306529603482,4.12568466367689e-07,3.12137926259763e-06,"51673","TPPP3"
"ENSG00000159884",99.3860936305634,-1.23988032197329,0.193664942303466,-6.40219291744836,1.53160965786531e-10,2.32636181971139e-09,"203260","CCDC107"
"ENSG00000159899",122.758492245247,-1.24668574652758,0.167644221239714,-7.43649698932926,1.03390322088691e-13,2.83101896706565e-12,"4882","NPR2"
"ENSG00000159915",29.0189577596894,1.44160662837352,0.226022749699176,6.37814835140366,1.79241846523636e-10,2.68790286080909e-09,"353355","ZNF233"
"ENSG00000159958",4.77255007367238,1.73707085378327,0.505291432783803,3.43776035190864,0.000586546554056944,0.00211715283630393,"115650","TNFRSF13C"
"ENSG00000160111",119.153311623881,-1.39764698420223,0.242643104121056,-5.76009357144119,8.40673193345639e-09,9.15744639230637e-08,"27151","CPAMD8"
"ENSG00000160145",505.946043785838,-1.59433885504971,0.157576433155009,-10.1178762783731,4.60294511739624e-24,6.63795829763175e-22,"8997","KALRN"
"ENSG00000160161",57.7481129130041,2.70124603484437,0.360138541438025,7.50057470677356,6.35386315281547e-14,1.8065014208191e-12,"148113","CILP2"
"ENSG00000160180",426.437814500725,2.7321988732456,0.494611859782782,5.52392511260344,3.31508807056194e-08,3.19069544440663e-07,"7033","TFF3"
"ENSG00000160182",287.535523873359,4.12037547387434,0.619969675636564,6.6460919554552,3.00977265122013e-11,5.2434683543874e-10,"7031","TFF1"
"ENSG00000160183",166.146477504168,1.75122876905677,0.412012574464489,4.25042553939747,2.13364759338319e-05,0.000111506390636281,"64699","TMPRSS3"
"ENSG00000160185",16.8308631724619,1.16595193075607,0.367844475578446,3.16968721338706,0.00152603114731803,0.00492266888555754,"53347","UBASH3A"
"ENSG00000160188",34.5308167849811,2.10530961829456,0.277204907714888,7.59477758041688,3.08321554006293e-14,9.30629174290158e-13,"89765","RSPH1"
"ENSG00000160191",70.5772281642096,-1.2880678957065,0.202572073366405,-6.35856598740881,2.03645900350761e-10,3.02762902709339e-09,"5152","PDE9A"
"ENSG00000160200",86.1354789644998,1.07673652666273,0.258676627529412,4.16248092047013,3.14808453252901e-05,0.000157422420141376,"875","CBS"
"ENSG00000160200",86.1354789644998,1.07673652666273,0.258676627529412,4.16248092047013,3.14808453252901e-05,0.000157422420141376,"102724560","LOC102724560"
"ENSG00000160209",1691.97240747491,-1.10497013326058,0.14997818075083,-7.36753924956823,1.7380627389314e-13,4.56184353662097e-12,"8566","PDXK"
"ENSG00000160298",58.532082717071,1.19682575991026,0.221451190609829,5.40446748836373,6.50012117364439e-08,5.88654703147412e-07,"54058","C21orf58"
"ENSG00000160307",254.073809736597,-4.26531711008133,0.36821801404475,-11.5836731159029,4.98627877455989e-31,2.94167782795513e-28,"6285","S100B"
"ENSG00000160318",8.46521184112722,-1.43916772028199,0.398796005719417,-3.60878168196738,0.000307638361806604,0.00119995140432394,"125875","CLDND2"
"ENSG00000160325",108.671521088359,1.19153104170819,0.215188985799875,5.53713768053309,3.07454857045943e-08,2.97795267880544e-07,"11094","CACFD1"
"ENSG00000160326",50.3266920766364,-1.11955351176769,0.190443369495268,-5.87866889109784,4.13578698194937e-09,4.79699546369266e-08,"11182","SLC2A6"
"ENSG00000160345",26.6632983371869,1.99186779409691,0.308222495588397,6.46243484043705,1.03031516195165e-10,1.61894194757511e-09,"138162","PIERCE1"
"ENSG00000160401",37.0191904366421,2.40061417837724,0.372200890522612,6.44978085626424,1.12011999764395e-10,1.74946299030335e-09,"286207","CFAP157"
"ENSG00000160408",355.674443117153,-1.36553461285175,0.168968517366292,-8.08159196835188,6.39266896817849e-16,2.52189819264403e-14,"30815","ST6GALNAC6"
"ENSG00000160469",35.0116147350913,1.19340317285867,0.35242808966656,3.38623171038318,0.000708595255307839,0.00249507808427576,"84446","BRSK1"
"ENSG00000160471",14.9990975760098,1.29976117869241,0.485980307767932,2.67451408609971,0.00748376322520327,0.0196842158070551,"125965","COX6B2"
"ENSG00000160539",32.8828773418691,-1.73517513477993,0.228388466694242,-7.59747267405984,3.01969955636605e-14,9.12518755345169e-13,"84814","PLPP7"
"ENSG00000160606",38.9791000156565,1.06143382212208,0.238859121702634,4.44376507187994,8.8398127258378e-06,5.04648908593133e-05,"116238","TLCD1"
"ENSG00000160678",173.30268841818,-1.66524888396668,0.265569281640717,-6.27048758681196,3.59919244280816e-10,5.09699058540176e-09,"6271","S100A1"
"ENSG00000160683",7.59097672480001,2.31725527654095,0.448557848288485,5.16601211055086,2.3914130297638e-07,1.90068277485024e-06,"643","CXCR5"
"ENSG00000160781",42.7590736878975,1.26169330401658,0.313815956182369,4.02048805728466,5.80776936993336e-05,0.000271001397276164,"79957","PAQR6"
"ENSG00000160791",52.8921553596043,1.22769979476492,0.287759156588431,4.26641434913866,1.98639705373386e-05,0.000104760046161771,"1234","CCR5"
"ENSG00000160801",54.7453579896979,-2.03999206759632,0.248212602219999,-8.21872882098148,2.05671513997906e-16,8.89803526726273e-15,"5745","PTH1R"
"ENSG00000160808",10.7297732293196,-1.41384627371623,0.318196104037333,-4.44331736239719,8.85823534763102e-06,5.05589430857093e-05,"4634","MYL3"
"ENSG00000160856",24.620696772557,1.05918427027413,0.374390189880309,2.82909194445706,0.00466802859119357,0.0130771299557741,"115352","FCRL3"
"ENSG00000160862",4848.20370041411,1.24626764300799,0.219186351900457,5.68588158980802,1.30139546444644e-08,1.36878539165724e-07,"563","AZGP1"
"ENSG00000160867",71.7897971605904,1.17081931929287,0.381468138167878,3.06924537634022,0.00214600251119411,0.00663008012206341,"2264","FGFR4"
"ENSG00000160957",57.3392480344731,1.54647002349739,0.295368737467383,5.23572682998708,1.64336859413013e-07,1.36332892190571e-06,"9401","RECQL4"
"ENSG00000160973",3.54884916991369,2.17835627496925,0.628956142528799,3.46344701589349,0.000533301612969552,0.00195198015643875,"8928","FOXH1"
"ENSG00000161031",86.1566444205322,2.20748661448285,0.610384515109123,3.61655081320044,0.000298554731970499,0.00116838289348564,"114770","PGLYRP2"
"ENSG00000161055",31.738567717788,-2.10444178476645,0.528778756437228,-3.97981529921062,6.89688317725728e-05,0.00031580401043437,"92304","SCGB3A1"
"ENSG00000161243",60.3232796377691,-1.69910796350773,0.279319151866487,-6.08303423576158,1.17929153566407e-09,1.51694993472586e-08,"126433","FBXO27"
"ENSG00000161281",162.842244034539,-2.35992151555596,0.308088744137197,-7.65987580028256,1.86112980028172e-14,5.7788525545111e-13,"1346","COX7A1"
"ENSG00000161328",50.9995858881208,1.71985486562129,0.245901576798648,6.99407823248554,2.67008543524194e-12,5.64268106212389e-11,"115399","LRRC56"
"ENSG00000161533",1717.4497498694,-1.10546863853635,0.14542073040466,-7.60186415967089,2.91895047238307e-14,8.84132046232436e-13,"51","ACOX1"
"ENSG00000161544",134.928921118949,-1.68967328135577,0.24280464165732,-6.95898262002944,3.42738788574707e-12,7.08345021801134e-11,"114757","CYGB"
"ENSG00000161609",6.63421690880345,1.77115069996671,0.700351928434319,2.52894384674035,0.0114406329539629,0.0282753451603322,"147872","KASH5"
"ENSG00000161634",37.641075506053,1.98450038581636,0.543422379856661,3.65185619764098,0.000260351667277324,0.00103447245969459,"117159","DCD"
"ENSG00000161640",9.53415851208759,-1.37394367379224,0.398114152456803,-3.4511299468092,0.000558244716434007,0.00202749628095954,"114132","SIGLEC11"
"ENSG00000161649",355.554100607401,-4.51719064807178,0.367321637305129,-12.2976437794744,9.32548992942828e-35,1.27405825046368e-31,"146894","CD300LG"
"ENSG00000161800",160.617158997739,1.00603814311887,0.164169222733539,6.12805571207314,8.89594387847887e-10,1.16981211346279e-08,"29127","RACGAP1"
"ENSG00000161835",153.551430934526,-1.40213984206528,0.170618302663203,-8.217991974947,2.06938811161728e-16,8.93796615663249e-15,"160622","TAMALIN"
"ENSG00000161888",30.9434034321664,1.56262561050344,0.244466520976806,6.39198203606659,1.63749140369632e-10,2.46840893479378e-09,"147841","SPC24"
"ENSG00000161911",16.4296095163198,1.65407088154963,0.255947909781752,6.46252935982195,1.02967159434016e-10,1.61891067509885e-09,"340205","TREML1"
"ENSG00000161940",155.294503132723,-1.20090672871011,0.214224861068731,-5.60582335177624,2.07267274550243e-08,2.07811661366366e-07,"255877","BCL6B"
"ENSG00000161980",51.2205261163499,1.30801280877877,0.158552348997977,8.24972204477055,1.58763358519156e-16,7.00880826605483e-15,"51728","POLR3K"
"ENSG00000162004",35.7911596245359,2.40431133981932,0.309466194173926,7.76922127548461,7.89701089294737e-15,2.6047091328987e-13,"124093","CCDC78"
"ENSG00000162062",14.8447047462498,2.12943370000761,0.329194372169675,6.46862121600925,9.89011643614111e-11,1.56225484338795e-09,"80178","TEDC2"
"ENSG00000162069",163.602250714276,1.77224350084171,0.402853691778571,4.39922368097803,1.08638806579984e-05,6.06722491653019e-05,"146439","BICDL2"
"ENSG00000162073",106.351610323487,1.9880218324102,0.257616658945923,7.71697700197063,1.19121135207314e-14,3.80337813986649e-13,"124222","PAQR4"
"ENSG00000162078",212.735451857107,2.94662125609864,0.479269221570207,6.14815457259025,7.83896228444326e-10,1.0397740571261e-08,"124220","ZG16B"
"ENSG00000162267",19.4259714481969,-1.10719814076246,0.368909342585684,-3.00127433206789,0.00268852233664938,0.00806618848991501,"3699","ITIH3"
"ENSG00000162366",46.9180920610436,1.06763642743794,0.342265605691028,3.1193213974346,0.00181268117940043,0.00571454676401217,"10158","PDZK1IP1"
"ENSG00000162367",85.8624221198312,-1.82092017424733,0.255892004567735,-7.11597135410039,1.11127376133429e-12,2.5149471923902e-11,"6886","TAL1"
"ENSG00000162383",13.4021035629386,-1.48773450882265,0.323250526960408,-4.60241943860734,4.17611116643073e-06,2.56030925031197e-05,"6512","SLC1A7"
"ENSG00000162407",987.02574030938,-1.66559357139023,0.172398122209976,-9.66132084293581,4.40151830196931e-22,4.55492844483959e-20,"8613","PLPP3"
"ENSG00000162413",465.976494914808,-1.21456473095835,0.144657318347407,-8.39615129627573,4.61351113834353e-17,2.20142503913826e-15,"9903","KLHL21"
"ENSG00000162433",501.606294032221,-1.81738670203997,0.182460705143279,-9.96042792124939,2.27083169279135e-23,2.88952201379794e-21,"205","AK4"
"ENSG00000162444",184.568150032288,-2.91103848334697,0.286712882342899,-10.1531485420507,3.20841959429993e-24,4.78485084780822e-22,"116362","RBP7"
"ENSG00000162482",156.520438099185,1.98152444517509,0.332149771335061,5.9657558613105,2.43504145451236e-09,2.92904569398665e-08,"22977","AKR7A3"
"ENSG00000162496",536.964027668353,-2.0713158801726,0.200074424967409,-10.3527268940546,4.06733090912438e-25,7.43519547458104e-23,"9249","DHRS3"
"ENSG00000162522",908.809528702057,1.47086096474775,0.246606276585445,5.96441009172013,2.45519410204925e-09,2.94782277987948e-08,"57648","NHSL3"
"ENSG00000162543",114.466555117058,1.423069245284,0.2615361212365,5.44119580330227,5.29241042432237e-08,4.8837678561877e-07,"127733","UBXN10"
"ENSG00000162551",113.715079460517,-1.49298851947052,0.248630594641051,-6.00484635298385,1.91513176103772e-09,2.35606588876859e-08,"249","ALPL"
"ENSG00000162616",352.900197592091,-1.14617039702456,0.179205570226324,-6.39584135457973,1.59665713854927e-10,2.41386290055108e-09,"11080","DNAJB4"
"ENSG00000162618",665.22337433688,-1.69259636523277,0.244726199174754,-6.91628591846891,4.63638191128276e-12,9.4319123552569e-11,"64123","ADGRL4"
"ENSG00000162669",34.1761924638113,-1.09412242252094,0.255037233184914,-4.29004976590086,1.78633084528463e-05,9.50371683419302e-05,"164045","HFM1"
"ENSG00000162706",63.0283454412811,-1.42508856166108,0.313177877684808,-4.55041260320225,5.35408224714098e-06,3.21864907298021e-05,"57863","CADM3"
"ENSG00000162733",3273.19791790075,-2.56588847292814,0.282493503367482,-9.08299993571993,1.05622680899305e-19,7.67998193496967e-18,"4921","DDR2"
"ENSG00000162747",15.6940278353536,-1.0603390530357,0.447978566258606,-2.36694148537365,0.0179357682888381,0.0415656346077724,"2215","FCGR3B"
"ENSG00000162747",15.6940278353536,-1.0603390530357,0.447978566258606,-2.36694148537365,0.0179357682888381,0.0415656346077724,"124905743","LOC124905743"
"ENSG00000162755",48.6744462049564,1.50644482255329,0.198788933588086,7.5781120979039,3.5061940354912e-14,1.04854590752627e-12,"126823","KLHDC9"
"ENSG00000162761",10.0641210808443,-1.38184903215762,0.452644439280324,-3.05283554207509,0.00226690136706969,0.00695804962591876,"4009","LMX1A"
"ENSG00000162769",252.15416447452,1.09786732828544,0.13495936589626,8.13479910041475,4.12622032581516e-16,1.69475359521377e-14,"28982","FLVCR1"
"ENSG00000162771",5.77680221019218,-2.01134874341312,0.567144373828548,-3.54644925741813,0.00039045993014826,0.00148202352197522,"149647","GARIN4"
"ENSG00000162782",111.340485866285,1.38243468087935,0.258701670517397,5.34374083520418,9.10477202186705e-08,7.9899145417047e-07,"163589","TDRD5"
"ENSG00000162814",51.1047520599099,1.5738727980137,0.192857602438026,8.1608024683365,3.32806050843054e-16,1.39563480901196e-14,"128153","SPATA17"
"ENSG00000162817",507.94574837955,-1.65024546078982,0.20234715619747,-8.15551595486399,3.47692323157256e-16,1.4417567611048e-14,"79762","C1orf115"
"ENSG00000162849",227.843875562672,3.39222009879915,0.290932357093056,11.6598240659568,2.04464431178852e-31,1.29450919622942e-28,"55083","KIF26B"
"ENSG00000162878",210.286319303253,-2.31871905099209,0.262448392861092,-8.83495237183384,1.00140915774499e-18,6.14529052405305e-17,"91461","PKDCC"
"ENSG00000162881",9.25371904113723,-1.15672371296612,0.351786646210314,-3.28813991499431,0.00100851704858143,0.0034122895655731,"165140","OXER1"
"ENSG00000162882",26.6499704997009,-1.00463924847213,0.239558601399369,-4.19370977541019,2.74429053679191e-05,0.000139432949215198,"23498","HAAO"
"ENSG00000162891",28.1165294841903,2.38919971824607,0.488681295363163,4.88907543815554,1.01310669266142e-06,7.0618215703827e-06,"50604","IL20"
"ENSG00000162894",46.9554952034232,1.06603504664938,0.288306743326743,3.69757236458817,0.000217671178566457,0.000881483378038704,"9214","FCMR"
"ENSG00000162896",784.451421866732,-1.47180422914577,0.559932886966098,-2.62853685397994,0.00857530630171208,0.0220809246086541,"5284","PIGR"
"ENSG00000162944",107.905344542554,-1.29915605988602,0.220204104088093,-5.8997813199989,3.63983668992751e-09,4.25598562149272e-08,"130132","RFTN2"
"ENSG00000162949",288.814182379043,2.71475565090933,0.394051098657261,6.88934927515727,5.60481733988654e-12,1.12260685577758e-10,"92291","CAPN13"
"ENSG00000162975",22.2950207308841,2.74875954326996,0.745533188131101,3.68697140118006,0.000226938849820978,0.000915159028064775,"3754","KCNF1"
"ENSG00000162989",395.985416603,1.46865106067593,0.602387237297416,2.43805142231262,0.0147666732535219,0.0351792680171551,"3760","KCNJ3"
"ENSG00000163017",259.623674797783,-2.50616548507172,0.379347592685863,-6.60651479907261,3.93472953045307e-11,6.69755469845906e-10,"72","ACTG2"
"ENSG00000163040",116.911896119028,1.65340672330348,0.247086850149655,6.69160144419683,2.20741394676986e-11,3.95411416393834e-10,"91409","CCDC74B"
"ENSG00000163040",116.911896119028,1.65340672330348,0.247086850149655,6.69160144419683,2.20741394676986e-11,3.95411416393834e-10,"90557","CCDC74A"
"ENSG00000163050",705.195628303865,-1.32074063184748,0.17927993883009,-7.36691813075187,1.74617643528403e-13,4.57850988960634e-12,"56997","COQ8A"
"ENSG00000163083",300.694841526903,-1.27411673993701,0.196584466423492,-6.48126865320196,9.09545507596478e-11,1.44757708682951e-09,"3625","INHBB"
"ENSG00000163132",30.4054030323167,-1.20122930324189,0.262691749363197,-4.57277134190109,4.81315308360376e-06,2.91642921905197e-05,"4487","MSX1"
"ENSG00000163141",210.307905443517,1.8395882566379,0.291111629455409,6.31918504966384,2.62946257795052e-10,3.81956293220144e-09,"149428","BNIPL"
"ENSG00000163145",91.363137489243,-1.74589123741986,0.338122514288482,-5.16348709015656,2.42391306070504e-07,1.92239337701746e-06,"114905","C1QTNF7"
"ENSG00000163239",30.2674378825366,-1.64515686042936,0.252451673963521,-6.51671995118988,7.18614081825637e-11,1.16805161778521e-09,"126668","TDRD10"
"ENSG00000163251",175.447280372741,-1.84041564929463,0.219329905470203,-8.39108394885374,4.81680217464215e-17,2.29001008881613e-15,"7855","FZD5"
"ENSG00000163285",7.10394050640817,-1.48970528814913,0.584289243545915,-2.54960245221776,0.0107845818435795,0.0268662356521725,"2565","GABRG1"
"ENSG00000163297",642.877596780918,-1.44919756179823,0.198132296827249,-7.31429244502116,2.5874109462071e-13,6.55898567789492e-12,"118429","ANTXR2"
"ENSG00000163347",132.521145896969,1.23011395425412,0.268924528866033,4.57419767338112,4.78048343818252e-06,2.89934086655004e-05,"9076","CLDN1"
"ENSG00000163362",31.8741672515855,1.10351591207518,0.466468603546371,2.36568099907603,0.0179969438254035,0.0416925183239468,"55765","INAVA"
"ENSG00000163364",82.7297679327645,1.09507274534333,0.244826542531713,4.4728514074469,7.71834137019152e-06,4.46717291610772e-05,"375295","LINC01116"
"ENSG00000163393",80.4919429166233,1.15089237972029,0.178100264999573,6.46204754228214,1.03295632341313e-10,1.62211011755341e-09,"55356","SLC22A15"
"ENSG00000163430",4665.85313626601,-1.11990101831467,0.247650525000901,-4.5221023388123,6.12284422293829e-06,3.62455622209879e-05,"11167","FSTL1"
"ENSG00000163431",493.354128447425,-2.40515678044675,0.220993901067673,-10.883362702893,1.38362610402024e-27,4.12829498944338e-25,"25802","LMOD1"
"ENSG00000163462",21.5349688372012,1.76103727393235,0.385487438690841,4.56833893190666,4.91604630965452e-06,2.97599650433797e-05,"80128","TRIM46"
"ENSG00000163467",2.77667201640612,1.42693262901773,0.556369177630964,2.56472264530119,0.0103258307973925,0.0258923798144044,"128229","TSACC"
"ENSG00000163472",66.7810321711636,1.23815791512871,0.237790726634092,5.20692262753359,1.91998101291917e-07,1.56381760694558e-06,"84283","TMEM79"
"ENSG00000163485",55.6128364572257,-1.07495715154787,0.255878394371368,-4.20104696290899,2.65683466048546e-05,0.000135626576434379,"134","ADORA1"
"ENSG00000163491",755.281344140338,1.02201411300766,0.370169476517523,2.76093567363402,0.00576360272423701,0.0157006610888597,"152110","NEK10"
"ENSG00000163492",117.555908519708,-1.33180922799381,0.225247622587612,-5.91264499351507,3.3665726533433e-09,3.95785746990423e-08,"285025","CCDC141"
"ENSG00000163508",19.8716516753387,1.22797886710851,0.323976811673054,3.7903295015686,0.000150447573885043,0.000632747589583272,"8320","EOMES"
"ENSG00000163513",2472.99234600802,-1.88844268058336,0.217750518002255,-8.67250603079529,4.22712386566949e-18,2.3699283219233e-16,"7048","TGFBR2"
"ENSG00000163519",15.2976991331267,1.0367871235176,0.401188716776142,2.58428784301058,0.00975803183038275,0.0246735817507379,"50852","TRAT1"
"ENSG00000163520",1571.64504314134,-1.66194630074613,0.290493049830883,-5.72112242173667,1.0582261023607e-08,1.13136050927015e-07,"2199","FBLN2"
"ENSG00000163534",20.0293048004583,2.26997227663531,0.438363014470294,5.17829333612527,2.23924947675424e-07,1.78685637619387e-06,"115350","FCRL1"
"ENSG00000163545",48.8182829882433,1.52975383548265,0.238365649829425,6.4176773649112,1.38369109086578e-10,2.12362752876904e-09,"81788","NUAK2"
"ENSG00000163590",360.981584808469,-1.56518406890069,0.166240899706558,-9.415156388491,4.72378661372774e-21,4.14256935537651e-19,"151742","PPM1L"
"ENSG00000163599",16.259308970392,1.04491884075743,0.310508663906714,3.36518417106504,0.000764925826989088,0.00266988632741465,"1493","CTLA4"
"ENSG00000163600",16.485142221472,1.68441390298469,0.326425834014387,5.16017339151671,2.46721230980547e-07,1.95136798104602e-06,"29851","ICOS"
"ENSG00000163618",42.3555209723691,1.4186945474458,0.254446924213599,5.57560108785147,2.46676611355777e-08,2.43839736388928e-07,"8618","CADPS"
"ENSG00000163624",269.810773112717,1.75979501863767,0.264627311912224,6.65008840516578,2.92917026224674e-11,5.11334241206462e-10,"1040","CDS1"
"ENSG00000163631",68.1539557050088,-1.42539547753438,0.406831217540884,-3.50365315166881,0.000458922676860808,0.00170889611905793,"213","ALB"
"ENSG00000163637",827.050960949429,-1.01731632155197,0.152157498858215,-6.68594271847182,2.2944276643531e-11,4.09338510730432e-10,"166336","PRICKLE2"
"ENSG00000163638",614.92883354872,-1.32687667216965,0.197068928810699,-6.73305873319189,1.66132960115247e-11,3.04984397360084e-10,"56999","ADAMTS9"
"ENSG00000163686",101.314111698239,-1.23397300012644,0.167069991767812,-7.38596433189133,1.51352366778721e-13,4.00489779494602e-12,"57406","ABHD6"
"ENSG00000163687",42.1874871748912,-2.50634327329841,0.313243704551968,-8.00125664738653,1.23155788517632e-15,4.68064122743878e-14,"1776","DNASE1L3"
"ENSG00000163689",39.7787640555414,1.07386498044705,0.273544512093509,3.92574127051015,8.64630544605862e-05,0.000385438428247964,"200844","CFAP20DC"
"ENSG00000163694",1021.72767049809,1.15375851590196,0.180562856337191,6.38978879325758,1.66115033183252e-10,2.49971827905557e-09,"54502","RBM47"
"ENSG00000163704",65.9661315330678,1.65703306325638,0.26103841331595,6.34785142235285,2.1834279729073e-10,3.22764369708017e-09,"285368","PRRT3"
"ENSG00000163710",521.678388537563,-4.2755234692265,0.43905635898935,-9.73798324904846,2.07634045613103e-22,2.27124176915455e-20,"26577","PCOLCE2"
"ENSG00000163734",8.70388226592904,-1.43611739894741,0.378320583993856,-3.79603294059922,0.00014702997058466,0.000619880457436513,"2921","CXCL3"
"ENSG00000163736",16.3878177034849,-1.10368445645563,0.333788716500752,-3.30653614665594,0.000944571627237753,0.0032152098478675,"5473","PPBP"
"ENSG00000163739",11.9373139502178,-1.13200830513912,0.388033219305643,-2.91729740862074,0.00353078932948481,0.0102313272398713,"2919","CXCL1"
"ENSG00000163762",216.905712966336,-1.49524086221269,0.218193530196937,-6.85281942531987,7.24084653258511e-12,1.42069459027093e-10,"116441","TM4SF18"
"ENSG00000163814",245.770246242288,2.01456571313434,0.321906342208827,6.25823554550363,3.893574489408e-10,5.46616585159831e-09,"64866","CDCP1"
"ENSG00000163815",77.9400912918206,-3.12781162622122,0.332944326535381,-9.3943983331064,5.75457677149387e-21,4.97463128603851e-19,"7123","CLEC3B"
"ENSG00000163827",32.9235896630713,-1.61115947553625,0.281371623651063,-5.72609083542234,1.02771208238763e-08,1.10268738357241e-07,"79442","LRRC2"
"ENSG00000163873",162.549149646702,1.05679066025145,0.321531882297326,3.28673676993009,0.00101355528193041,0.0034279958317068,"2899","GRIK3"
"ENSG00000163879",189.857603141543,1.21653333436733,0.20772057682387,5.85658557745512,4.72480174488798e-09,5.41724397940822e-08,"7802","DNALI1"
"ENSG00000163884",142.227197353494,-3.20569620417135,0.29499786238564,-10.866845536598,1.65835759539908e-27,4.83681420914263e-25,"28999","KLF15"
"ENSG00000163898",77.5389130803329,1.61645302789328,0.353115588183521,4.57768810549698,4.70142967186001e-06,2.85606626309717e-05,"200879","LIPH"
"ENSG00000163931",1164.71002787821,-1.33618017485835,0.200320903609817,-6.67019842053504,2.55457805990706e-11,4.53258628018234e-10,"7086","TKT"
"ENSG00000163959",10.5543701861724,1.29078203245911,0.442333379895117,2.91812033892891,0.00352148418106823,0.0102061983287615,"200931","SLC51A"
"ENSG00000163993",82.2284393529895,2.93167261423159,0.499856019826694,5.86503412572291,4.49040334514385e-09,5.17363027222565e-08,"6286","S100P"
"ENSG00000164007",12.7401610529965,-2.31709426179722,0.558298166174659,-4.15028098278284,3.3206737974329e-05,0.000165124358376077,"149461","CLDN19"
"ENSG00000164035",351.036687581719,-1.82764719811236,0.238807830526988,-7.65321302102705,1.96018795291079e-14,6.06993611830766e-13,"51705","EMCN"
"ENSG00000164056",589.594655117414,-1.24733286512953,0.192053328485544,-6.49472141391922,8.3187201889858e-11,1.33707330443154e-09,"10252","SPRY1"
"ENSG00000164078",103.442971206713,1.60310566457193,0.307164959887167,5.21903821699197,1.79854652175379e-07,1.47649179670098e-06,"4486","MST1R"
"ENSG00000164087",33.0251588557626,1.38390287051483,0.215932557558689,6.40895882566804,1.46516752981439e-10,2.23459569558884e-09,"25886","POC1A"
"ENSG00000164089",17.8162390523511,1.05780752512442,0.187971690973718,5.62748315794172,1.82858010478339e-08,1.85850753171367e-07,"64850","ETNPPL"
"ENSG00000164099",42.4964991455851,-1.41827133356385,0.287845672536759,-4.9271935237544,8.34191231634443e-07,5.90669285072746e-06,"8492","PRSS12"
"ENSG00000164100",4.90211977689369,1.425470708125,0.563236536539887,2.53085624892527,0.0113784470864487,0.0281441860400846,"9348","NDST3"
"ENSG00000164109",91.61279207264,1.30783655368607,0.172821910321754,7.56753904207621,3.80360880678541e-14,1.13097454073924e-12,"4085","MAD2L1"
"ENSG00000164129",39.8196795748262,-2.44700650210098,0.456418322073977,-5.361323995456,8.26141907196467e-08,7.31661263289181e-07,"4889","NPY5R"
"ENSG00000164181",126.222539809105,-1.02367086798466,0.214982824922463,-4.761640230348,1.92025792811847e-06,1.26256472386269e-05,"79993","ELOVL7"
"ENSG00000164197",212.720332646772,-1.1578537583117,0.19480317610195,-5.94371088542077,2.78640874405512e-09,3.32397050451208e-08,"285671","RNF180"
"ENSG00000164220",130.174076552609,2.94244822728548,0.298438973232138,9.85946371353022,6.23816817965775e-23,7.46222901417309e-21,"2151","F2RL2"
"ENSG00000164236",14.3327571632876,-1.16905519274612,0.260914869397146,-4.48060011086093,7.44334562990954e-06,4.32440389125317e-05,"651746","ANKRD33B"
"ENSG00000164283",40.1895982754603,2.7419221996805,0.427610946065094,6.41218898840607,1.43444855244067e-10,2.19160774127457e-09,"11082","ESM1"
"ENSG00000164292",1696.5501684402,-1.31766541278851,0.240978532413686,-5.46797841114942,4.55197307536396e-08,4.24578214481846e-07,"22836","RHOBTB3"
"ENSG00000164303",7.68185209652787,-1.05125091956788,0.307481995888141,-3.41890235404324,0.000628742849876788,0.00224836849388368,"133121","ENPP6"
"ENSG00000164318",230.994290865259,-1.42527401964505,0.170401388876109,-8.36421597878702,6.05159773233475e-17,2.81518591283056e-15,"133584","EGFLAM"
"ENSG00000164330",1096.01527072446,-2.78128770047318,0.255543314058038,-10.8838210489886,1.37668410058554e-27,4.12829498944338e-25,"1879","EBF1"
"ENSG00000164344",20.1110715898548,-1.15190146736261,0.231565227551566,-4.97441468022701,6.544508020174e-07,4.75594454612757e-06,"3818","KLKB1"
"ENSG00000164379",3.63393017702951,1.38240928752076,0.589211416757669,2.34620248047454,0.0189658011575159,0.0436023617435831,"94234","FOXQ1"
"ENSG00000164411",34.1880818760707,-1.65296876671307,0.257023368710792,-6.43120030293053,1.26600196602207e-10,1.96079230513132e-09,"375519","GJB7"
"ENSG00000164434",12.2754513087885,-1.01521644681042,0.405969735019042,-2.5007195345801,0.0123941288907756,0.0303009554408154,"2173","FABP7"
"ENSG00000164488",14.3741240934707,-3.39803177196748,0.525626157352559,-6.46473111057195,1.01479092896155e-10,1.59938937061226e-09,"168002","DACT2"
"ENSG00000164530",296.525591867307,-3.05677376198452,0.46506390655177,-6.57280369196797,4.93765397889096e-11,8.21086623856832e-10,"221476","PI16"
"ENSG00000164532",6.16793690769999,1.11696088440165,0.436610535550788,2.55825453912283,0.0105199058734213,0.0262901431272042,"57057","TBX20"
"ENSG00000164542",121.325934805938,1.43836740087519,0.231281101528005,6.21913070878828,4.99916735023295e-10,6.86968692839317e-09,"23366","MATCAP2"
"ENSG00000164611",26.591773032943,1.49765718017625,0.282774130574295,5.2963019535578,1.18171371689697e-07,1.01471798422797e-06,"9232","PTTG1"
"ENSG00000164619",68.7059110179148,-2.21026391149785,0.322792627390686,-6.84731844517221,7.52470953674121e-12,1.47416158607342e-10,"168667","BMPER"
"ENSG00000164620",27.0258687237144,1.28420442287842,0.200151967128711,6.41614689728527,1.39766589740892e-10,2.14297763525934e-09,"285613","RELL2"
"ENSG00000164638",228.889129240104,-3.50598296894795,0.327177833935938,-10.7158328141338,8.57817070085927e-27,2.20467480250401e-24,"222962","SLC29A4"
"ENSG00000164683",87.346692476516,-1.34447717275254,0.22487498515817,-5.97877603774772,2.24820395532517e-09,2.72401914197417e-08,"23462","HEY1"
"ENSG00000164687",81.5356970922225,-2.12360723513233,0.298950898757589,-7.10353186412161,1.21608293709287e-12,2.72297108812297e-11,"2171","FABP5"
"ENSG00000164692",17885.9433706935,1.72817633416913,0.278889060884027,6.19664438860072,5.76796169974462e-10,7.83899213622884e-09,"1278","COL1A2"
"ENSG00000164694",278.183650452109,1.48852267322301,0.323879896344541,4.5959094405771,4.30865814967786e-06,2.63721170123409e-05,"84624","FNDC1"
"ENSG00000164695",85.2218096952019,1.16088672489754,0.267544371142482,4.33904372549591,1.43104050608111e-05,7.80070337187179e-05,"92421","CHMP4C"
"ENSG00000164708",17.47706186146,-1.17770844197163,0.380579699685919,-3.09451198512047,0.00197136969669083,0.00615798009466913,"5224","PGAM2"
"ENSG00000164736",75.4507158177695,-2.21503701725744,0.281329545578105,-7.87346033174637,3.44964493757101e-15,1.20681783408987e-13,"64321","SOX17"
"ENSG00000164741",1544.8626796247,-1.75860201589182,0.23404963898723,-7.51379930984542,5.74356117166385e-14,1.64741835242045e-12,"10395","DLC1"
"ENSG00000164776",35.3535476466287,-1.64180588868995,0.25469615414611,-6.44613537332058,1.14738186626247e-10,1.78988813007459e-09,"5260","PHKG1"
"ENSG00000164825",27.2084892271881,-2.50726028354407,0.457596386047882,-5.4791959901574,4.27262882126232e-08,4.01989485111733e-07,"1672","DEFB1"
"ENSG00000164841",15.5279721369023,-1.03313883728031,0.26464291041239,-3.90389765465614,9.46558215292055e-05,0.000418368093862611,"157753","TMEM74"
"ENSG00000164849",145.867774334734,-2.99739817853603,0.270575715607921,-11.0778536492145,1.60678220778321e-28,5.46320749900059e-26,"115330","GPR146"
"ENSG00000164850",93.2353782105908,-2.18392081960742,0.283500232153275,-7.7034180995897,1.324740236524e-14,4.19873102071917e-13,"2852","GPER1"
"ENSG00000164855",148.644805771107,2.03735288133331,0.375679711024384,5.42311128747934,5.8570501429416e-08,5.34777726382265e-07,"202915","TMEM184A"
"ENSG00000164877",209.75806784902,1.01873402871097,0.212953133762783,4.78384145239102,1.7197635511948e-06,1.14061141712193e-05,"79778","MICALL2"
"ENSG00000164879",116.656056699688,-2.13303310570618,0.342803305561525,-6.22232362144872,4.89845323925319e-10,6.74199624520331e-09,"761","CA3"
"ENSG00000164893",5.08470112338746,1.70425237921305,0.461957974852011,3.68919354570946,0.000224966031603883,0.000907767487699921,"157724","SLC7A13"
"ENSG00000164919",2299.10302114274,1.08385419878464,0.203120509012189,5.33601557053796,9.5011246464619e-08,8.30684383876248e-07,"1345","COX6C"
"ENSG00000164920",84.8572015052814,-1.15168532823099,0.264401438147746,-4.3558209679156,1.3256910073464e-05,7.27071353659369e-05,"116039","OSR2"
"ENSG00000164929",56.8086871925061,-1.59981072137471,0.264111824060168,-6.05732335940495,1.38405191361839e-09,1.75941329939795e-08,"79870","BAALC"
"ENSG00000164932",418.210616119876,2.37700901596118,0.295645637570143,8.04006118776986,8.97936229715136e-16,3.46854593020022e-14,"115908","CTHRC1"
"ENSG00000164935",8.66736114199007,1.216540733534,0.489514192516292,2.48520012725374,0.0129478622255675,0.0314553680534656,"81501","DCSTAMP"
"ENSG00000164946",379.982416920951,-2.37439155156997,0.266488859225275,-8.90990924901212,5.10743525767006e-19,3.28979663569726e-17,"158326","FREM1"
"ENSG00000164989",1008.81352369022,-1.70113980952459,0.178709680161046,-9.51901322855924,1.74831239184306e-21,1.59237519534955e-19,"203238","CCDC171"
"ENSG00000165028",128.913074376979,-1.23396922095437,0.139972850832509,-8.81577544227437,1.1885950306176e-18,7.17524414064456e-17,"55335","NIPSNAP3B"
"ENSG00000165029",1947.72021805997,-1.32171375575239,0.172759129003369,-7.65061599567694,2.00018817454441e-14,6.1590610480218e-13,"19","ABCA1"
"ENSG00000165046",23.8361930344172,1.14947549316853,0.242370062837701,4.74264634712025,2.10944336568402e-06,1.37442095598459e-05,"137994","LETM2"
"ENSG00000165061",23.0459691196472,1.01532179985729,0.438866295796696,2.31351053744997,0.0206945860814514,0.046981814369627,"79698","ZMAT4"
"ENSG00000165072",236.25311346381,-2.41256586249908,0.26749930916495,-9.01896109575148,1.89881415237819e-19,1.30395285099029e-17,"256691","MAMDC2"
"ENSG00000165078",23.8729118140242,1.07343657161545,0.389603916006623,2.75519964639472,0.00586563316701655,0.0159501472605715,"57094","CPA6"
"ENSG00000165084",101.282073849163,-1.97304711620752,0.503513483758868,-3.91855864807866,8.90800561001504e-05,0.000396084291923211,"116328","C8orf34"
"ENSG00000165092",713.013106412267,-2.14395192004564,0.256483663500737,-8.35901940413242,6.32417094544385e-17,2.93672324511326e-15,"216","ALDH1A1"
"ENSG00000165105",746.952821054044,2.24017684858072,0.370072885835705,6.05333958342262,1.41873348855094e-09,1.79909545167588e-08,"158158","RASEF"
"ENSG00000165124",2296.07316414603,-2.7493281103342,0.273846671915017,-10.0396623085031,1.02022821365229e-23,1.33752949343365e-21,"79987","SVEP1"
"ENSG00000165140",206.861455504469,1.47524535869623,0.243015927725696,6.07057065149002,1.27456527156617e-09,1.62981109947363e-08,"2203","FBP1"
"ENSG00000165152",47.5304358090813,-1.99940611975557,0.262781268668183,-7.60863257068848,2.77011024295755e-14,8.41996741061968e-13,"84302","PGAP4"
"ENSG00000165164",6.82778309971763,1.23616419505028,0.488034144076167,2.53294612693605,0.0113108335102342,0.0279971980793991,"286464","CFAP47"
"ENSG00000165186",68.2752767607065,-1.70678772038022,0.392620495124112,-4.3471691915642,1.3790584031583e-05,7.53792335842979e-05,"139411","PTCHD1"
"ENSG00000165194",131.183991913762,-1.1169925509873,0.278317292872947,-4.01337818235109,5.98558990306095e-05,0.000278497835998667,"57526","PCDH19"
"ENSG00000165197",79.9942259175141,-3.72607051088021,0.337009276225643,-11.0562847189566,2.04389382236496e-28,6.80197382576277e-26,"2277","VEGFD"
"ENSG00000165209",537.484100257314,1.04390235340431,0.132332053809746,7.8885071556823,3.05822695139132e-15,1.0815457112291e-13,"55342","STRBP"
"ENSG00000165215",149.538750348241,1.7764056164686,0.427642324801339,4.15395182713458,3.2678199972645e-05,0.000162845213071591,"1365","CLDN3"
"ENSG00000165244",57.8036958515416,1.07609927975753,0.178197406633046,6.0388043804335,1.55260329663754e-09,1.94980533982183e-08,"195828","ZNF367"
"ENSG00000165269",510.610318307222,-3.54076962877894,0.324715469534128,-10.9042221913816,1.10030224441778e-27,3.44116212778273e-25,"364","AQP7"
"ENSG00000165304",38.6981798929233,2.06392558784744,0.307120213042993,6.72025317838171,1.8140907907936e-11,3.29763086466529e-10,"9833","MELK"
"ENSG00000165309",27.7399064669713,1.3814835809063,0.281743210184754,4.9033429412563,9.42192806387954e-07,6.59585783932538e-06,"219681","ARMC3"
"ENSG00000165379",44.5925921872244,-1.49127793118154,0.265445734000223,-5.61801430638282,1.93164509235725e-08,1.95078485625646e-07,"145581","LRFN5"
"ENSG00000165410",398.83190195566,-1.64789740946055,0.218013499391279,-7.55869436554014,4.071352926655e-14,1.20369224681219e-12,"1073","CFL2"
"ENSG00000165424",820.367970032024,-1.56767610390098,0.232679296269733,-6.73749718618565,1.61138060644419e-11,2.96443783005516e-10,"219654","ZCCHC24"
"ENSG00000165434",309.637935959581,1.19355319787688,0.181618302028716,6.57176718725279,4.97215651429394e-11,8.2629474262511e-10,"283209","PGM2L1"
"ENSG00000165457",121.301459956156,-1.75057541376881,0.29819937466122,-5.8704865352505,4.34518072556797e-09,5.01521570806107e-08,"2350","FOLR2"
"ENSG00000165474",105.24304731436,4.48540333073937,0.439458298816322,10.2066643019844,1.851197859978e-24,2.89478277405476e-22,"2706","GJB2"
"ENSG00000165478",123.794156619149,-4.25864606331652,0.437140968442514,-9.74204288948167,1.9950269392004e-22,2.19436056304085e-20,"220296","HEPACAM"
"ENSG00000165490",32.0216312761989,1.21436197066237,0.243548615018157,4.98611733255735,6.16047409876801e-07,4.50080457798537e-06,"220042","DDIAS"
"ENSG00000165495",39.6391956141768,-1.06667026835225,0.264657782009208,-4.03037560526045,5.56877941630042e-05,0.000261258586821482,"63876","PKNOX2"
"ENSG00000165507",1646.86107390923,-2.8490814907829,0.270090630291691,-10.5486128404601,5.15525649480725e-26,1.08796868367648e-23,"11067","DEPP1"
"ENSG00000165548",174.004198708026,2.05988103818481,0.263991176239617,7.80284048704385,6.05290397932868e-15,2.02215291499889e-13,"57156","TMEM63C"
"ENSG00000165568",52.0064947219902,-1.19584912996588,0.171582276012881,-6.9695376338061,3.17984305967589e-12,6.5981108028031e-11,"83592","AKR1E2"
"ENSG00000165591",87.2347085202727,1.45243333695494,0.278927963154487,5.20719873521785,1.91712736090483e-07,1.56296240867048e-06,"158584","FAAH2"
"ENSG00000165626",121.327416471875,-1.63556871819085,0.2493428403894,-6.55951747255535,5.39821684997421e-11,8.93096959793694e-10,"222389","BEND7"
"ENSG00000165633",325.299249690882,-1.59950297187371,0.213531674314629,-7.49070589647943,6.85041674793673e-14,1.9391834017769e-12,"196740","VSTM4"
"ENSG00000165685",6.41579931320963,2.14584793583556,0.510528940380927,4.20318568862023,2.63184513718312e-05,0.000134456674022829,"120939","TMEM52B"
"ENSG00000165731",219.558479560582,1.30473939718449,0.330608486408972,3.94647884377201,7.93089259912637e-05,0.000357475447279254,"5979","RET"
"ENSG00000165757",908.829072396395,-1.17584473851728,0.221154786965474,-5.3168405470728,1.05584516520256e-07,9.11764098414104e-07,"57608","JCAD"
"ENSG00000165795",635.259707033635,-1.54412730488811,0.148249125903851,-10.4157599275801,2.10112777357185e-25,4.01037314311603e-23,"57447","NDRG2"
"ENSG00000165801",655.851334274672,-1.20171552139561,0.121241053842234,-9.91178716542129,3.69968174130362e-23,4.53001597362072e-21,"55701","ARHGEF40"
"ENSG00000165804",201.469402561062,-1.19553749415517,0.123191654067419,-9.70469552670257,2.87934685787924e-22,3.0885159395384e-20,"51222","ZNF219"
"ENSG00000165810",926.720862971246,-3.44299791935969,0.288010616613634,-11.9544132082411,6.15669125875725e-33,5.32717972316069e-30,"153579","BTNL9"
"ENSG00000165816",173.805199774498,2.32641289478355,0.332689746837021,6.99273998342731,2.69568844591918e-12,5.67976304214043e-11,"340706","VWA2"
"ENSG00000165868",456.161050061185,-1.95759552696703,0.233201457808456,-8.39443949177597,4.68122015876726e-17,2.22963509873909e-15,"259217","HSPA12A"
"ENSG00000165891",26.4140823395207,1.98963388339102,0.291134009125236,6.83408265962889,8.25314292144998e-12,1.60355601762724e-10,"144455","E2F7"
"ENSG00000165914",183.202024205017,-1.236197513228,0.158269014925634,-7.81073613056132,5.68549336816618e-15,1.90923721669933e-13,"145567","TTC7B"
"ENSG00000165923",24.4742045711762,1.59768049110702,0.316835787084303,5.04261373315734,4.59215643192787e-07,3.44394041460495e-06,"79841","AGBL2"
"ENSG00000165929",1761.58459209886,1.17590350643447,0.219899318597485,5.34746316602691,8.91955560282449e-08,7.84328673232108e-07,"123036","TC2N"
"ENSG00000165996",29.0385702370617,-1.12558661436815,0.217944041536262,-5.16456704406332,2.40996087563282e-07,1.91308148041825e-06,"9200","HACD1"
"ENSG00000166025",838.382700969448,-1.45367439931551,0.157742710434467,-9.2154775032817,3.09895894097376e-20,2.42297518643967e-18,"154810","AMOTL1"
"ENSG00000166123",339.654275558014,-1.72566345519037,0.243319011519249,-7.09218504717562,1.32010828300063e-12,2.92633397183009e-11,"84706","GPT2"
"ENSG00000166145",452.974014433533,1.75142975429624,0.347915524702863,5.03406611645757,4.80183933976445e-07,3.58900505561778e-06,"6692","SPINT1"
"ENSG00000166148",87.5503814143499,-1.85995143704718,0.258737241479854,-7.18857257041601,6.54721851048129e-13,1.5408222855401e-11,"552","AVPR1A"
"ENSG00000166165",126.068207654912,-1.63016414448732,0.266618576584595,-6.11421816652781,9.7031486538788e-10,1.27209258968377e-08,"1152","CKB"
"ENSG00000166171",72.4796065132686,1.07778697552302,0.12607534981469,8.54875260792206,1.24425891514631e-17,6.49868670409817e-16,"25911","DPCD"
"ENSG00000166173",147.90714752194,-2.00435929419876,0.207467193625278,-9.66109031107339,4.41143547697172e-22,4.55492844483959e-20,"55323","LARP6"
"ENSG00000166206",45.472310839718,-1.51565422813273,0.2067691768062,-7.33017489136361,2.29852575430712e-13,5.88413525939884e-12,"2562","GABRB3"
"ENSG00000166250",682.29873751108,-2.64944246322668,0.253207655564121,-10.4635164261681,1.27051135789292e-25,2.51755220062476e-23,"79827","CLMP"
"ENSG00000166265",314.539299013412,-1.96158252464514,0.211299015254581,-9.28344375993304,1.64087457561961e-20,1.33105694481043e-18,"116159","CYYR1"
"ENSG00000166268",10.4967706583514,1.80987712550591,0.449032614123552,4.03061396562148,5.56313470862139e-05,0.000261070811668124,"196446","MYRFL"
"ENSG00000166289",66.4589533572681,-1.49096451042495,0.198536374009881,-7.50978009878805,5.92267662777474e-14,1.693181056209e-12,"79156","PLEKHF1"
"ENSG00000166292",150.065814979381,-2.28035799404837,0.270043219661289,-8.44441862642799,3.0556232847831e-17,1.51081655669333e-15,"55273","TMEM100"
"ENSG00000166408",6.66375067121733,-1.80698130054645,0.558687314770967,-3.23433386220201,0.00121926834804781,0.0040307905983985,"79283","OR5P1P"
"ENSG00000166428",38.7070549988018,1.74718642357078,0.253191450341276,6.9006533246512,5.17639173491586e-12,1.04485829436194e-10,"122618","PLD4"
"ENSG00000166473",178.799782323488,-1.50105809406048,0.219662706356096,-6.83346808823845,8.28859413097383e-12,1.60683589583136e-10,"114780","PKD1L2"
"ENSG00000166482",607.865230859838,-1.84474162530114,0.304851749367296,-6.0512745264864,1.43704313903381e-09,1.81787357714619e-08,"4239","MFAP4"
"ENSG00000166509",1155.80646616304,3.89192549230136,0.814885279296114,4.77604098538036,1.78779970057803e-06,1.18236190134024e-05,"10143","CLEC3A"
"ENSG00000166548",404.181550234765,-1.12923381223426,0.137266959887877,-8.22655221006313,1.92679118372007e-16,8.40599084823623e-15,"7084","TK2"
"ENSG00000166557",415.747595526358,1.52067009641351,0.220337875405484,6.9015374393306,5.14427092676185e-12,1.03918276044268e-10,"23423","TMED3"
"ENSG00000166578",19.6599161579802,1.1912624916375,0.184210185570352,6.46686548818739,1.00056638973016e-10,1.57888768052374e-09,"115811","DRC10"
"ENSG00000166589",5.65655709650526,1.52464750019425,0.401344867899752,3.7988463840905,0.000145371155516964,0.000613684250269859,"1014","CDH16"
"ENSG00000166592",20.8628446856938,-1.36468667134057,0.324931742066503,-4.19991799711973,2.67011666993651e-05,0.000136146065509381,"6236","RRAD"
"ENSG00000166670",11.3308735570738,3.15476455646416,0.595927453553913,5.29387350364577,1.1975228382281e-07,1.02727355699686e-06,"4319","MMP10"
"ENSG00000166676",42.5443270814188,-1.55086247820644,0.289855663908543,-5.35046463227222,8.77286974533683e-08,7.7273889667273e-07,"780776","TVP23A"
"ENSG00000166770",67.3158878750873,-1.12156699521971,0.234084516953109,-4.79129081161902,1.65711734180758e-06,1.10437617352095e-05,"100128252","ZNF667-AS1"
"ENSG00000166803",40.8334892976496,2.43448550541276,0.313932723875783,7.75480005829543,8.84827728879985e-15,2.89274032572628e-13,"9768","PCLAF"
"ENSG00000166816",88.5464680536666,-1.86837242280142,0.23902280724393,-7.81671190437776,5.42210056033181e-15,1.83025860006623e-13,"197257","LDHD"
"ENSG00000166819",8036.99616217866,-4.76879407520388,0.434848190344302,-10.9665721994337,5.53304235011262e-28,1.77316930029905e-25,"5346","PLIN1"
"ENSG00000166823",45.0555108775249,-2.11668965213531,0.318731056530497,-6.64098966437802,3.11583889967284e-11,5.39926209330491e-10,"55897","MESP1"
"ENSG00000166825",420.033238683826,-1.27054355947507,0.295623815224237,-4.29783899010754,1.72471369159044e-05,9.20816906752462e-05,"290","ANPEP"
"ENSG00000166831",26.8399051447568,-1.41912219739415,0.263969474676339,-5.37608448527688,7.61230832349829e-08,6.78805563247573e-07,"348093","RBPMS2"
"ENSG00000166839",73.2408655037897,-1.44640668017323,0.250698102117427,-5.7695158756955,7.9499588935922e-09,8.70371290425417e-08,"348094","ANKDD1A"
"ENSG00000166840",50.1645873721551,2.85643469018631,0.495714373682483,5.76225915937617,8.29954266820019e-09,9.0482792348232e-08,"92292","GLYATL1"
"ENSG00000166851",49.0976514810448,1.28192440443637,0.254581562372953,5.03541730393812,4.7680894237998e-07,3.56480602716e-06,"5347","PLK1"
"ENSG00000166920",38.4884729844142,2.27712340903975,0.354210893408091,6.42872212971793,1.28681107786554e-10,1.98827630709724e-09,"84419","COXFA4L3"
"ENSG00000166923",259.794633717415,1.92575628241978,0.321247865343007,5.99461191863046,2.03971951465381e-09,2.49397264066809e-08,"26585","GREM1"
"ENSG00000166947",27.7612603685487,-2.38955925199503,0.389420110071655,-6.13619890240219,8.45193254510196e-10,1.11481333844388e-08,"2038","EPB42"
"ENSG00000166959",5.25340883972314,2.03323627389327,0.523046003301951,3.88729913058813,0.000101365808517526,0.000444994699390822,"83661","MS4A8"
"ENSG00000166960",25.4620034861025,-1.38640311866083,0.231361419649067,-5.99236951763071,2.06805354232353e-09,2.52267546295274e-08,"374864","CCDC178"
"ENSG00000167074",334.146874354958,-1.33316015974459,0.172077100077406,-7.74745831458626,9.37500949391517e-15,3.04958015592794e-13,"7008","TEF"
"ENSG00000167080",5.87558752321068,1.30894025055547,0.522785980108934,2.50377841097179,0.0122874963556311,0.0300819419409103,"124872","B4GALNT2"
"ENSG00000167104",11.5354318780769,-1.72883817014675,0.450161921070524,-3.84048070088964,0.000122793626019944,0.000528340285799057,"128859","BPIFB6"
"ENSG00000167105",4.90301580028245,1.69172994445097,0.496252817741705,3.40900823928721,0.000651995104821886,0.00231874077695116,"162461","TMEM92"
"ENSG00000167106",563.525015494387,1.25874465982731,0.203382624855021,6.18904717511927,6.05289681702017e-10,8.20047471692117e-09,"399665","EEIG1"
"ENSG00000167183",179.565972987049,2.36217419317406,0.472085282965101,5.00370225129149,5.62396014097628e-07,4.14735106078018e-06,"79170","PRR15L"
"ENSG00000167191",309.149336147751,-1.46692420569088,0.151268704058382,-9.69747321378997,3.09057511226409e-22,3.27449586792454e-20,"51704","GPRC5B"
"ENSG00000167244",923.177759887441,-1.39553608496322,0.249610994236279,-5.59084382173577,2.25968762384844e-08,2.25430327977932e-07,"3481","IGF2"
"ENSG00000167306",515.930799066817,1.48803796232469,0.243866559249385,6.10185327133343,1.04845603233543e-09,1.36694232482989e-08,"4645","MYO5B"
"ENSG00000167315",326.885165732941,-1.49867107471842,0.180217707293095,-8.31589246821943,9.1064361734149e-17,4.15439139173118e-15,"10449","ACAA2"
"ENSG00000167434",90.7436847050494,-4.16785385430461,0.371637682372586,-11.2148311433234,3.44843928993904e-29,1.30120055330432e-26,"762","CA4"
"ENSG00000167468",1395.97006741526,-1.17111548056369,0.201208529717112,-5.82040673032208,5.87045950055139e-09,6.60534840551855e-08,"2879","GPX4"
"ENSG00000167483",18.7809560292569,1.41406355533734,0.359215999056329,3.93652721218466,8.26692498698997e-05,0.000370562664155216,"199786","NIBAN3"
"ENSG00000167513",25.9600852902083,1.89114200292084,0.339217907203053,5.57500639784566,2.47520768865645e-08,2.44487980145145e-07,"81620","CDT1"
"ENSG00000167536",59.9825495813284,1.04721246555315,0.218247496626253,4.7982793926223,1.60034442480485e-06,1.0692854717911e-05,"147015","DHRS13"
"ENSG00000167588",3396.01536982514,-4.7666914205091,0.46752154531087,-10.1956615012033,2.07328243636163e-24,3.16578032253383e-22,"2819","GPD1"
"ENSG00000167608",270.543686299449,2.0658360106243,0.339652459766325,6.08220535792839,1.18540602476491e-09,1.52104644542004e-08,"147798","TMC4"
"ENSG00000167614",28.8374712994322,-2.23677382395429,0.384510405884751,-5.81719971611045,5.98416291632394e-09,6.72454116804922e-08,"57348","TTYH1"
"ENSG00000167619",9.30940428881564,2.77973285939392,0.466395109093168,5.96003861360956,2.52178337976804e-09,3.02357750448124e-08,"284339","TMEM145"
"ENSG00000167641",126.719755192579,-1.81479306698325,0.384479140540196,-4.72013400891776,2.3568931760164e-06,1.52531122071887e-05,"94274","PPP1R14A"
"ENSG00000167642",888.533402511266,2.09569941239173,0.337119585804443,6.21648667309234,5.08409540737939e-10,6.98269569231504e-09,"10653","SPINT2"
"ENSG00000167646",11.92889778158,2.0121673455966,0.351166957106204,5.72994498735841,1.0046321046911e-08,1.07895077259294e-07,"352909","DNAAF3"
"ENSG00000167676",18515.0222106545,-5.02162486190366,0.440006464020409,-11.4126161148186,3.61684870723412e-30,1.77143695740346e-27,"729359","PLIN4"
"ENSG00000167701",49.2780065562782,-1.80782879955904,0.248551992560849,-7.27344319767005,3.50438189605052e-13,8.64702901688968e-12,"2875","GPT"
"ENSG00000167702",196.636915621331,1.35158101444311,0.230121205991833,5.87334404327376,4.27090819177515e-09,4.93827326690865e-08,"90990","KIFC2"
"ENSG00000167705",65.1202215353994,-1.748077798404,0.194547532941933,-8.98535063369705,2.57910608549574e-19,1.73020697903049e-17,"83547","RILP"
"ENSG00000167749",11.1526545352458,3.93820602660595,0.519484075713671,7.58099470363095,3.42915599999429e-14,1.02669009743774e-12,"9622","KLK4"
"ENSG00000167754",42.4347795757692,-2.01361030739043,0.541662328872841,-3.71746418396974,0.000201232504502382,0.000819901640538821,"25818","KLK5"
"ENSG00000167767",50.6182786733388,1.34798286189957,0.415793371425695,3.24195370714433,0.00118713304176971,0.00393457603399619,"144501","KRT80"
"ENSG00000167772",270.332436140599,-2.74549247124293,0.244989300954776,-11.2065811059632,3.78533780001666e-29,1.38821756967611e-26,"51129","ANGPTL4"
"ENSG00000167779",179.295559804292,-2.5144348575143,0.299846546184459,-8.38573893716782,5.0408093894462e-17,2.3834122063979e-15,"3489","IGFBP6"
"ENSG00000167861",402.446850405636,1.07517008846543,0.211456872261667,5.08458333354594,3.68433980424251e-07,2.81868825931409e-06,"283987","HID1"
"ENSG00000167874",22.1419359339352,-1.62814156619581,0.224501380469975,-7.25225636825677,4.09885102020202e-13,9.97169398148117e-12,"92162","TMEM88"
"ENSG00000167880",149.01468507668,1.78474807650493,0.337334512196117,5.29073667821846,1.21824658151712e-07,1.04263912835547e-06,"2125","EVPL"
"ENSG00000167900",62.4756988877473,1.6822867638837,0.264905977958218,6.35050509939432,2.14609096294362e-10,3.17425807499091e-09,"7083","TK1"
"ENSG00000167964",60.6382794820804,1.22315854131896,0.171524992645721,7.13108056413306,9.95840062035585e-13,2.26953611328531e-11,"25837","RAB26"
"ENSG00000167968",16.992645825117,1.38221274004367,0.286039999945005,4.83223584222282,1.35008184459182e-06,9.15980776840422e-06,"1775","DNASE1L2"
"ENSG00000167971",21.4074658690177,1.94801514278121,0.347260434388388,5.60966626161183,2.02717161977473e-08,2.03800623184015e-07,"57524","CASKIN1"
"ENSG00000168004",295.546836100161,-2.87297325705486,0.390586991578919,-7.35552724232078,1.90174964821223e-13,4.95638728597319e-12,"117245","PLAAT5"
"ENSG00000168078",48.8947942284268,2.88159082195406,0.352973354833154,8.16376302204497,3.24745712641597e-16,1.36624784582667e-14,"55872","PBK"
"ENSG00000168079",401.620793746591,-3.18199881542104,0.308965341823398,-10.2988859418408,7.12820142638346e-25,1.25873369133375e-22,"286133","SCARA5"
"ENSG00000168269",42.2080541854012,1.20536392075564,0.494358367918346,2.43823913779635,0.0147590067558563,0.0351680757789701,"2299","FOXI1"
"ENSG00000168280",327.379879458429,1.20376263084522,0.29520085238536,4.0777749153441,4.54687519691105e-05,0.000218327388755858,"3800","KIF5C"
"ENSG00000168309",203.342730474472,-3.28524592751436,0.292532995251152,-11.2303431778485,2.89352504972531e-29,1.1555403575503e-26,"11170","FAM107A"
"ENSG00000168334",9.25761010626769,2.15982438672363,0.433788401573119,4.97898140865707,6.39197817128238e-07,4.65382151131669e-06,"165904","XIRP1"
"ENSG00000168350",161.455744765541,2.86108494588771,0.377149955053793,7.58606731234963,3.29761159359013e-14,9.90733816509406e-13,"123099","DEGS2"
"ENSG00000168356",27.6777699279594,-1.93698650064149,0.291774347364816,-6.63864564563521,3.16578438695417e-11,5.4639249412604e-10,"11280","SCN11A"
"ENSG00000168421",197.822331648195,1.41799018392133,0.274701561032698,5.16192983611238,2.44416907182485e-07,1.93550154870132e-06,"399","RHOH"
"ENSG00000168427",38.0736485877972,-2.51066578387905,0.359473340282875,-6.98428924354548,2.86301676362623e-12,6.01279847493605e-11,"377007","KLHL30"
"ENSG00000168461",943.084334328399,1.01852879819929,0.212107288753144,4.8019509569267,1.57127181311143e-06,1.05094237889066e-05,"11031","RAB31"
"ENSG00000168477",3220.80805129004,-3.229639796984,0.272695242969872,-11.8434035071921,2.32809601104869e-32,1.88852238296256e-29,"7148","TNXB"
"ENSG00000168490",24.8587980413384,-1.82484034772667,0.276273812366139,-6.60518755685849,3.97014384745256e-11,6.74456766964487e-10,"9796","PHYHIP"
"ENSG00000168497",1096.17329678579,-3.61521906873756,0.290931136493209,-12.4263738571067,1.87969161113247e-35,2.87017852010451e-32,"8436","CAVIN2"
"ENSG00000168528",314.585865488051,1.83662791329437,0.296927333376314,6.18544575337798,6.19272284832353e-10,8.35937075906304e-09,"347735","SERINC2"
"ENSG00000168542",29583.3000048073,1.40573701140255,0.28832215564642,4.87557748814301,1.08490597932483e-06,7.50986384301702e-06,"1281","COL3A1"
"ENSG00000168546",43.1406950775012,-2.04869528408785,0.326848318615505,-6.26803066561854,3.65642787979298e-10,5.16676945583376e-09,"2675","GFRA2"
"ENSG00000168589",17.8623685366363,1.01679907945722,0.242812700193737,4.18758606385059,2.81937122462103e-05,0.00014271692326192,"83657","DYNLRB2"
"ENSG00000168594",53.2108275472463,-2.33252520610814,0.359485058141243,-6.48851782093173,8.66849048771717e-11,1.38471800664715e-09,"11086","ADAM29"
"ENSG00000168619",9.39991071175587,-2.16440316296052,0.5519547704436,-3.92134152807669,8.80573516118726e-05,0.00039173825760771,"8749","ADAM18"
"ENSG00000168672",990.086923984886,1.25060162357529,0.199755486667491,6.26066219476123,3.83346124044891e-10,5.39051933258791e-09,"157638","LRATD2"
"ENSG00000168676",6.09733419975191,1.34347622297534,0.503377950134957,2.66892147861294,0.00760952376303118,0.0199591053063619,"146212","KCTD19"
"ENSG00000168743",762.506400372852,1.91692250844679,0.254132542969618,7.54300289938061,4.59270940339245e-14,1.34253998528447e-12,"255743","NPNT"
"ENSG00000168754",6.61540742872973,-1.34060573738123,0.470062273547823,-2.85197475488285,0.00434485510921615,0.012284473251828,"51252","FAM178B"
"ENSG00000168792",231.046794766571,-1.09956735996036,0.181708040084102,-6.05128622515235,1.43693876799772e-09,1.81787357714619e-08,"116236","ABHD15"
"ENSG00000168807",1042.21612101122,-1.14509006123924,0.166517081099799,-6.87671230888887,6.12496265775836e-12,1.21926212170316e-10,"6645","SNTB2"
"ENSG00000168824",16.2420696000335,-1.17039092262289,0.37043183872653,-3.15953112088436,0.00158023222819779,0.0050792060648289,"27065","NSG1"
"ENSG00000168874",166.618972439205,-3.10613571987925,0.293697736569261,-10.5759607008301,3.85209129001011e-26,8.33271547550687e-24,"84913","ATOH8"
"ENSG00000168907",35.6497189308732,1.29083165491556,0.239913837064109,5.38039685710429,7.43218122012825e-08,6.63883551658944e-07,"255189","PLA2G4F"
"ENSG00000168917",76.6726848501908,-2.04165478941737,0.258581425714428,-7.89559723315988,2.88928321300438e-15,1.02739744716668e-13,"80723","SLC35G2"
"ENSG00000168952",58.2486152448952,-1.59534774128549,0.224312880211832,-7.11215396895136,1.14245703284972e-12,2.57877388336636e-11,"29091","STXBP6"
"ENSG00000168994",284.329108863515,-1.51299310110808,0.20925609917604,-7.23034170600325,4.81780254726274e-13,1.16253455874708e-11,"221749","PXDC1"
"ENSG00000169035",22.6471432150648,-1.80502006582722,0.540724545168941,-3.33815078666952,0.000843379682878896,0.00291277937841543,"5650","KLK7"
"ENSG00000169064",11.9488224448031,1.43752567347189,0.431419351183104,3.33208436183886,0.000861981221025192,0.00296872874291786,"79740","ZBBX"
"ENSG00000169071",142.912571442938,1.43232980929988,0.234153356593945,6.1170586240356,9.53183082890964e-10,1.25026409629528e-08,"4920","ROR2"
"ENSG00000169116",531.991235395128,-1.69847859359501,0.247714459427956,-6.8565985107098,7.05194580424833e-12,1.3867758271718e-10,"25849","PARM1"
"ENSG00000169174",6.90346115661689,1.71890497508653,0.522611398486947,3.28906904836571,0.00100519360464701,0.00340237522355289,"255738","PCSK9"
"ENSG00000169213",45.7607029472749,1.47451936495867,0.426555637077417,3.45680431059701,0.000546621638765651,0.00199202646343939,"5865","RAB3B"
"ENSG00000169241",270.479393280538,1.33915593214094,0.151808941876654,8.82132445945785,1.13113738837178e-18,6.90872101820109e-17,"55974","SLC50A1"
"ENSG00000169245",93.9191626744669,2.662911685328,0.323578289940323,8.22957462881428,1.8787941540129e-16,8.21039371209879e-15,"3627","CXCL10"
"ENSG00000169248",23.1674355436062,2.38692780639971,0.326567361180914,7.30914380962088,2.68849915822455e-13,6.76997070738565e-12,"6373","CXCL11"
"ENSG00000169252",144.366363218438,-2.05171626024332,0.225183718287895,-9.11129932413771,8.14011629746087e-20,6.01997546579741e-18,"154","ADRB2"
"ENSG00000169258",26.607009726684,1.61445452867829,0.247441310376187,6.5245957767675,6.81851688341139e-11,1.11305245623765e-09,"114787","GPRIN1"
"ENSG00000169291",272.47657816712,-2.07018866440199,0.228670032771793,-9.05316992921408,1.38876935856239e-19,9.95847375954769e-18,"126669","SHE"
"ENSG00000169302",30.7915007899949,-1.76241726642372,0.308089401727409,-5.72047352665206,1.06227579499239e-08,1.13475535335031e-07,"202374","STK32A"
"ENSG00000169313",44.87473948475,-1.32916985940645,0.245260405284188,-5.41942291038098,5.9791725105777e-08,5.45123186846891e-07,"64805","P2RY12"
"ENSG00000169344",5.93028441363876,1.12054670011561,0.447947390722907,2.50151406911256,0.012366352883323,0.0302407713749692,"7369","UMOD"
"ENSG00000169347",377.740473087954,1.67491947374749,0.382859765592577,4.37475970125801,1.21566318234659e-05,6.7355784177914e-05,"2813","GP2"
"ENSG00000169418",529.524389902309,-3.65510719778918,0.298664313668123,-12.2381785520273,1.9434512567953e-34,2.52240538619462e-31,"4881","NPR1"
"ENSG00000169427",2.80929907331159,1.53313209800961,0.656922030456539,2.33381136105929,0.0196056016543006,0.0448429119519195,"51305","KCNK9"
"ENSG00000169432",116.558744591891,-2.19655714339395,0.27819627787039,-7.89571003684425,2.88667097941896e-15,1.02739744716668e-13,"6335","SCN9A"
"ENSG00000169436",22.3285264141037,1.9291619113494,0.468221814236982,4.12018802347596,3.78563341142191e-05,0.000185200663576498,"169044","COL22A1"
"ENSG00000169554",1831.57226324157,-1.59330194278683,0.210137294596161,-7.5821949923207,3.39757122429088e-14,1.01840824295777e-12,"9839","ZEB2"
"ENSG00000169594",9.97464507539828,-1.21619106064134,0.416950646946837,-2.91687054462446,0.00353562483024622,0.0102419093118549,"646","BNC1"
"ENSG00000169607",47.3105368938421,2.07306241697304,0.278579272961879,7.44155297317013,9.95084646306375e-14,2.73415059271648e-12,"150468","CKAP2L"
"ENSG00000169618",7.67599839175896,-2.80614238974573,0.490631097881174,-5.71945480395406,1.06866394889407e-08,1.14064057505725e-07,"10887","PROKR1"
"ENSG00000169621",139.715454342809,-1.32067763580007,0.203818861579086,-6.47966348927733,9.19274103825816e-11,1.46037436885621e-09,"200558","APLF"
"ENSG00000169679",82.8197844534165,2.08047802032678,0.27806462628081,7.48199455699828,7.32029785634067e-14,2.05872472107141e-12,"699","BUB1"
"ENSG00000169692",686.395086475505,-2.50679064276208,0.249102400190467,-10.0632938134893,8.02669790173373e-24,1.09661591649055e-21,"10555","AGPAT2"
"ENSG00000169710",9142.46526569649,-1.50234293383564,0.29925964841496,-5.02019881996403,5.16180248143766e-07,3.83595959957511e-06,"2194","FASN"
"ENSG00000169744",439.437540856547,-2.00691311306974,0.20544860637637,-9.76844354637864,1.53796562151538e-22,1.72079791393518e-20,"9079","LDB2"
"ENSG00000169758",8.63877455624452,1.33692670359574,0.391703538570185,3.41310856796407,0.000642263500216652,0.00228946387512,"123591","TMEM266"
"ENSG00000169760",78.3973027235166,-1.82857011637777,0.248813439615066,-7.34916136044224,1.99454289382368e-13,5.18261706084835e-12,"22871","NLGN1"
"ENSG00000169764",1708.32056704994,-1.45309784087975,0.176671633217223,-8.22485089665258,1.95433824054656e-16,8.51186443760197e-15,"7360","UGP2"
"ENSG00000169862",94.2871244285823,1.01086553849516,0.32390586239258,3.12086212650876,0.0018032243779018,0.00568818792095939,"1501","CTNND2"
"ENSG00000169891",627.524892212447,1.34722101061499,0.240301493252737,5.6063780227868,2.06604458570558e-08,2.07318106317673e-07,"9185","REPS2"
"ENSG00000169900",15.6420907803503,2.73914891255355,0.484325259893873,5.65559787890015,1.55304693107699e-08,1.60230493787347e-07,"260434","PYDC1"
"ENSG00000169902",2156.24151036977,1.39576916363514,0.263366546320397,5.29972080029149,1.15979899840719e-07,9.96889483465361e-07,"8460","TPST1"
"ENSG00000169933",7.5049025007908,-2.20311211425414,0.548414666634931,-4.01723777333021,5.88843024020086e-05,0.000274321378634483,"9758","FRMPD4"
"ENSG00000169946",173.783525636448,-1.14810312817002,0.228715163104488,-5.01979454525941,5.17267741476609e-07,3.84294105130218e-06,"23414","ZFPM2"
"ENSG00000169962",12.5005408933218,1.09539608411363,0.332332638103771,3.29608337707594,0.000980429132337221,0.00332679469506008,"83756","TAS1R3"
"ENSG00000170006",160.498130878306,1.01492265862474,0.199956540348704,5.0757162374125,3.86039050208047e-07,2.93865151475088e-06,"201799","TMEM154"
"ENSG00000170017",1699.75057108957,1.33360001261984,0.254258196325801,5.2450620349363,1.56229752159541e-07,1.301897883325e-06,"214","ALCAM"
"ENSG00000170027",2046.06297192834,-1.11504739784688,0.195770405505619,-5.69568926910595,1.22874487848746e-08,1.2986872783297e-07,"7532","YWHAG"
"ENSG00000170044",10.5083233066712,1.58706752318755,0.491961770632047,3.225997664714,0.00125534381282549,0.00413688138800611,"131368","ZPLD1"
"ENSG00000170145",1510.37644429624,-2.36198063358648,0.230579453068407,-10.2436735023643,1.26346040605332e-24,2.10236571925206e-22,"23235","SIK2"
"ENSG00000170153",657.576827603844,-3.19736775751018,0.284990913124382,-11.2191919470594,3.28256045257953e-29,1.29104097315242e-26,"57484","RNF150"
"ENSG00000170166",2.94718125595146,-1.07578686582661,0.394615882123757,-2.7261621099407,0.00640755196986761,0.0172199227698337,"3233","HOXD4"
"ENSG00000170214",9.97068875315175,-2.05121389312903,0.414986271594568,-4.94284759167411,7.6989670463948e-07,5.49793085530443e-06,"147","ADRA1B"
"ENSG00000170262",96.8953977924996,-4.47326561288085,0.467617790610914,-9.56607234091073,1.11044259584986e-21,1.05585600377548e-19,"56246","MRAP"
"ENSG00000170271",414.878775720647,-1.41405621586836,0.140124736219823,-10.09141036776,6.02968731304461e-24,8.46046612281146e-22,"10826","FAXDC2"
"ENSG00000170275",1276.73641630907,-1.10139108947468,0.159655457721375,-6.89854957164568,5.25361580375794e-12,1.05552135475192e-10,"10491","CRTAP"
"ENSG00000170312",173.122591717213,1.52063790366547,0.180226149416907,8.43738774082037,3.24508544314929e-17,1.5893571308164e-15,"983","CDK1"
"ENSG00000170323",9081.58659633065,-4.76304829097396,0.47768333110854,-9.97114192768785,2.0387119669009e-23,2.60694015944895e-21,"2167","FABP4"
"ENSG00000170345",4587.10866609625,-1.62754566121535,0.247191186240752,-6.5841573316866,4.57472499538413e-11,7.68115856598844e-10,"2353","FOS"
"ENSG00000170369",59.3104173366287,3.30184288671815,0.544119143134545,6.06823510692344,1.29323497471455e-09,1.65205676543506e-08,"1470","CST2"
"ENSG00000170370",18.858089790502,-1.47809162006853,0.356642232571009,-4.14446603649005,3.40606430765433e-05,0.00016873018568338,"2018","EMX2"
"ENSG00000170373",25.8379836120374,4.75201777399118,0.58078643695564,8.18203985427114,2.79078712400023e-16,1.18758921076725e-14,"1469","CST1"
"ENSG00000170382",92.8114318077545,1.05178001698165,0.254230509417629,4.13711170776072,3.51704911704264e-05,0.000173499735804243,"10446","LRRN2"
"ENSG00000170396",6.41626454678155,1.42469630359724,0.381038178782779,3.73898570518161,0.000184764231840375,0.000760870635196711,"91752","ZNF804A"
"ENSG00000170419",77.2834307542211,1.05386479584481,0.421925012367795,2.49775378314416,0.012498296824712,0.0305174291201084,"222008","VSTM2A"
"ENSG00000170421",1652.76601581745,2.30455230036599,0.353045733777737,6.52763106837837,6.68180304972015e-11,1.09223075292592e-09,"3856","KRT8"
"ENSG00000170464",89.8830439950574,-1.03055138411816,0.143581412317935,-7.17747072884473,7.10128553698272e-13,1.65918244796577e-11,"202052","DNAJC18"
"ENSG00000170482",8.98155342512854,2.09005114468939,0.423119228067096,4.93962695630075,7.82721687920131e-07,5.58030474458412e-06,"9963","SLC23A1"
"ENSG00000170498",8.32002514577958,1.02969786144295,0.241837334155142,4.2578118264502,2.06437597506488e-05,0.000108278584685258,"3814","KISS1"
"ENSG00000170500",665.430308253877,1.03156392849447,0.216453186112527,4.76575996418085,1.88143139736909e-06,1.23829097902908e-05,"164832","LONRF2"
"ENSG00000170509",61.8249796475258,-3.22531444400992,0.353916006362358,-9.11322004664484,7.99723899302114e-20,5.94820429171469e-18,"345275","HSD17B13"
"ENSG00000170525",2811.23730250333,-1.95624799218238,0.231046126691938,-8.46691533068079,2.51977118950869e-17,1.26514933340941e-15,"5209","PFKFB3"
"ENSG00000170549",74.6604595845398,-1.60096467842345,0.267930302893163,-5.97530276021759,2.29663255936357e-09,2.77800503149858e-08,"79192","IRX1"
"ENSG00000170558",26.8867174927134,1.24363754753074,0.280150957360248,4.43916936514886,9.03067320907309e-06,5.14865396795782e-05,"1000","CDH2"
"ENSG00000170684",11.2041726283778,1.2296914119898,0.371051641671319,3.31407080278888,0.000919482210097499,0.00314175585227207,"162979","ZNF296"
"ENSG00000170743",65.5827934662182,2.44777820066743,0.463549385055828,5.28051223791966,1.2882321906258e-07,1.09495518023132e-06,"143425","SYT9"
"ENSG00000170745",197.621484318726,1.36414021892519,0.274738214783436,4.96523652525182,6.86173908507477e-07,4.95674344568401e-06,"3790","KCNS3"
"ENSG00000170779",83.1500594024422,1.05090246390891,0.177653470499305,5.91546261919503,3.3094406702605e-09,3.89775231028231e-08,"55038","CDCA4"
"ENSG00000170786",69.1906446343473,1.7315912798854,0.348341648899103,4.97095677579155,6.66233027761471e-07,4.83479925485946e-06,"195814","SDR16C5"
"ENSG00000170802",512.98448122731,-1.27539899683772,0.193554449737175,-6.58935508106154,4.41741168239163e-11,7.43144345116799e-10,"3344","FOXN2"
"ENSG00000170837",39.152922299239,1.15399926935235,0.276787618471368,4.1692589998267,3.05591561648895e-05,0.000153256293610549,"2850","GPR27"
"ENSG00000170893",18.060679466773,2.20802335382637,0.62314808750593,3.54333648469291,0.000395098238603822,0.0014978764535823,"7200","TRH"
"ENSG00000170909",12.6340738255154,1.3503444741215,0.31699268465981,4.2598600518831,2.04554940627959e-05,0.000107463321157288,"126014","OSCAR"
"ENSG00000170955",113.516741181664,-1.25773231989491,0.185268200435917,-6.78871126796502,1.13139609735588e-11,2.134359004009e-10,"112464","CAVIN3"
"ENSG00000170959",157.542581620434,2.38936866657163,0.317949495362903,7.51493146370445,5.69407559646555e-14,1.6350311320028e-12,"341019","DCDC1"
"ENSG00000170965",4.1372781285225,2.80738953088815,0.531780564228514,5.27922552972766,1.29731047841245e-07,1.10158931627839e-06,"10761","PLAC1"
"ENSG00000170989",438.24064451229,-2.24463176829804,0.259075888776252,-8.66399331447087,4.55520110184227e-18,2.53198951181203e-16,"1901","S1PR1"
"ENSG00000171004",42.3179997525835,1.23934238199319,0.404840210636322,3.06131246213217,0.00220368992249835,0.00678810763121065,"90161","HS6ST2"
"ENSG00000171017",93.381470689259,1.45344886317077,0.233523198157299,6.22400204621956,4.84630753033009e-10,6.67730630957051e-09,"80131","LRRC8E"
"ENSG00000171056",41.4576249193503,-1.54878840570008,0.225703215747703,-6.86205732855556,6.78758114388999e-12,1.33986335614522e-10,"83595","SOX7"
"ENSG00000171102",54.7703561297772,1.34665438248435,0.530274880747817,2.5395402108907,0.0110998284871495,0.0275379286886578,"29989","OBP2B"
"ENSG00000171115",288.169669807283,-1.87151284600649,0.199688955008095,-9.3721400161097,7.1076548479159e-21,6.04919687023609e-19,"155038","GIMAP8"
"ENSG00000171126",9.65458699198608,1.06045153314762,0.434338550576989,2.44153214523299,0.0146250862406119,0.0348835788508503,"170850","KCNG3"
"ENSG00000171163",174.420394805457,1.01431669784204,0.177486733107844,5.71488741767375,1.09776677507678e-08,1.16977955449273e-07,"55657","ZNF692"
"ENSG00000171224",20.2968976361523,1.10265309466342,0.191440400083502,5.75977220159626,8.42275290427129e-09,9.17104949199137e-08,"219738","FAM241B"
"ENSG00000171227",315.666334251795,-3.01499650171778,0.329226255959812,-9.15782519510174,5.29537054517169e-20,4.01921721086452e-18,"140738","TMEM37"
"ENSG00000171236",121.201592698906,1.54436781904118,0.352813825625048,4.37728826614196,1.20165000821293e-05,6.66789886985706e-05,"116844","LRG1"
"ENSG00000171241",35.4580715805431,1.36937146089095,0.271199193463697,5.04931981323998,4.43385921489627e-07,3.33606137681964e-06,"79801","SHCBP1"
"ENSG00000171243",22.1547158829115,-1.34797857669857,0.447190749439933,-3.01432571757532,0.00257551137271854,0.00776572473144709,"25928","SOSTDC1"
"ENSG00000171303",19.8493275045532,-1.10414431203382,0.320852376257225,-3.44128450882544,0.000578959423292842,0.0020925408952709,"3777","KCNK3"
"ENSG00000171320",63.2820629950919,1.85495154161139,0.247239766210129,7.50264235420311,6.25440311072345e-14,1.78017320118596e-12,"157570","ESCO2"
"ENSG00000171345",3124.36214609359,2.51123569747396,0.467741613894749,5.36885242380643,7.92392243116764e-08,7.03692023497262e-07,"3880","KRT19"
"ENSG00000171368",103.453429396796,-1.54744633345113,0.240434680256032,-6.43603631474167,1.22633705117592e-10,1.9027649237552e-09,"11076","TPPP"
"ENSG00000171408",99.795843967038,-1.35013772649909,0.175899107758702,-7.67563715190192,1.64598436407402e-14,5.14157185591257e-13,"27115","PDE7B"
"ENSG00000171428",767.466705200377,3.2041393484335,0.363293202623308,8.81970630140254,1.14760328567011e-18,6.97646044248821e-17,"9","NAT1"
"ENSG00000171435",68.5170585854446,1.27905873935508,0.309370198457611,4.13439544510728,3.55890227075668e-05,0.000175331154193019,"283455","KSR2"
"ENSG00000171451",580.397177399542,-1.33944570521049,0.272723528072753,-4.91136835415673,9.04430004490482e-07,6.35424914039743e-06,"92126","DSEL"
"ENSG00000171488",423.182579818531,-1.17352824326569,0.172351283229723,-6.80893243888134,9.83256381478848e-12,1.88225436212595e-10,"84230","LRRC8C"
"ENSG00000171502",62.9387774211381,1.72642477379493,0.222329443732657,7.76516481492613,8.15391236348126e-15,2.67923110292717e-13,"255631","COL24A1"
"ENSG00000171522",197.274275773803,-1.005358946754,0.187568806262498,-5.35994746027774,8.32461586010519e-08,7.36755467086978e-07,"5734","PTGER4"
"ENSG00000171533",31.3195255563215,-1.25667373177843,0.239355760744577,-5.25023391068268,1.5190619017969e-07,1.2691280607288e-06,"4135","MAP6"
"ENSG00000171596",36.4227427964952,-3.00574605981334,0.402906960631281,-7.46014924910675,8.64245269067193e-14,2.38406787401128e-12,"10316","NMUR1"
"ENSG00000171659",261.246372229735,-1.19406126721144,0.215993097994625,-5.52823807009405,3.23462910827661e-08,3.11903797892438e-07,"2857","GPR34"
"ENSG00000171680",337.468887455771,-1.35357559760019,0.174140293844353,-7.77290291476148,7.67075341157361e-15,2.53330047147109e-13,"57449","PLEKHG5"
"ENSG00000171714",80.7344502804608,-1.20846013089964,0.28253529232331,-4.27720063204274,1.89258218754455e-05,0.000100292886100327,"203859","ANO5"
"ENSG00000171714",80.7344502804608,-1.20846013089964,0.28253529232331,-4.27720063204274,1.89258218754455e-05,0.000100292886100327,"102723370","LOC102723370"
"ENSG00000171757",33.3544142050359,-1.59789713325093,0.226664308436635,-7.04961952003853,1.79407675675893e-12,3.88088703766236e-11,"151827","LRRC34"
"ENSG00000171812",302.275109516203,1.32916930461663,0.224294715542861,5.92599474044512,3.10412521932927e-09,3.66925694186472e-08,"1296","COL8A2"
"ENSG00000171819",17.9248584589849,-2.48449875717551,0.549454377701194,-4.52175623310193,6.13286625664222e-06,3.62800688901364e-05,"10218","ANGPTL7"
"ENSG00000171847",6.16827661486431,1.49958178214463,0.46597004818462,3.21819350403932,0.00129000757309304,0.00424249544942977,"55138","FAM90A1"
"ENSG00000171848",145.954358546011,2.76689030595176,0.314905190874347,8.78642329861055,1.54397016237846e-18,9.06750621606789e-17,"6241","RRM2"
"ENSG00000171867",742.82865657938,-1.15194377277005,0.190497745871764,-6.04702049096949,1.47548998243896e-09,1.8601636213769e-08,"5621","PRNP"
"ENSG00000171903",28.9191463115386,2.00484817105114,0.398913182664372,5.02577567795731,5.01401714660525e-07,3.73897894546335e-06,"57834","CYP4F11"
"ENSG00000171914",1406.06399303341,-2.090969866882,0.197168164085727,-10.6050075405321,2.82441207345483e-26,6.37531205241222e-24,"83660","TLN2"
"ENSG00000171951",12.5243844267116,2.44306007376155,0.411697938739997,5.93410810177613,2.95447128685182e-09,3.50512640146707e-08,"7857","SCG2"
"ENSG00000171962",78.667008752097,1.05440532919119,0.280811404375373,3.7548522344973,0.000173443772727559,0.000719554651184591,"83450","DRC3"
"ENSG00000171992",1122.44115342944,-2.08826836001928,0.257232877740092,-8.11820160146584,4.73142372438894e-16,1.92277756123417e-14,"11346","SYNPO"
"ENSG00000172031",10.0164469430578,1.58765916378167,0.378001932915039,4.20013504041662,2.66755831526531e-05,0.000136066965509249,"253152","EPHX4"
"ENSG00000172057",750.802780770808,-1.10613642493872,0.163353489764763,-6.77142818639267,1.27517254061775e-11,2.38823440182941e-10,"94103","ORMDL3"
"ENSG00000172059",336.886686788164,-1.33982646574181,0.138130688568441,-9.69970163493356,3.02381576895363e-22,3.21689384141387e-20,"8462","KLF11"
"ENSG00000172061",433.053779556834,4.84538123272712,0.416247096357717,11.6406367158489,2.56096572497545e-31,1.58279876878364e-28,"131578","LRRC15"
"ENSG00000172137",225.568822104933,-3.87917762133867,0.384913280684977,-10.0780560609274,6.90792387359115e-24,9.58908491500957e-22,"794","CALB2"
"ENSG00000172139",16.3889258872334,-1.38695918717077,0.323858132156024,-4.28261343304044,1.84710913709187e-05,9.81319258711231e-05,"285335","SLC9C1"
"ENSG00000172156",2.52515218623351,3.30748804081753,0.741815571303636,4.45863927472578,8.24815956206956e-06,4.74611035454768e-05,"6356","CCL11"
"ENSG00000172159",153.991210361438,-1.77259101953013,0.218847653328494,-8.09965742182047,5.51141665320148e-16,2.21121102757039e-14,"257019","FRMD3"
"ENSG00000172201",315.324937111928,-2.17125932236807,0.272731685370981,-7.96115537296164,1.70440200344842e-15,6.37505291145736e-14,"3400","ID4"
"ENSG00000172215",18.04660285667,1.2553146892429,0.358040843668712,3.50606561078383,0.000454783099778626,0.0016984939787795,"10663","CXCR6"
"ENSG00000172243",120.426755578803,1.20305381752099,0.159736426336003,7.53149325495982,5.01633033326208e-14,1.45816240527231e-12,"64581","CLEC7A"
"ENSG00000172292",1431.47814627266,1.09314892131814,0.154461323218167,7.07716921325433,1.47128842059079e-12,3.22565074507565e-11,"253782","CERS6"
"ENSG00000172318",16.2355703377872,-1.80307268460391,0.310750365846685,-5.80231878308872,6.5404064067254e-09,7.29763628328994e-08,"8708","B3GALT1"
"ENSG00000172348",158.547234382674,-1.48012495395503,0.229777093539622,-6.44156878805589,1.18244834623616e-10,1.8379637228502e-09,"10231","RCAN2"
"ENSG00000172361",20.4546547505422,1.17580856815599,0.269252920025723,4.36692968099904,1.26005271987554e-05,6.94889494423821e-05,"220136","CFAP53"
"ENSG00000172379",508.295749399369,2.29476996337531,0.355046684709207,6.46329077894302,1.0245015257397e-10,1.61175821849401e-09,"9915","ARNT2"
"ENSG00000172382",18.2081956632237,1.22816690967268,0.341594890606691,3.5953901637445,0.000323905767317883,0.00125679311031952,"83886","PRSS27"
"ENSG00000172403",1684.80923496809,-2.16581305359589,0.223590728871342,-9.68650652255864,3.44097504462085e-22,3.61622794365457e-20,"171024","SYNPO2"
"ENSG00000172458",12.3795513513193,-1.323843581648,0.356707415817441,-3.7112869622131,0.00020620817402624,0.000838201030593975,"53342","IL17D"
"ENSG00000172551",793.268824133385,-2.29447710392312,0.643817335250956,-3.56386350334718,0.00036543603570256,0.00139911336500989,"118430","MUCL1"
"ENSG00000172554",43.4843347101475,-1.95176612040455,0.282731034269429,-6.9032609930773,5.08221311751786e-12,1.02744616903839e-10,"54221","SNTG2"
"ENSG00000172572",260.07388734661,-1.17169883184467,0.266140548797525,-4.40255660829826,1.06982663453511e-05,5.98761530385129e-05,"5139","PDE3A"
"ENSG00000172575",94.2641466596024,1.29192077507367,0.266916194119713,4.84017382060467,1.29725613315286e-06,8.84765494072042e-06,"10125","RASGRP1"
"ENSG00000172602",42.6732313818563,1.68344078629994,0.220194448790172,7.64524626097236,2.08545813688135e-14,6.4140192318917e-13,"27289","RND1"
"ENSG00000172771",26.4724462394889,1.57292854261847,0.25328304369736,6.21016124750111,5.29302603487195e-10,7.223783901851e-09,"90288","EFCAB12"
"ENSG00000172840",162.281801660597,-1.09932513020239,0.150641917299148,-7.29760447763901,2.92936248316096e-13,7.32566390538461e-12,"57546","PDP2"
"ENSG00000172889",363.700640282791,-1.82588893402716,0.161387738744695,-11.3136781531811,1.12281810584739e-29,4.94001904942146e-27,"51162","EGFL7"
"ENSG00000172901",329.019914760321,-1.56435823611511,0.188018594088018,-8.32023153722117,8.77916444804695e-17,4.01921606247624e-15,"206338","LVRN"
"ENSG00000172927",56.0821022573143,-2.82731003036359,0.312879241896098,-9.03642572524032,1.61878274902237e-19,1.14185767932398e-17,"26579","MYEOV"
"ENSG00000172935",83.1736170348924,-1.64018894553049,0.234052360879511,-7.00778637466874,2.42118098805346e-12,5.15578474880163e-11,"116535","MRGPRF"
"ENSG00000172987",21.651965603917,-2.71207331400281,0.481861868348828,-5.62832108565913,1.81972117731481e-08,1.85095306899443e-07,"60495","HPSE2"
"ENSG00000173013",14.7427637143684,1.16725179805492,0.213605868315745,5.46451184725657,4.64182381240294e-08,4.32182433724374e-07,"257236","CFAP184"
"ENSG00000173077",298.093035040391,1.03086843350566,0.222019248439614,4.64314891952281,3.43138836086034e-06,2.14942034438255e-05,"50514","DELEC1"
"ENSG00000173114",71.3306459132473,-2.44516697375098,0.367339022621562,-6.65643131595639,2.80556148074037e-11,4.92405442306007e-10,"54674","LRRN3"
"ENSG00000173208",345.492188236688,-3.4115556534901,0.362506009747252,-9.41103198776959,4.91289254200968e-21,4.29390116516792e-19,"225","ABCD2"
"ENSG00000173210",662.821493260074,-1.91205511499235,0.2206660717085,-8.66492569604527,4.51807573004837e-18,2.51674269958359e-16,"22885","ABLIM3"
"ENSG00000173253",35.8189246821535,-2.66263909603165,0.290970226683085,-9.15089879258232,5.64618056548551e-20,4.24821898895283e-18,"10655","DMRT2"
"ENSG00000173262",860.57289387298,-1.35926526017032,0.177639302119253,-7.65182729246377,1.98143245676662e-14,6.10855388512445e-13,"144195","SLC2A14"
"ENSG00000173267",282.758769889201,-2.85692932819787,0.270474344399377,-10.5626629192578,4.4388758815269e-26,9.44461804366191e-24,"6623","SNCG"
"ENSG00000173269",591.658414034348,-2.17273450907267,0.213752303130276,-10.1647302847934,2.8490946969515e-24,4.27495954586514e-22,"79812","MMRN2"
"ENSG00000173320",118.980844697726,-1.86085630317976,0.189087992330856,-9.8412187904758,7.47991300356059e-23,8.78568243196497e-21,"56977","STOX2"
"ENSG00000173335",54.3396444412283,2.55045466888888,0.664020303323856,3.84092874287456,0.00012256969353378,0.000527464208347124,"128822","CST9"
"ENSG00000173376",75.5751317914919,-1.46148234326417,0.257235491279883,-5.68149572204257,1.3352185513198e-08,1.40095404830879e-07,"79625","NDNF"
"ENSG00000173391",124.523661775202,3.45951005752356,0.332703203768963,10.3981867873023,2.52695797616099e-25,4.71904857159619e-23,"4973","OLR1"
"ENSG00000173404",13.0486010760256,1.32337719460697,0.536497181827935,2.46669924732504,0.0136364838536067,0.0328668382425183,"3642","INSM1"
"ENSG00000173432",1322.88659911429,-4.44933528782615,0.380824467960351,-11.6834280939359,1.54919085907237e-31,1.00534740799502e-28,"6288","SAA1"
"ENSG00000173467",268.717037248502,3.29850707843296,0.417335834721068,7.90372358184282,2.70692947355025e-15,9.67857786149001e-14,"155465","AGR3"
"ENSG00000173482",1192.14957934861,-1.36166406258889,0.19469030319327,-6.99400042146503,2.67156754193322e-12,5.64268106212389e-11,"5797","PTPRM"
"ENSG00000173511",443.752463780713,-1.47429596683879,0.213758077360149,-6.89703044229215,5.31008064294151e-12,1.06604078367731e-10,"7423","VEGFB"
"ENSG00000173517",1393.29450073847,-1.01854101341478,0.135603656437515,-7.51116186814713,5.86048738851398e-14,1.67724952184174e-12,"79834","PEAK1"
"ENSG00000173530",66.3926652950916,-1.02723495591667,0.214554454619531,-4.7877586962166,1.68654261335169e-06,1.12053425025296e-05,"8793","TNFRSF10D"
"ENSG00000173546",642.447225131098,-1.58230392956912,0.231917528273053,-6.82270090299584,8.93445512373885e-12,1.72175639273952e-10,"1464","CSPG4"
"ENSG00000173599",644.592774838465,-2.04306477582874,0.212241220021261,-9.62614507975441,6.20123346523934e-22,6.23921001126677e-20,"5091","PC"
"ENSG00000173626",5.64153987198403,-1.20099514764375,0.322080249970615,-3.72886927327375,0.000192340895030801,0.000788500466394429,"100128327","TRAPPC3L"
"ENSG00000173641",422.428500664886,-4.11306196925896,0.391991527561406,-10.4927318068492,9.32913748912703e-26,1.8772538832772e-23,"27129","HSPB7"
"ENSG00000173678",3.9495290670141,1.09271624767092,0.368702273373817,2.96368188259866,0.00303982359027403,0.00897290661318322,"100310812","SPDYE2B"
"ENSG00000173698",31.5846379039893,-1.67215740255038,0.31859249906003,-5.24857743821302,1.53278208108749e-07,1.2793555389347e-06,"10149","ADGRG2"
"ENSG00000173714",4.27554105740459,-1.4745475802313,0.61244719479083,-2.40763218898391,0.0160563482912011,0.0378247290083489,"124857","WFIKKN2"
"ENSG00000173757",906.582098490415,-1.057731811471,0.165506472768685,-6.39087882048764,1.64935054878546e-10,2.48340148175018e-09,"6777","STAT5B"
"ENSG00000173868",4.5826434432821,-1.68879853932186,0.48681809045601,-3.46905460670112,0.000522293283663023,0.0019170940409113,"162466","PHOSPHO1"
"ENSG00000173890",387.933443186375,1.53743665269962,0.170002139995652,9.04363117275431,1.51551963964e-19,1.0810975924246e-17,"26996","GPR160"
"ENSG00000173918",431.435983230645,-2.42471309366987,0.284613214131632,-8.51932718959582,1.60482872068763e-17,8.20042203378141e-16,"114897","C1QTNF1"
"ENSG00000173947",60.248609775492,1.00750458137433,0.258141314115915,3.90291877464421,9.5039603928237e-05,0.000419778464993904,"128344","CIMAP3"
"ENSG00000174059",556.346744648753,-2.19312233869081,0.227906393937961,-9.6229083387972,6.39956309620513e-22,6.38922534043434e-20,"947","CD34"
"ENSG00000174099",728.779638047307,-1.58521225447567,0.226769450024391,-6.99041363069481,2.74076981804482e-12,5.77006512058455e-11,"253827","MSRB3"
"ENSG00000174123",31.0217825710685,1.34005943294744,0.3141539535567,4.26561377877289,1.99353386251163e-05,0.000105029738183635,"81793","TLR10"
"ENSG00000174145",49.150238266279,-1.18698804944437,0.203173182281802,-5.84224766336542,5.15011626531854e-09,5.8608819822507e-08,"57495","NWD2"
"ENSG00000174175",128.858270140852,-1.52250322422908,0.24977539860637,-6.09548911831966,1.09103334507731e-09,1.41746964822406e-08,"6403","SELP"
"ENSG00000174292",81.1297347063704,1.19571370731754,0.273232225544455,4.37618112188235,1.20776666523939e-05,6.69611428797184e-05,"8711","TNK1"
"ENSG00000174307",267.705071771551,-1.2252929432926,0.176024070385797,-6.96093972038648,3.38010390534984e-12,6.99686899322737e-11,"23612","PHLDA3"
"ENSG00000174348",511.836009841058,-1.00634796530311,0.237061995244042,-4.24508350344025,2.185120314814e-05,0.00011384241978567,"127435","PODN"
"ENSG00000174371",41.2577997205545,1.62246754903731,0.269708812811245,6.01562674992303,1.79192027959048e-09,2.21603938149642e-08,"9156","EXO1"
"ENSG00000174469",209.329031842093,2.84439955873411,0.570510812712911,4.98570666033188,6.17357505680644e-07,4.50910695904844e-06,"26047","CNTNAP2"
"ENSG00000174473",14.9367321397381,1.00844719127064,0.402057810023697,2.50821440630939,0.0121343014086045,0.0297574110500289,"442117","GALNTL6"
"ENSG00000174498",26.4980463192493,1.57689540983111,0.473752370006467,3.32852247221388,0.000873079610811649,0.00300217254436996,"9543","IGDCC3"
"ENSG00000174502",31.0416739097985,2.15573596010964,0.337776799506945,6.38213152370556,1.74639867268172e-10,2.62343846906668e-09,"115019","SLC26A9"
"ENSG00000174527",8.82567403848135,-1.06268486001815,0.401498343944511,-2.64679761709058,0.00812579673491888,0.0211034949119584,"283446","MYO1H"
"ENSG00000174567",50.8764662690508,1.11279655779958,0.202411164731282,5.49770344574081,3.84769285337804e-08,3.6478601566102e-07,"127845","GOLT1A"
"ENSG00000174586",20.305924893983,1.01374075188761,0.275999922809514,3.67297476596492,0.000239743165967008,0.000960526794593546,"162968","ZNF497"
"ENSG00000174607",28.3592497704821,-1.02442093523578,0.342438103732313,-2.99155066001821,0.00277564480096111,0.00828829952183925,"7368","UGT8"
"ENSG00000174611",19.2994731271395,-1.30388078729649,0.557167760290811,-2.34019424708984,0.0192737125805402,0.0441850243897962,"339855","KY"
"ENSG00000174697",1831.13146701486,-5.18831385929395,0.516740949311225,-10.0404542473546,1.01207010642702e-23,1.3335693310981e-21,"3952","LEP"
"ENSG00000174788",22.292632636859,1.82801678449176,0.340212140568491,5.37316740501135,7.73654401016996e-08,6.89173676787892e-07,"126006","PCP2"
"ENSG00000174804",2766.56161893202,-2.70548393871996,0.257162490860029,-10.5205231512263,6.94866825837157e-26,1.44298824520647e-23,"8322","FZD4"
"ENSG00000174807",291.56335356651,-1.57673895104149,0.287721847766455,-5.48008072129903,4.25131830635949e-08,4.00129516303407e-07,"57124","CD248"
"ENSG00000174938",138.664315381476,1.21362841228074,0.361011593964723,3.36174359098099,0.000774520081777332,0.00269901896667687,"26470","SEZ6L2"
"ENSG00000174939",9.52742813517573,1.64834669344269,0.455635543274081,3.61768680642886,0.000297247779990547,0.00116432139323896,"253982","ASPHD1"
"ENSG00000174944",75.8907914587054,-1.75088358712032,0.328982041456689,-5.3221251207745,1.02561986873816e-07,8.89763494047835e-07,"9934","P2RY14"
"ENSG00000174946",12.5227961571648,1.04818629269528,0.35617601340696,2.94288849681084,0.00325165511627234,0.00950844468944434,"29909","GPR171"
"ENSG00000175040",41.7434798858549,-1.14305868955094,0.226569470379328,-5.04506934512051,4.53356914623471e-07,3.40417668203531e-06,"9435","CHST2"
"ENSG00000175063",36.5854802848912,2.56158821668392,0.37846633397509,6.76833838766891,1.30269792354003e-11,2.43451639303472e-10,"11065","UBE2C"
"ENSG00000175065",16.8654068420301,-1.25912981881116,0.285039631957463,-4.41738508488905,9.99021528822048e-06,5.63997408550733e-05,"147409","DSG4"
"ENSG00000175084",214.642473719921,-2.94179382759241,0.506742620893593,-5.80530175733953,6.42501837363375e-09,7.17644694246063e-08,"1674","DES"
"ENSG00000175093",11.1428162470268,-1.00926387397034,0.403348809344051,-2.50221111501895,0.0123420303842328,0.0301983622126417,"92369","SPSB4"
"ENSG00000175130",609.266347625985,1.73993083814656,0.243883580067175,7.1342680703117,9.73035325242667e-13,2.22146446549245e-11,"65108","MARCKSL1"
"ENSG00000175161",131.801907498127,-2.11578937837467,0.336228797612404,-6.29270720830314,3.119764603918e-10,4.47172002145243e-09,"253559","CADM2"
"ENSG00000175183",114.614316830449,-1.00579995044056,0.206062698165997,-4.88103843826367,1.05528668362095e-06,7.33417181618006e-06,"1466","CSRP2"
"ENSG00000175206",7.5463852209859,1.91961883636137,0.41848153502267,4.58710522617773,4.49434186734317e-06,2.74116837858304e-05,"4878","NPPA"
"ENSG00000175262",6.54911787544754,1.07991177397218,0.378165039447096,2.85566263753806,0.00429471206091561,0.0121559410835511,"148345","CIROZ"
"ENSG00000175264",93.605848433855,1.23019391771535,0.316780425442169,3.88342782227853,0.000102994115104576,0.000451227213482631,"8534","CHST1"
"ENSG00000175267",18.5611421764601,1.14765058247615,0.374118461686051,3.06761280184889,0.00215776004881804,0.00666323285120374,"146177","VWA3A"
"ENSG00000175294",3.28160237047595,1.48181537101739,0.525258841885781,2.82111456838573,0.00478571079193317,0.0133664171225523,"117144","CATSPER1"
"ENSG00000175302",19.9035502765219,2.40546002122008,0.444610930090855,5.41025840441784,6.29338730141353e-08,5.71201914580742e-07,"642460","ANKRD30BP1"
"ENSG00000175305",86.2059197275573,1.95387568787371,0.225543658845682,8.66295996914088,4.59669852310186e-18,2.54959615945893e-16,"9134","CCNE2"
"ENSG00000175315",10.2718392459119,1.36898779040518,0.538750589736235,2.54104184104081,0.011052269228923,0.0274435435856498,"1474","CST6"
"ENSG00000175356",1537.62396667183,1.13379238468049,0.32768381976554,3.46001943425748,0.000540136403289251,0.001973101710749,"57758","SCUBE2"
"ENSG00000175445",7154.71387035797,-4.69278684241867,0.363086697377787,-12.9247005641077,3.26565493785479e-38,9.41887454187052e-35,"4023","LPL"
"ENSG00000175463",43.4122660567942,1.01512843261334,0.300465271289823,3.37852167824802,0.000728766863690461,0.00255777856242253,"374403","TBC1D10C"
"ENSG00000175471",322.593260798695,-1.07440833442838,0.204667664357017,-5.24952653270234,1.52490635797901e-07,1.27360100516149e-06,"79772","MCTP1"
"ENSG00000175556",56.1319782953223,-1.30723661768829,0.25837569902146,-5.05944104898083,4.20487248296334e-07,3.17666123145408e-06,"79836","LONRF3"
"ENSG00000175591",54.6689742997249,1.03273414517765,0.281168806422325,3.67300398048583,0.000239715747840772,0.000960526794593546,"5029","P2RY2"
"ENSG00000175643",32.7736355646169,1.77717115546636,0.345375896521829,5.14561430998425,2.66646770666703e-07,2.09492036106727e-06,"116028","RMI2"
"ENSG00000175707",57.4495834309905,1.82913666625994,0.402554874791402,4.54381944128181,5.52439829614926e-06,3.30569728667619e-05,"126695","KDF1"
"ENSG00000175785",42.6057678431338,-1.68176355034338,0.31569272707482,-5.327216644889,9.97291859069543e-08,8.68673383434066e-07,"145270","PRIMA1"
"ENSG00000175793",75.194951545442,1.23195202906871,0.292784728651061,4.20770589622159,2.57976315365159e-05,0.000132003729435222,"2810","SFN"
"ENSG00000175832",43.668218220397,1.51127160453183,0.404669053570838,3.73458654966627,0.00018802382272728,0.000772877654846356,"2118","ETV4"
"ENSG00000175857",33.8094633322111,1.82701912709508,0.257557113759115,7.09364653310969,1.30623505929965e-12,2.90053461670662e-11,"202309","GAPT"
"ENSG00000175895",799.994927844432,1.30913498354778,0.174789994850899,7.48975926605242,6.90000546986664e-14,1.94896998897495e-12,"79666","PLEKHF2"
"ENSG00000175899",5599.88525566685,-1.38706863804437,0.166675078888543,-8.32199178961791,8.64973038486542e-17,3.96695585389287e-15,"2","A2M"
"ENSG00000175920",50.3224112181504,2.00022502821299,0.401424135485411,4.98282203633389,6.26635788478461e-07,4.57172900430688e-06,"285489","DOK7"
"ENSG00000175946",4.78108562130698,1.3878836978293,0.471789946236148,2.9417407236029,0.0032637306383911,0.00953623591978346,"340359","KLHL38"
"ENSG00000175967",4.64694916870633,-1.16432144561283,0.437929056483733,-2.65869877409259,0.00784430623981777,0.0204851611039426,"285759","LINC02880"
"ENSG00000175984",68.2450161777379,-1.06290004364633,0.200140875832912,-5.31075942994119,1.09169358628163e-07,9.41155168140104e-07,"163259","DENND2C"
"ENSG00000175985",13.5350577626598,1.56641472839154,0.29628844666079,5.28678976870424,1.24481561702514e-07,1.06257559311866e-06,"400224","PLEKHD1"
"ENSG00000176014",645.787989243671,-1.80227925314238,0.224355406573234,-8.03314384382388,9.5006169930578e-16,3.65358542082659e-14,"84617","TUBB6"
"ENSG00000176058",142.040171218443,1.63572928210056,0.233538206827907,7.00411853083175,2.48545631308103e-12,5.2796624365759e-11,"286262","TPRN"
"ENSG00000176092",12.7563824796334,1.54835477443871,0.418044019247824,3.70380797989796,0.000212387049147197,0.000861563216403021,"55057","CRYBG2"
"ENSG00000176124",72.0765423004963,1.28292733755783,0.280211723112393,4.5784213569225,4.68498238609613e-06,2.84740746378561e-05,"100874074","DLEU7-AS1"
"ENSG00000176124",72.0765423004963,1.28292733755783,0.280211723112393,4.5784213569225,4.68498238609613e-06,2.84740746378561e-05,"10301","DLEU1"
"ENSG00000176160",4.15817480461034,1.2988515343256,0.503274447178983,2.58080167114798,0.00985711923473374,0.0248835375868296,"124535","HSF5"
"ENSG00000176194",264.337957861744,-4.38102988471436,0.477825545421007,-9.16868075953179,4.78843032982186e-20,3.66660986730135e-18,"1149","CIDEA"
"ENSG00000176208",103.986946951697,1.00059565981154,0.189450368297128,5.28157146805981,1.28080500954197e-07,1.08935571552066e-06,"79915","ATAD5"
"ENSG00000176273",37.106705227884,-1.20936550857045,0.20444537155523,-5.91534794537399,3.3117473315659e-09,3.8987001012602e-08,"159371","SLC35G1"
"ENSG00000176399",28.5195969211153,-2.21762741601118,0.317041907143041,-6.99474538238456,2.65741093824702e-12,5.62192935085707e-11,"63951","DMRTA1"
"ENSG00000176435",220.272483155573,-1.6711235269485,0.242954736771117,-6.87833276748512,6.05570831248429e-12,1.2064012001187e-10,"161198","CLEC14A"
"ENSG00000176438",534.935742737722,-2.46351264609466,0.226044160369911,-10.8983688942162,1.17341897670694e-27,3.62614402349508e-25,"161176","SYNE3"
"ENSG00000176485",869.870850922947,-2.01720291763994,0.283955569854613,-7.10393854458557,1.21250789956063e-12,2.71919907413491e-11,"11145","PLAAT3"
"ENSG00000176532",98.7606021524771,2.4070674994668,0.325152979459275,7.40287695800827,1.33265220703071e-13,3.56261441710641e-12,"222171","PRR15"
"ENSG00000176601",14.2541904918074,1.89022310001549,0.632496609705314,2.98851103865388,0.00280340373399643,0.00835581055541157,"80122","MAP3K19"
"ENSG00000176720",541.456888643394,-1.85090053446559,0.230270833049873,-8.03792868576072,9.13697776785384e-16,3.52418527337221e-14,"666","BOK"
"ENSG00000176749",26.8936824234569,1.16458715675673,0.212989984113212,5.46780244904713,4.55649297557242e-08,4.2484714317496e-07,"8851","CDK5R1"
"ENSG00000176842",295.565830195992,1.64625223848461,0.260200221462038,6.3268671688075,2.5018854282696e-10,3.65058695598776e-09,"10265","IRX5"
"ENSG00000176855",3.48414346641516,1.39220601069167,0.426846826204446,3.26160562811552,0.0011078315000628,0.00370533308576603,"343326","KRT18P28"
"ENSG00000176884",8.40061700432708,1.16179383129553,0.395123734150094,2.94032914472865,0.00327863762743514,0.00957117358670281,"2902","GRIN1"
"ENSG00000176887",23.2192410611578,1.97019155048862,0.370192483935162,5.32207334288745,1.02591191065767e-07,8.89763494047835e-07,"6664","SOX11"
"ENSG00000176890",65.24429273813,1.56629729458517,0.265129286880392,5.90767362223463,3.46972568352513e-09,4.06807313879609e-08,"7298","TYMS"
"ENSG00000176920",33.2316648319238,2.86824165215167,0.406161581089411,7.06182412540951,1.64330899392083e-12,3.57860862954671e-11,"2524","FUT2"
"ENSG00000176956",4.05577394236333,1.32864810702788,0.459740067188883,2.88999850535544,0.00385243658091632,0.0110462331566802,"4062","LY6H"
"ENSG00000176974",297.096227304212,-1.20531188410164,0.133661220982278,-9.01766327767912,1.92143876011395e-19,1.3160081091039e-17,"6470","SHMT1"
"ENSG00000177098",209.515870036977,-2.35764799514532,0.221607771003634,-10.6388326748102,1.9657659881679e-26,4.68140857989563e-24,"6330","SCN4B"
"ENSG00000177119",1975.51125307064,-1.38876277975727,0.167294996939598,-8.30128100159911,1.0299476448069e-16,4.6904177129645e-15,"196527","ANO6"
"ENSG00000177133",12.2413721497728,-1.96123484709066,0.386382025162802,-5.07589566637912,3.85674889378911e-07,2.93674062144258e-06,"440556","PRDM16-DT"
"ENSG00000177133",12.2413721497728,-1.96123484709066,0.386382025162802,-5.07589566637912,3.85674889378911e-07,2.93674062144258e-06,"124903827","LOC124903827"
"ENSG00000177238",10.5874586506966,2.05135190202838,0.62074881700526,3.30464085606305,0.000950981759573427,0.00323490820534753,"493829","TRIM72"
"ENSG00000177291",70.2029982405595,2.49900305923433,0.431519706411417,5.79116787044656,6.98986697916382e-09,7.74735128288362e-08,"219770","GJD4"
"ENSG00000177301",22.1060069838984,-1.99621361994481,0.387510529227658,-5.15137904490864,2.58577971431347e-07,2.03522346343691e-06,"3737","KCNA2"
"ENSG00000177303",284.711695419317,-1.11169798244143,0.132611449694504,-8.38312215877622,5.1541934852474e-17,2.42377816105167e-15,"57513","CASKIN2"
"ENSG00000177363",104.246031625809,-2.41072877681783,0.274664216537182,-8.77700345247369,1.67887850190391e-18,9.77137402520665e-17,"221091","LRRN4CL"
"ENSG00000177369",6.76519891795039,1.09788812187184,0.34795593704546,3.15525043542626,0.00160360392289583,0.00514159469250619,"124871","FLJ40194"
"ENSG00000177374",105.191609508975,-1.08233096493431,0.181177959288245,-5.97385559030596,2.31710929132657e-09,2.798861004386e-08,"3090","HIC1"
"ENSG00000177398",13.4021232583822,2.06173091618513,0.352845373359737,5.84315700827721,5.12206988674126e-09,5.83664135733229e-08,"89766","UMODL1"
"ENSG00000177469",4004.49381780925,-2.25347103345705,0.248189615273807,-9.07963466147035,1.08939898257916e-19,7.89905552787423e-18,"284119","CAVIN1"
"ENSG00000177508",301.74755277265,1.31471487297465,0.255212155818969,5.15145867075088,2.58468189080271e-07,2.03497641860651e-06,"79191","IRX3"
"ENSG00000177570",305.338992351281,1.34007260309306,0.214846760307972,6.23734144825892,4.45069828272986e-10,6.16495336302571e-09,"401474","SAMD12"
"ENSG00000177602",11.2601205984088,1.02094061321484,0.329597063323635,3.09754159493942,0.00195133010089726,0.00609905198784962,"83903","HASPIN"
"ENSG00000177606",1819.75738245783,-1.00571338083535,0.141079905913753,-7.12867912918925,1.0133665770166e-12,2.30543116618728e-11,"3725","JUN"
"ENSG00000177666",1142.68087501809,-2.37975091800192,0.229702919708382,-10.3601248126194,3.76470460610257e-25,6.93079447980217e-23,"57104","PNPLA2"
"ENSG00000177675",143.65842998711,-1.28432160755552,0.232958345766096,-5.51309549924884,3.52576791987124e-08,3.37097177399697e-07,"283316","CD163L1"
"ENSG00000177707",162.213011303927,-1.73698745116575,0.243274678287943,-7.14002568368347,9.33134818974029e-13,2.13789175912867e-11,"25945","NECTIN3"
"ENSG00000177732",106.929972400768,1.20857089105188,0.206758927018217,5.84531419504511,5.05613016751981e-09,5.77163706633593e-08,"6666","SOX12"
"ENSG00000177757",3.77677148121083,-1.33040559321512,0.419177138554205,-3.17385055350074,0.00150431124041489,0.00485879243788815,"400728","FAM87B"
"ENSG00000177875",5.34869104547112,-1.18069802953522,0.341289055764183,-3.45952502605602,0.000541128989221568,0.00197617139873572,"387856","CCDC184"
"ENSG00000177888",1380.97409144712,1.02994087905789,0.116811863641051,8.81709140625278,1.17471340377264e-18,7.12458190073135e-17,"360023","ZBTB41"
"ENSG00000177947",7.22533553442577,1.95585284601822,0.452959829442389,4.31793885216256,1.57493046036023e-05,8.50115302350402e-05,"113746","CIMAP1A"
"ENSG00000177990",142.471927468467,-1.33206155957401,0.241609672750458,-5.51327910182554,3.52209020882407e-08,3.36960989293649e-07,"283417","DPY19L2"
"ENSG00000178078",69.721740650708,1.31234359909596,0.230278820478934,5.69893312970138,1.20559499158144e-08,1.27629831939115e-07,"55620","STAP2"
"ENSG00000178125",5.44567924621982,1.41734904544711,0.448106235845889,3.16297550015475,0.00156165473451745,0.00502634018581575,"286187","PPP1R42"
"ENSG00000178163",334.091699531458,-1.05000943804994,0.204918364670334,-5.1240377588371,2.99061052624582e-07,2.32286858289315e-06,"85460","ZNF518B"
"ENSG00000178175",95.6220281086754,-1.9653099138251,0.200534848812745,-9.80034106520938,1.12206129559958e-22,1.28721428362837e-20,"167465","ZNF366"
"ENSG00000178343",7.81109615759748,-2.75295262007097,0.509075323004744,-5.4077510648563,6.38210442656941e-08,5.78445065310366e-07,"152573","SHISA3"
"ENSG00000178385",183.578985643249,-1.23013467534226,0.137950184941606,-8.91723831949173,4.78060175103546e-19,3.11796131289895e-17,"389072","PLEKHM3"
"ENSG00000178401",67.1685814157274,2.33454732961362,0.420340442385705,5.55394412291987,2.79294793872126e-08,2.72759001479784e-07,"79962","DNAJC22"
"ENSG00000178462",11.9704465467598,1.84560999284197,0.471380226498595,3.91533180454159,9.02799637822402e-05,0.000400664609310889,"79861","TUBAL3"
"ENSG00000178531",19.1932630513458,2.1420867145665,0.404984115960199,5.28931044489908,1.22778348519925e-07,1.05045496733033e-06,"404217","CTXN1"
"ENSG00000178568",1152.62798305914,1.1559189474484,0.243823935382194,4.74079357974637,2.12882737708203e-06,1.385659504872e-05,"2066","ERBB4"
"ENSG00000178662",148.946180631987,-1.16093865006511,0.223742116548801,-5.18873544226926,2.11726943837545e-07,1.69944588996135e-06,"80034","CSRNP3"
"ENSG00000178695",2462.46002253886,-1.05051103128597,0.192366947524549,-5.46097468824219,4.73527565850456e-08,4.40251739052512e-07,"115207","KCTD12"
"ENSG00000178722",9.20127390287958,-1.20224702936079,0.436015555983308,-2.75734893597884,0.0058272131510265,0.0158539774629856,"285668","LINC03122"
"ENSG00000178750",6.9834911424036,-1.31317734457805,0.432936668577953,-3.0331857749342,0.00241986578932396,0.00735278896866104,"415117","STX19"
"ENSG00000178773",88.4784520855705,3.28273003049446,0.346306933790098,9.47925008190616,2.56117029563085e-21,2.29251236324088e-19,"27132","CPNE7"
"ENSG00000178878",1044.69793225789,-1.4829616851715,0.265009076046552,-5.59589017589343,2.19492618360671e-08,2.19138053361781e-07,"81575","APOLD1"
"ENSG00000178935",647.455201419416,2.2160127615069,0.246153667409809,9.00255838080837,2.20517865530643e-19,1.49456990951552e-17,"79818","ZNF552"
"ENSG00000178947",32.7663478800342,-1.78614195692634,0.314899384535864,-5.67210367704901,1.41054563874658e-08,1.4722534656447e-07,"399668","SMIM10L2A"
"ENSG00000178965",37.9918983666918,1.00223457801643,0.361461163400386,2.7727310137224,0.00555880481642617,0.0152258579112367,"127254","ERICH3"
"ENSG00000178966",132.11174207753,1.0089722572484,0.148793684038216,6.7810153621121,1.19334185844548e-11,2.24144485973429e-10,"80010","RMI1"
"ENSG00000178999",18.290498091279,2.49927231144029,0.418632228029019,5.97009055706778,2.37121936924111e-09,2.85512759810917e-08,"9212","AURKB"
"ENSG00000179088",6.82785903404807,1.17500970566012,0.420629885924645,2.79345273595376,0.00521486491081686,0.0143977306269926,"374470","C12orf42"
"ENSG00000179094",870.022732013649,-1.4837643755966,0.17649387013666,-8.40688900100446,4.21029189207871e-17,2.02016186570386e-15,"5187","PER1"
"ENSG00000179144",129.929335299037,-1.53375526973561,0.232368668550153,-6.60052527436407,4.0970352930843e-11,6.94649524088062e-10,"168537","GIMAP7"
"ENSG00000179172",6.79031327819954,1.18517700566585,0.351123220914681,3.37538771311806,0.000737117649915686,0.00258394327569364,"343069","HNRNPCL1"
"ENSG00000179178",76.8249940185658,2.11371564251014,0.342441312697158,6.17249018776956,6.72227013391874e-10,9.02220735836548e-09,"128218","TMEM125"
"ENSG00000179219",6.82448019734381,-1.53147242255892,0.429035044467892,-3.56957419284552,0.000357561943105848,0.00137240764736679,"197196","LINC00311"
"ENSG00000179242",9.12742130059403,-1.17657988596003,0.463146248588413,-2.54040681436163,0.0110723595005008,0.0274829133595335,"1002","CDH4"
"ENSG00000179428",4.06111833906084,-1.44183916239882,0.491631757156247,-2.93276246176381,0.00335960823950877,0.00978334201045194,"541472","IL6-AS1"
"ENSG00000179431",44.6933095415257,1.13908676922701,0.265156725092094,4.2958999770094,1.73986023427111e-05,9.2813999098252e-05,"24147","FJX1"
"ENSG00000179546",2.6594884047671,1.85147319560949,0.641430921581407,2.88647324803862,0.00389585865449469,0.0111522605815365,"3352","HTR1D"
"ENSG00000179603",12.2691866157491,2.60646183241321,0.5136126238085,5.07476201244038,3.8798128301278e-07,2.95170520059958e-06,"2918","GRM8"
"ENSG00000179627",138.624444652111,1.41362033468086,0.222292331111073,6.3592852151724,2.02694736806334e-10,3.01867468618406e-09,"100128927","ZBTB42"
"ENSG00000179750",14.7670221055725,1.81535875396823,0.322372883484163,5.63123899984413,1.78919582211286e-08,1.82419266105285e-07,"9582","APOBEC3B"
"ENSG00000179776",874.442853671046,-2.08643026509647,0.223026746217129,-9.3550674996855,8.35463533742855e-21,7.06415713644854e-19,"1003","CDH5"
"ENSG00000179796",5.21429567699226,-2.17941720135464,0.552725554025054,-3.94303680277438,8.04563031213223e-05,0.0003621440465447,"116135","LRRC3B"
"ENSG00000179841",117.063050378668,1.73235429732953,0.239328233426695,7.23840339489298,4.53997409566548e-13,1.09830985624683e-11,"9495","AKAP5"
"ENSG00000179855",27.9170732860028,-1.10923197411714,0.267100480009613,-4.15286402359598,3.28339857544985e-05,0.000163464634103428,"126326","GIPC3"
"ENSG00000179915",52.7724218890508,-1.70828800547944,0.379070210820214,-4.50652136917624,6.5899051603571e-06,3.86840249101198e-05,"9378","NRXN1"
"ENSG00000179918",291.536443207339,1.10412243531211,0.167162987736352,6.6050652136795,3.97342394175755e-11,6.74572522433895e-10,"22928","SEPHS2"
"ENSG00000179921",23.8257165531048,-1.30808443000483,0.248273539060352,-5.26872269576362,1.37376309766028e-07,1.15967943053871e-06,"151306","GPBAR1"
"ENSG00000179934",5.99115520920027,2.82417744496164,0.565164017165895,4.99709351477103,5.82008489857058e-07,4.27135323147003e-06,"1237","CCR8"
"ENSG00000179958",144.15615711832,1.25537472544226,0.172193747895305,7.2904779690697,3.0885731176525e-13,7.67942346628578e-12,"79077","DCTPP1"
"ENSG00000180044",16.6289027025278,2.53524382680513,0.338321427692187,7.49359520057287,6.70121865879137e-14,1.9010954529498e-12,"401097","C3orf80"
"ENSG00000180113",28.5694413332296,-1.45379240941642,0.36281632765996,-4.0069652289159,6.15039133729143e-05,0.000285041703862544,"221400","TDRD6"
"ENSG00000180116",5.75165041856049,-1.39658953200116,0.532504910221863,-2.62267916256262,0.00872413845990922,0.0224174605169594,"283461","REDIC1"
"ENSG00000180155",173.627828684534,-1.87391184056503,0.247422186902862,-7.57374212887676,3.62623882624675e-14,1.08071076293586e-12,"66004","LYNX1"
"ENSG00000180287",9.75030876245274,-1.69238099797409,0.447880883144424,-3.77864084328056,0.000157686658391669,0.000660560936887943,"200150","PLD5"
"ENSG00000180340",22.1994254114435,1.19339452603047,0.253185142997868,4.71352509827371,2.43467721007358e-06,1.57212315967886e-05,"2535","FZD2"
"ENSG00000180354",1410.29421478511,-2.43604065869237,0.248348673387006,-9.80895378046273,1.03031209346263e-22,1.19396613045103e-20,"222166","MTURN"
"ENSG00000180440",4.11570412354547,-2.09838736142662,0.8337775645052,-2.51672322542271,0.0118451838607844,0.0291447661287432,"400120","SERTM1"
"ENSG00000180447",308.265126077051,-1.11633007130979,0.223478442000434,-4.99524724316641,5.87604375591494e-07,4.3099842841492e-06,"2619","GAS1"
"ENSG00000180509",28.4334063443053,-1.2434582107157,0.315437803365323,-3.94200757629418,8.08024235484416e-05,0.000363386921425927,"3753","KCNE1"
"ENSG00000180525",7.48174861676744,-1.97097290893214,0.469705706704839,-4.19618684805695,2.71446335360394e-05,0.000138079638904274,"414235","DIP2C-AS1"
"ENSG00000180535",5.35099975331622,1.16882102138822,0.483380027664199,2.41801678699103,0.0156053568624365,0.0368828055572362,"168620","BHLHA15"
"ENSG00000180539",5.7595797197869,1.12392395817387,0.36880941118042,3.04743838986269,0.00230800833713226,0.00706084624811777,"401563","LINC02908"
"ENSG00000180549",4.54330289469003,1.37262922222727,0.451215720414027,3.04206870489302,0.00234958258867265,0.00717113049227098,"2529","FUT7"
"ENSG00000180638",47.4957088469337,-1.11420266681276,0.358541983167059,-3.10759330600792,0.00188617434010874,0.00591749015234984,"146802","SLC47A2"
"ENSG00000180660",29.8476653524138,-2.33758598085045,0.320987201025662,-7.28248968613417,3.27715002301272e-13,8.12495322801949e-12,"4081","MAB21L1"
"ENSG00000180694",474.614751538198,-1.3082639220998,0.240384727590105,-5.44237537557128,5.2574740776811e-08,4.85325434240562e-07,"169200","TMEM64"
"ENSG00000180697",26.1483209001679,-1.14720039040328,0.295668744560407,-3.88001914814806,0.000104448241822742,0.000456672976458603,"152065","C3orf22"
"ENSG00000180730",211.051358223577,1.75640187715394,0.475516387299983,3.6936726557983,0.000221038309272131,0.000893585490123966,"387914","SHISA2"
"ENSG00000180777",699.581763972569,2.73019254537312,0.40434050832653,6.75221129011471,1.45608613272593e-11,2.69594035900854e-10,"374860","ANKRD30B"
"ENSG00000180785",47.0727967113493,-1.84071241538886,0.318622147314911,-5.77710128094011,7.59985426007347e-09,8.35919563063505e-08,"143503","OR51E1"
"ENSG00000180818",65.4105381854897,1.57283356475143,0.379097328395111,4.14889118688844,3.34089557210132e-05,0.000165945210984704,"3226","HOXC10"
"ENSG00000180846",9.87029462249697,-1.33451807197331,0.308470576788718,-4.32624104984691,1.51675437432023e-05,8.21788980350752e-05,"255193","CSNK1G2-AS1"
"ENSG00000180861",9.79981083454049,-2.24250539962421,0.435201273619893,-5.15280063629324,2.56624743348572e-07,2.02353131465438e-06,"283422","LINC01559"
"ENSG00000180871",10.6797901613394,-1.49808401642384,0.423033546157307,-3.54128893566935,0.000398177284437834,0.00150822792199581,"3579","CXCR2"
"ENSG00000180914",358.61733302496,-2.02059743096152,0.456869953056739,-4.42269713173846,9.747634080442e-06,5.51862781810499e-05,"5021","OXTR"
"ENSG00000180921",407.279554958147,1.4252766353162,0.244486455677054,5.82967523239355,5.5535352099674e-09,6.28416159460914e-08,"286077","FAM83H"
"ENSG00000181085",81.7861300955902,2.17044896502296,0.41539366116081,5.22504113076179,1.74116401235177e-07,1.43437433934075e-06,"225689","MAPK15"
"ENSG00000181092",10425.2738792075,-4.77486407854041,0.534531500612673,-8.93280203892105,4.15352491839816e-19,2.73647715309085e-17,"9370","ADIPOQ"
"ENSG00000181104",521.530609135377,1.02581904426061,0.203243811340414,5.04723384931243,4.48252568619839e-07,3.36974809621598e-06,"2149","F2R"
"ENSG00000181191",246.861411064579,-1.01581495329699,0.147213361046473,-6.90029047686987,5.18963119703959e-12,1.04671675689785e-10,"64219","PJA1"
"ENSG00000181195",18.2531331330668,-2.21080725664978,0.463840145333709,-4.76631287500831,1.87627824126519e-06,1.23583939575645e-05,"5179","PENK"
"ENSG00000181215",3.66943314336866,2.02443140406856,0.792084550298485,2.55582740921495,0.010593564809367,0.0264640318854343,"389197","C4orf50"
"ENSG00000181218",50.8052222803688,1.08720440389516,0.344514907491704,3.15575430918425,0.00160083644364585,0.00513398967187534,"92815","H2AC25"
"ENSG00000181234",277.320027297928,-3.83962561792664,0.381877560005744,-10.054598698779,8.76779221985691e-24,1.17650237165131e-21,"92293","TMEM132C"
"ENSG00000181260",9.55183517423408,1.53546875721706,0.272757859068493,5.62942077071913,1.8081580563781e-08,1.84135609366272e-07,"442098","MTHFD2P7"
"ENSG00000181374",17.8011637055124,-2.61419047531743,0.505967066624014,-5.16672061832049,2.38236958756363e-07,1.89407503074967e-06,"6357","CCL13"
"ENSG00000181378",11.6083611720615,2.01307385345242,0.510265217767908,3.94515201772592,7.97493686333285e-05,0.000359148874216506,"255101","CFAP65"
"ENSG00000181392",50.8629056102685,1.60194101027665,0.287252242475225,5.57677460225507,2.45019006680243e-08,2.42385799367597e-07,"163183","SYNE4"
"ENSG00000181444",74.1842830055517,1.19336274992891,0.229702805209718,5.19524673997504,2.04448492653797e-07,1.64969660314183e-06,"168544","ZNF467"
"ENSG00000181649",10.039253199418,1.03796260952521,0.35229338622592,2.94630171927093,0.00321598531875904,0.00942218362351548,"7262","PHLDA2"
"ENSG00000181652",17.4742853826663,2.52538859606997,0.405608250320298,6.22617659792605,4.77955307691515e-10,6.60285464452174e-09,"285973","ATG9B"
"ENSG00000181788",401.519533041988,1.10910893488544,0.214389578990474,5.17333417094271,2.2995321147821e-07,1.83158191578747e-06,"6478","SIAH2"
"ENSG00000181804",188.031164569434,-1.32184880551423,0.20559225209454,-6.42946799817334,1.28051313649107e-10,1.97972364485022e-09,"285195","SLC9A9"
"ENSG00000181847",33.1090341355465,1.5044873740576,0.365585881866706,4.11527755496351,3.86713787923216e-05,0.000188654698494848,"201633","TIGIT"
"ENSG00000181856",177.726884268703,-3.87381827946574,0.381786721430308,-10.1465505792162,3.43282938677445e-24,5.06303325124382e-22,"6517","SLC2A4"
"ENSG00000181885",251.346989561585,1.80273205643287,0.255698626555524,7.0502218987923,1.78632692896742e-12,3.86734565655849e-11,"1366","CLDN7"
"ENSG00000181997",15.0794775406061,-3.91641959920346,0.490870042482867,-7.97852641280334,1.48090601466802e-15,5.57121135199313e-14,"389756","AQP7P2"
"ENSG00000182004",174.804704513011,1.03531615003296,0.143191093363867,7.23031108786976,4.81888891752778e-13,1.16253455874708e-11,"6635","SNRPE"
"ENSG00000182077",7.55010978432642,-1.40770238010701,0.556745091875482,-2.52845045362671,0.0114567255663774,0.0283070323864481,"374308","PTCHD3"
"ENSG00000182107",315.246179113371,1.23739104335524,0.222794541260334,5.55395583911258,2.79276064444063e-08,2.72759001479784e-07,"161291","TMEM30B"
"ENSG00000182118",137.171972902042,-2.79451027317736,0.314181571138769,-8.89457094204634,5.86454363284823e-19,3.73117214758516e-17,"375061","FAM89A"
"ENSG00000182175",127.437414733861,-1.96100615118068,0.191850784012692,-10.2215175260944,1.58834592897619e-24,2.51404168441243e-22,"56963","RGMA"
"ENSG00000182183",10.0669868919382,1.69823093673088,0.338262422600181,5.02045401223344,5.1549491993003e-07,3.83196366882696e-06,"348378","SHISAL2A"
"ENSG00000182247",146.267454341563,-1.0565677728069,0.188420479908035,-5.60749963763281,2.05270442699721e-08,2.0620782320431e-07,"7325","UBE2E2"
"ENSG00000182253",1711.18926229733,-2.99479862151403,0.319482016536594,-9.37391923958575,6.98880726292559e-21,5.96761378062574e-19,"23336","SYNM"
"ENSG00000182255",12.0698457641065,-3.12520925739624,0.505211184836125,-6.18594629572574,6.17310226392952e-10,8.33722104927588e-09,"3739","KCNA4"
"ENSG00000182263",177.087745607741,-1.93014906262341,0.250200977642094,-7.71439456717248,1.21557873139192e-14,3.87641188077044e-13,"55137","FIGN"
"ENSG00000182272",86.4877621680739,2.48693080145134,0.345182802137206,7.20467759706874,5.81813459221739e-13,1.38303239693021e-11,"338707","B4GALNT4"
"ENSG00000182334",6.87730513627513,-1.71496381069918,0.624775025448958,-2.74493016020738,0.00605237764807247,0.0163944087434692,"120066","OR5P3"
"ENSG00000182463",602.623639522868,-1.80301173291996,0.166762800846574,-10.8118340767062,3.02559530163648e-27,8.52663376962087e-25,"128553","TSHZ2"
"ENSG00000182489",8.68919829841332,1.33869006779982,0.317804555318001,4.21230610259913,2.52776673894006e-05,0.000129701065446543,"402415","XKRX"
"ENSG00000182492",832.581676127455,1.74485991871023,0.266055189219078,6.55826305749466,5.44381175816369e-11,8.99493734044641e-10,"633","BGN"
"ENSG00000182533",15.5595445032744,-1.8375401344685,0.279703841413919,-6.56959205558147,5.04532953926528e-11,8.36847694442481e-10,"859","CAV3"
"ENSG00000182534",565.140116499812,-1.52145871503122,0.188553713454349,-8.06909971253145,7.08184127182665e-16,2.78109585074245e-14,"439921","MXRA7"
"ENSG00000182566",6.65176322222579,-1.67923402987315,0.519146568937915,-3.23460488876691,0.00121811169625337,0.00402747973651063,"339390","CLEC4G"
"ENSG00000182636",197.574183884129,-1.97488995368697,0.272878859869618,-7.23724056392854,4.57905530481779e-13,1.10673293857039e-11,"4692","NDN"
"ENSG00000182674",7.55066704382604,-1.29886568612516,0.393900859056304,-3.29744314149743,0.000975694272342732,0.00331159413199171,"9312","KCNB2"
"ENSG00000182704",598.449814871879,-1.16290253624744,0.225853216521856,-5.14893059375535,2.61975790895111e-07,2.06071744850161e-06,"25987","TSKU"
"ENSG00000182732",140.474876593663,-1.01824371840324,0.130231228861566,-7.81873692895595,5.33559837959936e-15,1.80575570714003e-13,"9628","RGS6"
"ENSG00000182771",48.2629985405278,-1.06401653707754,0.232551115241279,-4.57540930721224,4.75289831370009e-06,2.88395826150133e-05,"2894","GRID1"
"ENSG00000182782",75.110252427186,-2.67225944753712,0.24763756380082,-10.7910100815176,3.79594277881633e-27,1.02640711096369e-24,"338442","HCAR2"
"ENSG00000182791",9.21895963031419,1.50330277832497,0.398521023922491,3.77220444615074,0.000161811582668964,0.000676051032177848,"55231","CCDC87"
"ENSG00000182836",57.0297668066062,-1.9675002623326,0.370669199830521,-5.30796802980174,1.10854079232641e-07,9.55044868476899e-07,"345557","PLCXD3"
"ENSG00000182901",7.09847819483655,2.31748348300674,0.569795771523149,4.06721776262354,4.75777789585695e-05,0.000227277141370362,"6000","RGS7"
"ENSG00000182902",30.8564891098047,-2.09418127687605,0.310822456040969,-6.73754819246399,1.61081523247181e-11,2.96443783005516e-10,"83733","SLC25A18"
"ENSG00000182916",32.6606892260508,-1.0160297301333,0.292801558706757,-3.4700284200019,0.000520403297459459,0.00191075228326881,"56849","TCEAL7"
"ENSG00000182950",4.18646120134731,-1.17311565941638,0.407286682367324,-2.88031922035292,0.00397272708931526,0.0113371477802139,"161753","CIMAP1C"
"ENSG00000183010",209.175631469606,2.00397347164111,0.269780443332896,7.42816435055042,1.10115089016308e-13,2.99933628613361e-12,"5831","PYCR1"
"ENSG00000183018",137.61806453934,-1.36831340072743,0.201393958712556,-6.7942127433941,1.0890557781892e-11,2.06294410414795e-10,"124976","SPNS2"
"ENSG00000183044",387.140947129819,1.29485693325841,0.207501785966992,6.24022066713386,4.36954033997890e-10,6.06246372309091e-09,"18","ABAT"
"ENSG00000183060",73.1309628330734,-1.01503319547988,0.169375086012919,-5.99281287097002,2.06242127581554e-09,2.51698784568029e-08,"145748","LYSMD4"
"ENSG00000183067",9.55410085182042,2.09571976074831,0.574842417256285,3.64572915608969,0.000266634690083454,0.00105701027568514,"150084","IGSF5"
"ENSG00000183090",55.1594281508696,-2.88766542492234,0.332518970018639,-8.68421258721112,3.81374954012708e-18,2.16151333106155e-16,"166752","FREM3"
"ENSG00000183098",307.223880262166,-1.03856381394152,0.299081096694637,-3.47251573375733,0.000515604788798822,0.00189602905618924,"10082","GPC6"
"ENSG00000183117",38.685173247476,-1.07184388000124,0.411070769908486,-2.60744367749588,0.00912210762558346,0.0232696216337358,"64478","CSMD1"
"ENSG00000183134",5.269128384531,-1.08403349168968,0.408519775806463,-2.65356429697848,0.0079646594961228,0.0207499252137522,"11251","PTGDR2"
"ENSG00000183145",9.11492412636136,2.78249582042761,0.495140107227143,5.6196130747921,1.91385587350973e-08,1.93532803913384e-07,"53820","RIPPLY3"
"ENSG00000183154",7.47012877996545,-1.53550254391481,0.378551734149726,-4.05625547420549,4.98657156479244e-05,0.000236465883593135,"102723701","LOC102723701"
"ENSG00000183186",20.6908005673968,-1.62725449899385,0.308880120734427,-5.26823964949479,1.37738215934833e-07,1.16235650495331e-06,"126567","C2CD4C"
"ENSG00000183196",9.48715444817054,2.10669350156133,0.425057825705541,4.95625153604568,7.18661664139961e-07,5.16044798831123e-06,"4166","CHST6"
"ENSG00000183206",155.456587050863,2.77509203693504,0.714823245279161,3.88220732224688,0.000103512565610084,0.000453192642622123,"388468","POTEC"
"ENSG00000183242",15.6551830164958,2.77145940151329,0.518931713130987,5.34070154393074,9.25875787357715e-08,8.11681313347908e-07,"51352","WT1-AS"
"ENSG00000183248",45.2313194533294,2.43132920153943,0.406191122309868,5.98567784473798,2.15490515963707e-09,2.62122905969349e-08,"80164","PRR36"
"ENSG00000183287",47.4201691871052,-1.37381189655054,0.227877700956058,-6.02872457808172,1.65258639229223e-09,2.05646392958398e-08,"147372","CCBE1"
"ENSG00000183303",8.30246448726674,-1.61929920598658,0.665360899619697,-2.43371560744271,0.0149447319246263,0.0355236038096136,"120065","OR5P2"
"ENSG00000183317",57.7005799718545,1.99908253380042,0.30929233124577,6.46340801838994,1.02370772277564e-10,1.61148605626501e-09,"284656","EPHA10"
"ENSG00000183323",414.44135806964,1.17823830988683,0.165201411155074,7.13213223572785,9.88258585058162e-13,2.25423693769242e-11,"202243","CCDC125"
"ENSG00000183378",40.399579809207,-1.55193276321056,0.545632948834319,-2.84427977915572,0.00445119437682869,0.0125455052805341,"341277","OVCH2"
"ENSG00000183423",10.5949587015352,1.01917957022673,0.257171305210227,3.96303767013816,7.40020994532441e-05,0.00033618244620359,"345193","LRIT3"
"ENSG00000183549",155.911093270437,-2.84081824832983,0.289890792905875,-9.79961529599947,1.13015246606862e-22,1.28721428362837e-20,"54988","ACSM5"
"ENSG00000183569",199.853692301861,1.13538101535425,0.357002916845526,3.18031299404066,0.00147116058488373,0.00476520919171597,"253190","SERHL2"
"ENSG00000183570",24.1264934931371,-1.12122693687198,0.308579116352662,-3.63351528815247,0.000279585872764401,0.00110262687408361,"54039","PCBP3"
"ENSG00000183598",29.5399060290064,1.00775129489546,0.301126530242743,3.34660414704442,0.000818079422541652,0.00283558627992205,"653604","H3C13"
"ENSG00000183682",6.5940409357784,2.70572032925187,0.511761169106969,5.28707626249446,1.24286833295528e-07,1.06126237456754e-06,"353500","BMP8A"
"ENSG00000183688",212.480510665775,-1.03546646197897,0.215831411064595,-4.79757073760257,1.60601500112865e-06,1.07252218675836e-05,"359845","RFLNB"
"ENSG00000183722",660.262406314446,-1.77238854995625,0.225047032658866,-7.8756361682089,3.39013429416645e-15,1.18959226931e-13,"10186","LHFPL6"
"ENSG00000183734",9.00506793129086,1.11347808174731,0.383455455345034,2.90380034036912,0.00368663180980036,0.0106259814033753,"430","ASCL2"
"ENSG00000183742",505.120695297339,1.09363219705629,0.27814003844557,3.93194810487633,8.4260257693818e-05,0.000376978243573962,"346389","MACC1"
"ENSG00000183778",186.639765759068,1.41177359082688,0.51747071702489,2.72821928735143,0.00636772615318509,0.0171324041754124,"10317","B3GALT5"
"ENSG00000183798",14.0524384287762,-1.88479622139599,0.470851999239442,-4.00294832440015,6.25579700597937e-05,0.000289410049333831,"90187","EMILIN3"
"ENSG00000183801",99.4043425064268,-1.08853567888261,0.246105233346677,-4.42304970146347,9.73173426030567e-06,5.51082805255268e-05,"283298","OLFML1"
"ENSG00000183807",24.7291126225292,-2.22841632672417,0.279975053192951,-7.95933888148387,1.72960929586973e-15,6.46002850391173e-14,"221303","FAM162B"
"ENSG00000183813",31.701798146289,2.36058117639547,0.347983035225024,6.78360993911382,1.17209522736844e-11,2.20313163736639e-10,"1233","CCR4"
"ENSG00000183853",694.29086091983,-1.07549257304831,0.172769166643959,-6.22502610818672,4.8147582582267e-10,6.63761681216236e-09,"55243","KIRREL1"
"ENSG00000183856",119.4051974974,2.32674097439745,0.324103706467629,7.1790014367819,7.02224083887938e-13,1.64219214140208e-11,"128239","IQGAP3"
"ENSG00000183876",20.5330302423734,1.86376212568173,0.325211596891619,5.73092147849467,9.98865009434858e-09,1.07320107263701e-07,"340075","ARSI"
"ENSG00000183888",91.5361656172249,1.88041135628964,0.544355539060838,3.45438086206281,0.000551557850009967,0.00200607239324068,"149563","SRARP"
"ENSG00000184005",81.5166314255064,-1.94020072628673,0.244139667926704,-7.94709332884496,1.90938564749079e-15,7.09067705830699e-14,"256435","ST6GALNAC3"
"ENSG00000184113",215.538057794095,-3.01750914377256,0.297740820135733,-10.1346840597703,3.87624584377976e-24,5.62120612362207e-22,"7122","CLDN5"
"ENSG00000184160",24.347819212286,-2.02310129572267,0.343944298126057,-5.88206086492876,4.05189273545424e-09,4.70599694080184e-08,"152","ADRA2C"
"ENSG00000184206",6.16446989976613,-1.01708629287548,0.392366833063957,-2.59218212949637,0.00953692680411235,0.0241922745999363,"643707","GOLGA6L4"
"ENSG00000184226",276.557914170055,-3.53339167234103,0.313130998246434,-11.2840686234464,1.57298810268167e-29,6.58574599506624e-27,"5101","PCDH9"
"ENSG00000184227",56.4805977355085,-1.08266976747523,0.235820044575575,-4.59108456799677,4.40948610623166e-06,2.69447835088421e-05,"641371","ACOT1"
"ENSG00000184232",223.204244094435,-1.05547419163159,0.182891804751422,-5.7710305448959,7.87881900671422e-09,8.6331103324731e-08,"220323","OAF"
"ENSG00000184292",917.291391374082,1.54329523942872,0.355445127747733,4.34186634997013,1.41277467457205e-05,7.70922955697737e-05,"4070","TACSTD2"
"ENSG00000184347",1442.97798844008,-1.84939008332907,0.192652533586158,-9.59961464769414,8.0243865514761e-22,7.86026513597044e-20,"6586","SLIT3"
"ENSG00000184349",192.749613646907,-1.18842080978429,0.239731296667161,-4.95730355738356,7.14782530400521e-07,5.13685629128924e-06,"1946","EFNA5"
"ENSG00000184357",263.773454504466,2.31849148468673,0.28310434749758,8.18952978002767,2.62248734844285e-16,1.12149137711498e-14,"3009","H1-5"
"ENSG00000184363",119.709301673311,1.82813715163462,0.337784516956137,5.41214016589165,6.22759104097513e-08,5.65625641153367e-07,"11187","PKP3"
"ENSG00000184371",440.211961169566,-1.01159939146064,0.167963974340907,-6.02271645113284,1.71513767698216e-09,2.12919865227656e-08,"1435","CSF1"
"ENSG00000184374",3.5368074879875,1.28305232536953,0.544063528091133,2.35827667013661,0.0183600034949067,0.0423672300400737,"10584","COLEC10"
"ENSG00000184384",602.279167157165,-1.71634997412961,0.150726658754353,-11.387169252699,4.84474068939108e-30,2.28654143300389e-27,"84441","MAML2"
"ENSG00000184459",4.23894712032806,1.42466012244063,0.616591655240891,2.31054071253048,0.0208582372725702,0.047291302569777,"254240","BPIFC"
"ENSG00000184481",149.749055645296,-1.01745784142584,0.151984322672824,-6.69449206031678,2.16422035377349e-11,3.89050082709504e-10,"4303","FOXO4"
"ENSG00000184500",350.200005752519,-1.6000721647925,0.209297064792401,-7.64498138748188,2.08975555525053e-14,6.41963014238973e-13,"5627","PROS1"
"ENSG00000184507",7.36912779276914,1.70458245772615,0.420343161387157,4.05521634300159,5.00879223420633e-05,0.000237346164321884,"256646","NUTM1"
"ENSG00000184530",5.89762697965312,-1.64336180124918,0.486778094095453,-3.37599785442878,0.000735484927997354,0.0025792647610045,"352999","C6orf58"
"ENSG00000184557",690.736964945918,-1.19576160063159,0.293549476768252,-4.07345846361568,4.63201155951886e-05,0.000221840878343156,"9021","SOCS3"
"ENSG00000184564",630.637759857952,2.66658348582874,0.369289915735502,7.22084024557726,5.16673226361793e-13,1.24183366758328e-11,"84189","SLITRK6"
"ENSG00000184574",26.3715507269618,1.002464344118,0.19863388657724,5.04679418699381,4.49284875356475e-07,3.37653062956091e-06,"57121","LPAR5"
"ENSG00000184601",224.242841987421,-4.53026003135895,0.414860718358291,-10.919954169887,9.25424921739756e-28,2.92953416079519e-25,"400258","C14orf180"
"ENSG00000184602",325.13083728213,-1.43008142627868,0.187792854400863,-7.61520682371662,2.63269563157506e-14,8.02106962493255e-13,"8303","SNN"
"ENSG00000184613",203.364063371768,2.13440153864434,0.375498805870146,5.68417663459216,1.31444371445048e-08,1.38083083527744e-07,"4753","NELL2"
"ENSG00000184635",101.354756467221,1.0645790070109,0.182314037940709,5.83925965896884,5.24332960830376e-09,5.95130520211408e-08,"81931","ZNF93"
"ENSG00000184661",38.6663620850415,2.00960720201074,0.344136823104684,5.8395587658442,5.2339252775098e-09,5.94322976174975e-08,"157313","CDCA2"
"ENSG00000184709",6.43021726831215,1.47082275706152,0.534416899119817,2.75220106153821,0.00591961642902687,0.0160683261805583,"389816","LRRC26"
"ENSG00000184730",45.314833891325,1.39153101365411,0.266335859509793,5.22472270994718,1.74416285794986e-07,1.43638894247026e-06,"55911","APOBR"
"ENSG00000184731",108.915288944758,1.27817816210856,0.261998583223038,4.87856898455232,1.06858290419558e-06,7.40872730424917e-06,"642273","FAM110C"
"ENSG00000184785",30.7432048519049,-1.24789596623251,0.25109743242179,-4.96976792712206,6.7033084717982e-07,4.86181842165236e-06,"644538","SMIM10"
"ENSG00000184811",1413.53416950629,-4.82458979822754,0.485777778189675,-9.93168072900969,3.03102823762788e-23,3.74663957106403e-21,"286753","TRARG1"
"ENSG00000184845",10.398873217867,-1.73695000811565,0.489545791681551,-3.54808485259236,0.000388043188523797,0.00147414387351101,"1812","DRD1"
"ENSG00000184887",380.684325621116,-1.08662027793584,0.166369404231528,-6.53137085484571,6.51704038475782e-11,1.06933839638144e-09,"90135","BTBD6"
"ENSG00000184937",37.4683390106218,3.10702169667774,0.555807925809788,5.59009965925,2.26939326303089e-08,2.2622469401596e-07,"7490","WT1"
"ENSG00000184949",113.575335339019,1.75972592092713,0.278888148651514,6.30979096614821,2.79412594429819e-10,4.03167989227862e-09,"646851","FAM227A"
"ENSG00000184986",17.3245740361118,1.38609191904349,0.277652939804026,4.99217447516251,5.97032840877046e-07,4.37296232604017e-06,"80757","TMEM121"
"ENSG00000184992",387.810683052379,1.05955181063135,0.153379340352728,6.90804777354426,4.91368524442313e-12,9.96480012302621e-11,"140707","BRI3BP"
"ENSG00000185000",213.91335879642,-1.13878113178167,0.194984439336507,-5.84036929129684,5.20852365809912e-09,5.92169982152457e-08,"8694","DGAT1"
"ENSG00000185010",451.274860593661,-1.72121997487125,0.201311268089162,-8.550042882393,1.23042788968494e-17,6.45241356776598e-16,"2157","F8"
"ENSG00000185022",160.900461405488,-1.11700171419431,0.189728441419216,-5.88737094891446,3.92387344056462e-09,4.5716295677817e-08,"23764","MAFF"
"ENSG00000185033",359.636789790057,1.2401902435834,0.226139845642197,5.4841739192909,4.1540594287197e-08,3.91970464015653e-07,"10509","SEMA4B"
"ENSG00000185046",389.001748065258,1.10680307782938,0.199128105577575,5.55824640936082,2.72498505443952e-08,2.66522841157276e-07,"56899","ANKS1B"
"ENSG00000185065",6.93300980344388,1.23032986103787,0.276421737960696,4.45091572795484,8.55048935061463e-06,4.90157786917288e-05,"105372860","UFD1-AS1"
"ENSG00000185070",410.092339457023,-1.17259641232621,0.227610234412894,-5.15177366848574,2.58034334166026e-07,2.0327937014512e-06,"23768","FLRT2"
"ENSG00000185090",58.2282561978878,1.13580943883182,0.236800593773277,4.79648053551456,1.61477640277452e-06,1.07754153890028e-05,"149175","MANEAL"
"ENSG00000185101",115.850589143833,2.00857036434635,0.298614442203378,6.72630013982503,1.74031405840696e-11,3.17463614393028e-10,"338440","ANO9"
"ENSG00000185112",72.349723084676,-1.57949865303123,0.225385297461031,-7.00799329337057,2.41760393039774e-12,5.15239432062927e-11,"131583","FAM43A"
"ENSG00000185130",40.0289209768483,1.99678155051112,0.332478754081414,6.00574179853358,1.90459085686914e-09,2.34532113200234e-08,"8340","H2BC13"
"ENSG00000185133",194.463469794477,1.55852414032291,0.296920835292282,5.24895512566081,1.52964327521622e-07,1.2771463537492e-06,"27124","INPP5J"
"ENSG00000185149",54.8027761662836,-2.20221702069505,0.734862433377464,-2.99677452631991,0.00272852440398139,0.00816638262176283,"4887","NPY2R"
"ENSG00000185156",10.8742926176115,1.73148493073052,0.437448638619012,3.95814451771222,7.55342532176017e-05,0.000342244396059086,"162387","MFSD6L"
"ENSG00000185269",3.03185338846343,1.79437425310929,0.625244232591846,2.86987733684646,0.00410631060386306,0.0116812724005564,"147111","NOTUM"
"ENSG00000185271",7.35172210487696,-2.05568678874347,0.443654458896205,-4.63353122576056,3.59480507328386e-06,2.23720810578524e-05,"123103","KLHL33"
"ENSG00000185274",21.619304162333,-1.73213208581439,0.276860179991791,-6.25634241033057,3.94110951759247e-10,5.52692171030066e-09,"64409","GALNT17"
"ENSG00000185290",17.3299914184326,1.90666027986441,0.435794458355286,4.37513658861165,1.21356464699167e-05,6.7253866581148e-05,"389493","NUPR2"
"ENSG00000185291",47.1769333331643,-1.05898247723816,0.236613222802305,-4.47558452015577,7.62025454310838e-06,4.41433982213808e-05,"3563","IL3RA"
"ENSG00000185339",182.328056497686,-1.17786845475769,0.16120234974445,-7.30676976250621,2.73640833709793e-13,6.86960228378995e-12,"6948","TCN2"
"ENSG00000185345",71.3964575119233,-1.52027059325215,0.187267993638021,-8.11815496988105,4.73324162735433e-16,1.92277756123417e-14,"5071","PRKN"
"ENSG00000185432",1358.82732459111,-1.69131807866436,0.171038244628809,-9.88853739895949,4.6679781817092e-23,5.60978600188924e-21,"25840","TMT1A"
"ENSG00000185442",263.340893751035,1.25931358718813,0.239323847083041,5.26196449930527,1.42524290358561e-07,1.19962565795316e-06,"400451","FAM174B"
"ENSG00000185499",993.760398196242,2.25299938009385,0.29582389706407,7.61601548236615,2.61626320697131e-14,7.98037136622342e-13,"4582","MUC1"
"ENSG00000185518",78.3053130682742,-2.35604854878653,0.275428492524865,-8.55412062560604,1.18770658454811e-17,6.27912169484724e-16,"9899","SV2B"
"ENSG00000185522",27.6405747202414,1.26710229833593,0.283292480141577,4.4727706775086,7.7212569074465e-06,4.46786417306055e-05,"256329","LMNTD2"
"ENSG00000185561",46.6464869279079,-2.33121020154856,0.267719670506608,-8.70765378254498,3.10229173660611e-18,1.76987448129278e-16,"727910","TLCD2"
"ENSG00000185585",506.606800062583,-1.00975308496317,0.182483454536057,-5.53339527427484,3.14090548635185e-08,3.03317055858339e-07,"169611","OLFML2A"
"ENSG00000185610",11.0622924602498,-1.36998126661274,0.380797652900847,-3.59766205536318,0.000321090437944085,0.00124754761085954,"440097","DBX2"
"ENSG00000185633",58.1953692222123,-1.24681988471983,0.261271111882852,-4.7721306643303,1.8228717618427e-06,1.20463607927477e-05,"56901","COXFA4L2"
"ENSG00000185686",33.9066984479106,1.44417926942499,0.516602823050379,2.79553112175725,0.00518145127354858,0.0143101586876088,"23532","PRAME"
"ENSG00000185739",22.4890319797427,-1.47343268137625,0.353424559266928,-4.1690161103474,3.05917367483697e-05,0.000153390052639401,"6345","SRL"
"ENSG00000185760",47.9343201744297,1.67573844264327,0.364539025864016,4.5968698102254,4.28885414514842e-06,2.62570933725855e-05,"56479","KCNQ5"
"ENSG00000185761",77.9795209697992,-1.92024475285121,0.243822169929435,-7.87559537103188,3.39124077081977e-15,1.18959226931e-13,"339366","ADAMTSL5"
"ENSG00000185818",388.935261394889,-3.45303645389835,0.339191438004645,-10.1801993417389,2.43062941079208e-24,3.66827199100819e-22,"339983","NAT8L"
"ENSG00000185829",932.025171447964,2.12856905914028,0.260896931898843,8.15865883760408,3.38765013586343e-16,1.41011208708035e-14,"100506084","ARL17B"
"ENSG00000185829",932.025171447964,2.12856905914028,0.260896931898843,8.15865883760408,3.38765013586343e-16,1.41011208708035e-14,"51326","ARL17A"
"ENSG00000185842",602.772689817328,1.95877155006668,0.181580178872173,10.7873643601023,3.94954156098421e-27,1.04614489632682e-24,"127602","DNAH14"
"ENSG00000185920",155.576406406977,-1.00803117795127,0.165644678444738,-6.08550294169319,1.16126192217594e-09,1.49523992935729e-08,"5727","PTCH1"
"ENSG00000185950",566.644455251832,-1.86920321648766,0.245489712297578,-7.61418146199888,2.65367762148905e-14,8.07551743242824e-13,"8660","IRS2"
"ENSG00000185985",7.37132464617888,-1.81210054267743,0.48564886421598,-3.7312978083514,0.000190495868391823,0.000781801067464812,"84631","SLITRK2"
"ENSG00000185989",333.562969753141,-1.35520042842918,0.159402961793225,-8.50172677586209,1.86791042480191e-17,9.48869252583324e-16,"22821","RASA3"
"ENSG00000186081",679.807952772268,-1.84649154652733,0.454456294052318,-4.06307838772007,4.84297569031256e-05,0.000230837243792019,"3852","KRT5"
"ENSG00000186086",17.8268523488083,2.43880534916795,0.443054138079412,5.50453125150775,3.70151799758364e-08,3.5182718484539e-07,"653149","NBPF6"
"ENSG00000186118",13.7794335747548,1.49384373671697,0.298979860742421,4.99646943779921,5.83894239569857e-07,4.28398153497862e-06,"374973","TEX38"
"ENSG00000186160",481.3830719468,1.1787361126755,0.479568381957922,2.45791039822746,0.0139748036093225,0.0335918096204086,"199974","CYP4Z1"
"ENSG00000186185",30.0898086776551,1.92388188312545,0.313275977089651,6.14117271614123,8.19144564953884e-10,1.08486503148331e-08,"146909","KIF18B"
"ENSG00000186188",31.6216201829677,-1.66847131835491,0.321444061988295,-5.1905495097174,2.09674359236976e-07,1.6850548040475e-06,"338557","FFAR4"
"ENSG00000186190",18.0057248296704,-1.3826996913808,0.313588307534988,-4.40928331240964,1.03713272624409e-05,5.83270888591701e-05,"359710","BPIFB3"
"ENSG00000186193",52.2301444221382,1.99359094629506,0.401072945887406,4.9706442848796,6.67307801811658e-07,4.84124536596618e-06,"89958","SAPCD2"
"ENSG00000186204",49.627842043564,-1.21019829933613,0.269464192511529,-4.49112844291677,7.084680817149e-06,4.13213748504615e-05,"66002","CYP4F12"
"ENSG00000186205",587.737308998655,-3.10754426616009,0.28778181171503,-10.7982650037566,3.50768941526494e-27,9.58448440436288e-25,"64757","MTARC1"
"ENSG00000186212",19.1914818018649,1.1871265288109,0.33320395734485,3.56276239415213,0.000366972805935522,0.00140416864629633,"345079","SOWAHB"
"ENSG00000186265",19.8877539738853,1.20557674332823,0.388883051519135,3.10010101653635,0.00193454652427594,0.00605242360819028,"151888","BTLA"
"ENSG00000186340",2282.54404688645,1.15345921905951,0.212287708049219,5.43347153567688,5.52681033997842e-08,5.07301777953182e-07,"7058","THBS2"
"ENSG00000186417",170.058336555764,-2.00394342411674,0.21991919763929,-9.11218049914678,8.07425756520642e-20,5.98833079650367e-18,"342035","GLDN"
"ENSG00000186453",8.20371451682097,-1.39016582903964,0.288290158646107,-4.82210643460135,1.42050110323048e-06,9.59993950472707e-06,"653140","FAM228A"
"ENSG00000186458",179.892545806378,-3.67687891409144,0.353004167571686,-10.4159646028676,2.09661274155952e-25,4.01037314311603e-23,"400830","DEFB132"
"ENSG00000186462",31.4500797521804,-1.04189912053044,0.248930557674362,-4.18550109020124,2.84537702908412e-05,0.000143865011532851,"4674","NAP1L2"
"ENSG00000186469",589.337370270215,-2.03282220870423,0.281847201916442,-7.21249739178498,5.49348832766317e-13,1.31066148905773e-11,"54331","GNG2"
"ENSG00000186479",31.4301113716497,-1.43778640987878,0.336677797416513,-4.270511512525,1.95025152921181e-05,0.000103063170185831,"401190","RGS7BP"
"ENSG00000186594",261.582700806762,-1.11607080748709,0.231885297549023,-4.8130296283711,1.48659239327903e-06,1.00049171233438e-05,"84981","MIR22HG"
"ENSG00000186638",75.5076568397084,1.63302967882768,0.240367865424087,6.7938768601472,1.09159569375698e-11,2.06377574789102e-10,"347240","KIF24"
"ENSG00000186642",414.001829174561,-1.89469262931804,0.18530099099454,-10.2249460143139,1.53313355605995e-24,2.44153870234381e-22,"5138","PDE2A"
"ENSG00000186810",8.7331858213731,1.397321767177,0.39151384249215,3.56902263859295,0.000358315465465136,0.00137509651870846,"2833","CXCR3"
"ENSG00000186847",495.017553134568,-1.76232901585369,0.457400213277615,-3.85292565393724,0.000116714837283578,0.00050492928729285,"3861","KRT14"
"ENSG00000186854",42.7568355244418,-1.02639950009694,0.277137622902263,-3.7035732981621,0.000212583720103841,0.000862226282258673,"105374836","LOC105374836"
"ENSG00000186854",42.7568355244418,-1.02639950009694,0.277137622902263,-3.7035732981621,0.000212583720103841,0.000862226282258673,"129293","TRABD2A"
"ENSG00000186871",21.5990197961528,2.48000107820107,0.345064416579186,7.18706699110471,6.61979353078967e-13,1.55367631530053e-11,"54821","ERCC6L"
"ENSG00000186891",21.1668832691852,1.61431216499802,0.320309363039634,5.03985318967485,4.65889094246038e-07,3.49020176289716e-06,"8784","TNFRSF18"
"ENSG00000186910",33.6070429650857,2.50409715427289,0.442653680186885,5.65701194038573,1.54031051359678e-08,1.59042881113545e-07,"256394","SERPINA11"
"ENSG00000186919",3.32899637848728,1.30369045216609,0.53999083426221,2.41428255712399,0.0157662304235981,0.0372223564652805,"353174","ZACN"
"ENSG00000186951",303.620136894456,-1.24992785807943,0.151208005772619,-8.26628095313302,1.3820263864811e-16,6.18528292073731e-15,"5465","PPARA"
"ENSG00000186973",8.04255654995487,1.50175562017927,0.482639774802961,3.1115455015956,0.00186110790011205,0.00584874562604221,"440585","CFAP144"
"ENSG00000186994",122.649273241659,-2.25308735712618,0.203400680659484,-11.0770885811247,1.62056775338256e-28,5.46320749900059e-26,"256949","KANK3"
"ENSG00000187017",85.5073602671808,2.17793017306466,0.351099865584386,6.20316436020167,5.53389905685058e-10,7.54062738675734e-09,"83715","ESPN"
"ENSG00000187045",31.9355781593606,2.42616903061738,0.394660287511786,6.14748711078492,7.87200947638551e-10,1.04362421852919e-08,"164656","TMPRSS6"
"ENSG00000187068",73.252934177952,-1.07304124707545,0.244924018397584,-4.38111890412311,1.18071412535165e-05,6.56295016399962e-05,"285382","C3orf70"
"ENSG00000187079",1531.4631991966,-1.31264416561579,0.184517458664446,-7.11392935452732,1.12784897825451e-12,2.54801599456315e-11,"7003","TEAD1"
"ENSG00000187123",170.858507265751,1.01786498585122,0.26468221612478,3.84561154411434,0.000120252144220368,0.000518350242389954,"130574","LYPD6"
"ENSG00000187134",554.147367493418,-3.32322383456989,0.305088871378451,-10.8926419359543,1.24961676495609e-27,3.81618258643885e-25,"1645","AKR1C1"
"ENSG00000187151",10.3198004915998,-2.12472901362099,0.457176388871713,-4.64750381983791,3.35975874290785e-06,2.10964241529758e-05,"253935","ANGPTL5"
"ENSG00000187193",131.505522296768,-2.02922258175662,0.235089995665997,-8.6316841174289,6.04551506657126e-18,3.30377852838014e-16,"4501","MT1X"
"ENSG00000187260",75.0686514194571,-1.38071910180546,0.256059849438048,-5.39217337210659,6.96105554637564e-08,6.26326100079095e-07,"349136","WDR86"
"ENSG00000187288",1145.79167473101,-4.50200616224479,0.389826950058658,-11.5487299212314,7.49193800218922e-31,4.22773318827886e-28,"63924","CIDEC"
"ENSG00000187398",52.3608384723978,-1.1681772704764,0.30892573300392,-3.78141781559383,0.000155937703213253,0.00065361390279503,"338645","LUZP2"
"ENSG00000187475",4.00299223982044,2.51116737287786,0.565234819918902,4.44269759113239,8.88379862871548e-06,5.06937007703224e-05,"3010","H1-6"
"ENSG00000187479",100.897076216381,-1.25675666794962,0.32517402461343,-3.86487410685297,0.000111146512677026,0.000483111382463201,"387763","C11orf96"
"ENSG00000187486",70.4853478670865,1.89084646930541,0.258115606721761,7.32557977923307,2.37868067387169e-13,6.05944974802368e-12,"3767","KCNJ11"
"ENSG00000187498",4425.35661522945,-1.15855496540962,0.236607940823829,-4.89651767973523,9.75498754421801e-07,6.82165858493564e-06,"1282","COL4A1"
"ENSG00000187510",6.77654315523075,1.36100042063842,0.437577397581901,3.11030786361329,0.00186892439928338,0.00587046703250218,"440107","PLEKHG7"
"ENSG00000187513",113.373990122229,-1.65318982344344,0.21963265967706,-7.52706735817081,5.18926041433989e-14,1.50003142355718e-12,"2701","GJA4"
"ENSG00000187527",57.1762869160868,-1.84232644621581,0.595523549629878,-3.09362484046321,0.00197727344415069,0.00617419271782314,"344905","ATP13A5"
"ENSG00000187546",22.7752809979343,-1.9454741632876,0.289515983651463,-6.71974700239586,1.82040355508869e-11,3.30679044667545e-10,"392636","AGMO"
"ENSG00000187553",3.98608872715152,1.15016580293458,0.381008161073277,3.01874321981617,0.0025382556767871,0.00767045055139793,"340665","CYP26C1"
"ENSG00000187583",22.5680632180144,1.66769811064877,0.358192360312822,4.65587292032781,3.22610886897558e-06,2.03458051557017e-05,"84069","PLEKHN1"
"ENSG00000187608",287.76257611958,1.31867448735989,0.315056213820626,4.18552128005531,2.84512411182986e-05,0.000143865011532851,"9636","ISG15"
"ENSG00000187616",6.77734510194889,-1.71401200965119,0.377541000918638,-4.53993607444126,5.62712861337233e-06,3.35998403109182e-05,"389827","MYMK"
"ENSG00000187624",29.0977600279367,1.039158785462,0.213331646370481,4.87109532571345,1.10981275783539e-06,7.66795836249429e-06,"400566","LIAT1"
"ENSG00000187634",32.3322034980975,1.16014447824887,0.279350083228721,4.15301282476793,3.28126341655188e-05,0.000163389671526671,"148398","SAMD11"
"ENSG00000187699",70.064824900114,-2.11841887423763,0.262817904801272,-8.06040545768545,7.60418044926257e-16,2.97273066418611e-14,"84281","AKAP19"
"ENSG00000187720",1109.85261618163,1.58344818855346,0.306778360513459,5.1615380755775,2.44929059167422e-07,1.93837454813047e-06,"79875","THSD4"
"ENSG00000187726",5.37601610899527,1.539055141795,0.421355433642875,3.65262915560133,0.000259568966392653,0.00103167833863428,"374407","DNAJB13"
"ENSG00000187730",9.32044279175822,1.89679368365257,0.407103515991661,4.65924171406917,3.17376349067706e-06,2.00644307576705e-05,"2563","GABRD"
"ENSG00000187800",203.942320492872,-1.84351107311413,0.194183585488673,-9.49365039519091,2.23082273881109e-21,2.00372652782209e-19,"375033","PEAR1"
"ENSG00000187824",77.7458098076626,-1.69931649040504,0.19721779013964,-8.61644626076501,6.90641889054894e-18,3.7584239320937e-16,"388335","TMEM220"
"ENSG00000187867",11.2889199426052,1.43882988419984,0.463956158557423,3.10121949598339,0.00192725372479221,0.00603178830337064,"342979","PALM3"
"ENSG00000187889",97.1872379606579,1.29309671366022,0.287275381509658,4.50124443962056,6.75567583866787e-06,3.95681839782883e-05,"199920","FYB2"
"ENSG00000187912",5.47843649090559,1.67336562639307,0.412571971292096,4.05593627980206,4.99338722100206e-05,0.00023670260314604,"388512","CLEC17A"
"ENSG00000187951",56.7159436946315,1.10530495612354,0.169387268014308,6.52531308333148,6.78596359338686e-11,1.10855911237971e-09,"100288637","LOC100288637"
"ENSG00000187957",6.63839483159091,-1.37007102963088,0.498051752413806,-2.75086077499143,0.00594388996380499,0.0161257834114183,"92737","DNER"
"ENSG00000187980",6.30138930091159,1.27375574692133,0.528749139928205,2.40899823892722,0.0159963751667013,0.0377108261354312,"391013","PLA2G2C"
"ENSG00000188064",44.2165766702301,2.75686422858334,0.405861332487254,6.79262597323169,1.10110592356121e-11,2.08024072516754e-10,"7477","WNT7B"
"ENSG00000188107",74.7994348140981,-1.27599525579256,0.184522634173711,-6.91511511043855,4.67483618230664e-12,9.5026936272761e-11,"346007","EYS"
"ENSG00000188112",209.696101259108,1.1757850864143,0.214502783862683,5.48144441410602,4.21867274831361e-08,3.97633649966321e-07,"647024","C6orf132"
"ENSG00000188133",7.56284790875592,2.05935935218048,0.611627894511762,3.36701345811637,0.000759869799703869,0.00265509493346521,"401498","TMEM215"
"ENSG00000188153",787.847046157954,1.32230267789877,0.231752678954165,5.70566296737517,1.15891113733125e-08,1.22938281849551e-07,"1287","COL4A5"
"ENSG00000188199",8.34718558215029,-1.47156948954556,0.387024584315424,-3.80226360076971,0.000143380054569468,0.000606177704569152,"729262","NUTM2B"
"ENSG00000188211",64.5951228551071,1.06092882509303,0.200076768823903,5.30260875027827,1.14159417406742e-07,9.82217486590726e-07,"374383","NCR3LG1"
"ENSG00000188215",415.288027609049,-1.26714596815502,0.197687829514045,-6.40983297388571,1.45679146994637e-10,2.22443488099223e-09,"123879","DCUN1D3"
"ENSG00000188257",43.6810351104105,-1.66591866135755,0.47440426125559,-3.51160138601709,0.00044541552975435,0.00166793080227401,"5320","PLA2G2A"
"ENSG00000188263",10.7953931268212,2.70576854065099,0.609050459734426,4.44260158974484,8.88776463211305e-06,5.0705185564921e-05,"400935","IL17REL"
"ENSG00000188282",15.0387964465491,1.62095972453354,0.403092395575143,4.02131060354218,5.78752314669352e-05,0.000270250990901008,"285180","RUFY4"
"ENSG00000188312",207.691672050063,1.41349410650123,0.245623040531897,5.75472929347467,8.67807436600875e-09,9.42139081525952e-08,"401541","CENPP"
"ENSG00000188322",64.2599831848982,2.63530456675759,0.36919308778792,7.13801166361873,9.46905987281352e-13,2.16752959593028e-11,"388228","SBK1"
"ENSG00000188338",17.9814702058841,-1.08151360107856,0.361831780809758,-2.98899560082365,0.00279896161611818,0.00834486303315661,"10991","SLC38A3"
"ENSG00000188368",6.77935378115043,2.01615811252942,0.37426024250007,5.38704859234157,7.16240749512451e-08,6.42438748301458e-07,"284338","PRR19"
"ENSG00000188389",5.89654314618931,1.33045158903783,0.488020184048523,2.72622246481826,0.00640638034891454,0.0172199227698337,"5133","PDCD1"
"ENSG00000188396",3.92379071283473,1.01448916250364,0.355173805601275,2.85631751695822,0.0042858629212452,0.0121348636245291,"343521","DYNLT4"
"ENSG00000188452",35.5646409200552,1.25248757865212,0.194747859006848,6.43132913008342,1.2649292508213e-10,1.96030050703399e-09,"375298","CERKL"
"ENSG00000188517",319.102484553375,-2.02157132534704,0.209340307457233,-9.6568661329593,4.59711902664686e-22,4.69811085408265e-20,"84570","COL25A1"
"ENSG00000188536",300.60024013847,-3.52972493263194,0.472960882044858,-7.46303778310605,8.45500887249952e-14,2.34231718583076e-12,"3040","HBA2"
"ENSG00000188573",3.27156099550827,1.16619668392433,0.435597353125093,2.6772354688515,0.00742324448753072,0.0195468229262855,"345630","FBLL1"
"ENSG00000188613",49.9365793216016,-1.27071217108322,0.229164429900393,-5.54497995886859,2.93987841702236e-08,2.85603906995009e-07,"340719","NANOS1"
"ENSG00000188626",11.5538344953411,-1.91634517694645,0.340968483661573,-5.62030002411751,1.90626125859593e-08,1.92839944468562e-07,"653720","GOLGA8M"
"ENSG00000188763",4.86010003108464,-2.70391158391534,0.550768199945924,-4.90934586307056,9.13806908446904e-07,6.41274832661725e-06,"8326","FZD9"
"ENSG00000188778",3.04375471124078,-1.84213605779536,0.6857440036763,-2.68633199549627,0.00722412682183283,0.0191097405524444,"155","ADRB3"
"ENSG00000188783",504.01278344848,-2.29254497091145,0.28135724182018,-8.14816407809633,3.6949080306304e-16,1.52726787673732e-14,"5549","PRELP"
"ENSG00000188817",5.70069233675431,1.77492479958129,0.555182445253765,3.19701174767874,0.00138859271139323,0.00452844962517145,"132203","SNTN"
"ENSG00000188820",19.2937857294956,1.04122415230241,0.284280232095881,3.66266815186514,0.000249601801261151,0.000995569077617848,"441168","CALHM6"
"ENSG00000188822",21.1600983314025,1.01748596597997,0.29607941944373,3.43653053593394,0.00058921593009267,0.00212458217993409,"1269","CNR2"
"ENSG00000188833",30.3776213199356,2.70857039756894,0.50274027372679,5.38761372247031,7.13992983334039e-08,6.40865486216632e-07,"377841","ENTPD8"
"ENSG00000188883",24.0096660022787,1.28145057926159,0.371142432749953,3.45271913471811,0.000554966509212748,0.00201775244524607,"346689","KLRG2"
"ENSG00000188916",43.9563740335939,1.58728531790302,0.350406906859412,4.52983456327778,5.90298902802464e-06,3.5072050627023e-05,"642938","INSYN2A"
"ENSG00000188931",6.1705304290491,1.44536819836637,0.395206149997315,3.65725128107492,0.000254934432709451,0.00101496748531778,"257177","CFAP126"
"ENSG00000188958",9.27779698994406,-1.43058575041757,0.377157211652411,-3.79307542377316,0.000148792937425542,0.000626397513735359,"257313","UTS2B"
"ENSG00000188959",86.6181475011805,1.86727088172054,0.41191951124828,4.53309646843863,5.81252525842681e-06,3.45979203527271e-05,"401546","C9orf152"
"ENSG00000188981",27.3923142929334,1.03470189205598,0.257122824664791,4.02415418936424,5.71804466213739e-05,0.000267487841664737,"345222","MSANTD1"
"ENSG00000188984",4.7121531924757,-1.83344585977222,0.719173766164804,-2.54937811420678,0.0107915226099669,0.0268809465415526,"126767","AADACL3"
"ENSG00000188991",4.15493932686772,-2.85000040895857,0.635367351154053,-4.48559467807395,7.27108498690809e-06,4.23285095515048e-05,"729025","SLC15A5"
"ENSG00000189056",173.52599142837,-1.77726949852556,0.253098288714551,-7.02205260870015,2.18632176099566e-12,4.68255282771662e-11,"5649","RELN"
"ENSG00000189057",112.057870298697,2.2572501347197,0.340674924666436,6.62581825454233,3.45329847359467e-11,5.92935538633864e-10,"374393","FAM111B"
"ENSG00000189058",2513.69051175955,-2.45018323340588,0.313936157489975,-7.80471817262439,5.96346578043948e-15,1.99484078258567e-13,"347","APOD"
"ENSG00000189120",40.2890098193015,1.18076184054081,0.295079969764274,4.00149776850007,6.29427889188116e-05,0.000290827503516289,"80320","SP6"
"ENSG00000189129",180.199827136846,-2.42140546834852,0.298768513057748,-8.10462067627755,5.2910330745634e-16,2.1260779651628e-14,"219348","PLAC9"
"ENSG00000189134",12.9510705546973,-2.12057955668581,0.344785881048196,-6.15042457724473,7.72758000702789e-10,1.02604870497407e-08,"222698","NKAPL"
"ENSG00000189143",554.713298197713,1.66824478848703,0.36018655450093,4.63161316723366,3.62827586784345e-06,2.25479494798851e-05,"1364","CLDN4"
"ENSG00000189159",171.260318588059,1.26597771518455,0.189222564016471,6.69041623954715,2.22536705088033e-11,3.98112184057558e-10,"51155","JPT1"
"ENSG00000189184",715.569812140688,-1.71551152922018,0.236689075045487,-7.24795400417401,4.2311423689908e-13,1.02742744260302e-11,"54510","PCDH18"
"ENSG00000189221",1431.79769425719,-3.02102284545605,0.327907935261784,-9.21302146300371,3.17071592844526e-20,2.47163495707454e-18,"4128","MAOA"
"ENSG00000189292",20.0626619639445,-1.19314883224157,0.286620679168643,-4.16281489424405,3.14348192693037e-05,0.000157313483437938,"285016","ALKAL2"
"ENSG00000189334",470.158364230705,3.0298274071487,0.409271812659057,7.40297111463352,1.33170725671128e-13,3.56261441710641e-12,"57402","S100A14"
"ENSG00000189367",13.1453368259325,-2.85548941129763,0.334019142080739,-8.54887954477592,1.24289144613647e-17,6.49868670409817e-16,"9729","KIAA0408"
"ENSG00000189369",59.163015482324,-1.07826092234038,0.186740353276791,-5.77411846673627,7.73569986608986e-09,8.49421730642811e-08,"23708","GSPT2"
"ENSG00000189420",5.20153693334332,-1.26729648399702,0.378927543923989,-3.34442957319362,0.000824519606589655,0.00285600212808304,"139735","ZFP92"
"ENSG00000196074",772.991874938294,1.35033363282979,0.204048545976875,6.61770769482879,3.64811467209937e-11,6.23832415404186e-10,"10388","SYCP2"
"ENSG00000196090",578.610995822575,1.2443570615502,0.369079308393719,3.37151672621746,0.000747554991950418,0.00261770301916214,"11122","PTPRT"
"ENSG00000196092",24.1110365574988,1.24250225348119,0.353961044061615,3.51027966022414,0.000447635627831788,0.00167503612905544,"5079","PAX5"
"ENSG00000196109",52.6109851662838,-1.49055921578477,0.26705580941899,-5.58145212803139,2.3851870829147e-08,2.3649612795378e-07,"163223","ZNF676"
"ENSG00000196115",17.7664559980226,1.0356941732898,0.213605013985187,4.84864167730454,1.24309732924191e-06,8.51406872624317e-06,"255926","ADAM5"
"ENSG00000196118",32.5212891613876,1.69879760869889,0.295940044007149,5.74034384024708,9.44845127885137e-09,1.02043139061682e-07,"90835","CFAP119"
"ENSG00000196132",17.313113330316,2.33647164504877,0.413674141631686,5.64809691955327,1.62233712160495e-08,1.66914891013165e-07,"4661","MYT1"
"ENSG00000196136",71.3432542537418,1.2180422426654,0.415797395232717,2.9294128742285,0.00339603002983617,0.00987721540778571,"12","SERPINA3"
"ENSG00000196139",416.067793119928,-2.99996967922448,0.282583216767086,-10.6162344443023,2.5046167698229e-26,5.80489661705918e-24,"8644","AKR1C3"
"ENSG00000196154",502.96159501535,-1.08835127711358,0.215136511433278,-5.05888688936524,4.21710909030349e-07,3.1849786955513e-06,"6275","S100A4"
"ENSG00000196159",754.184609652242,-1.44707333086771,0.20055797642633,-7.21523699357455,5.38401253442945e-13,1.28809398496516e-11,"79633","FAT4"
"ENSG00000196172",163.755814789965,1.2810504309938,0.175074401342282,7.31717727533031,2.53241217321438e-13,6.43212868809187e-12,"148213","ZNF681"
"ENSG00000196196",19.373112385751,-2.86197582816867,0.377342413602252,-7.58455907685325,3.3361963620832e-14,1.00116745857752e-12,"646962","HRCT1"
"ENSG00000196208",948.806094704686,1.43520190458061,0.315778746979422,4.54496041392593,5.49455794749328e-06,3.28862658983238e-05,"9687","GREB1"
"ENSG00000196247",576.206343944487,1.07555085526653,0.188954774305906,5.69210732683197,1.25480933228573e-08,1.3230032756894e-07,"51427","ZNF107"
"ENSG00000196329",242.288557302055,-1.60480518139624,0.211499484870784,-7.5877498348362,3.25508583757568e-14,9.79090592952371e-13,"55340","GIMAP5"
"ENSG00000196366",5.52319145318194,1.69301321407749,0.344730326771662,4.91112351481303,9.05560208239127e-07,6.35999239325521e-06,"158055","C9orf163"
"ENSG00000196376",19.4074938880447,-1.06288693821351,0.335873283692161,-3.16454743446545,0.00155324341425442,0.00500423141953784,"222553","SLC35F1"
"ENSG00000196405",1902.5050348798,1.60663747232389,0.224053911714254,7.17076287591403,7.4580987542555e-13,1.73629890101313e-11,"51466","EVL"
"ENSG00000196427",17.171388068634,2.4071705894447,0.511770345927825,4.70361483153263,2.55595231332313e-06,1.64307603143244e-05,"148545","NBPF4"
"ENSG00000196476",92.5832557764631,1.04772040743091,0.214903168541893,4.87531391249202,1.08635562480654e-06,7.51789371067132e-06,"140680","C20orf96"
"ENSG00000196507",112.662362994136,1.01547673241517,0.213177478388462,4.76352727357399,1.90237884303678e-06,1.25176045646511e-05,"85012","TCEAL3"
"ENSG00000196549",1424.35337066864,-3.37349896080195,0.232539647832708,-14.5071990615075,1.09084686939733e-47,9.438734345272e-44,"4311","MME"
"ENSG00000196562",1170.26453166028,1.01245122136954,0.19355896829477,5.2307120165452,1.68858388855935e-07,1.39563471184905e-06,"55959","SULF2"
"ENSG00000196565",5.60458593407963,-1.5182048942134,0.396603611434313,-3.82801580833525,0.000129180461297977,0.000552614768354135,"3048","HBG2"
"ENSG00000196569",1361.79764971909,-1.22690621279607,0.2279017022822,-5.38348858525351,7.3055882463841e-08,6.53925723102202e-07,"3908","LAMA2"
"ENSG00000196584",58.6136844169607,1.39270111742666,0.228563032532852,6.09329121158945,1.10612574708332e-09,1.43349037158207e-08,"7516","XRCC2"
"ENSG00000196586",2301.53692603133,1.15452853217169,0.189005917813944,6.10842531030272,1.00618927023335e-09,1.31447715534562e-08,"4646","MYO6"
"ENSG00000196611",23.0778667680224,3.16122875682334,0.548869758381375,5.75952438360942,8.43512742542536e-09,9.18067244063696e-08,"4312","MMP1"
"ENSG00000196616",7649.36543229,-4.27862851245256,0.437563884312275,-9.77829447505098,1.39542063304294e-22,1.57488386054472e-20,"125","ADH1B"
"ENSG00000196620",20.8464021599085,1.36716596922073,0.548181860966873,2.49400074422264,0.0126312279618952,0.0307828489425407,"7366","UGT2B15"
"ENSG00000196666",10.481307361943,-2.57675542858255,0.541665582658272,-4.75709646519702,1.96397332155819e-06,1.28641987083037e-05,"399888","FAM180B"
"ENSG00000196668",27.613291493537,1.10281399407277,0.31582748837992,3.49182396924916,0.000479734296576238,0.00177803638427022,"100287569","LINC00173"
"ENSG00000196684",93.640236087992,2.08073503309932,0.327325324084411,6.35677987616607,2.06026894087259e-10,3.05952295006697e-09,"84941","HSH2D"
"ENSG00000196715",1285.73298997566,-1.71317103056507,0.215823985099132,-7.93781576120087,2.05772684199279e-15,7.57652104460266e-14,"154807","VKORC1L1"
"ENSG00000196730",1345.18847830922,-1.90030855517955,0.184997627667468,-10.2720698591624,9.41623422686895e-25,1.59755952981088e-22,"1612","DAPK1"
"ENSG00000196747",104.333813394925,2.70643649221799,0.29147496150404,9.28531383365661,1.61231318134539e-20,1.31198826211171e-18,"8329","H2AC13"
"ENSG00000196748",7.81409850147654,2.81357145461142,0.447195866609298,6.29158644945516,3.14237730487552e-10,4.49668302535605e-09,"389383","CLPSL2"
"ENSG00000196781",320.739637695325,-1.19384325561859,0.14114395806041,-8.45833765769575,2.7121585375632e-17,1.35129004449262e-15,"7088","TLE1"
"ENSG00000196787",111.975071909703,1.33828105196495,0.270789192007435,4.94215091098687,7.72653701950621e-07,5.5145847663553e-06,"8969","H2AC11"
"ENSG00000196793",105.788335075911,1.60274804529295,0.200173128584428,8.00680918876161,1.17722931157161e-15,4.48072118325158e-14,"8187","ZNF239"
"ENSG00000196834",45.5639196915856,3.0058171599087,0.406104015234543,7.40159428902153,1.34559081210552e-13,3.59350270582664e-12,"653269","POTEI"
"ENSG00000196876",141.683329376168,1.3451366903547,0.248736407087335,5.40788019778063,6.37750587454884e-08,5.7823016937317e-07,"6334","SCN8A"
"ENSG00000196878",295.420154837702,-1.16207787567485,0.208005821754988,-5.58675649493921,2.31349755229964e-08,2.30091070737909e-07,"3914","LAMB3"
"ENSG00000196932",240.473690193456,2.05532511252859,0.325324115295993,6.31777669066608,2.65353068814977e-10,3.8479655901841e-09,"219623","TMEM26"
"ENSG00000196972",15.6877732708135,-1.78728407677356,0.322879626413364,-5.53545015096556,3.10430018538899e-08,3.00117036172541e-07,"644596","SMIM10L2B"
"ENSG00000196976",59.7212403142572,1.01990314648138,0.189535779204896,5.38105866216858,7.404905687529e-08,6.62130698714702e-07,"8270","LAGE3"
"ENSG00000197043",1900.45914183235,-1.01651831517199,0.181284317697651,-5.60731522771516,2.05489198573507e-08,2.06347722111068e-07,"309","ANXA6"
"ENSG00000197046",31.4788276878406,1.35972471457361,0.438741447594214,3.09914807919219,0.00194077992445954,0.00607119369476028,"284266","SIGLEC15"
"ENSG00000197110",4.29473664451455,1.48585109409102,0.424629363721575,3.4991717978912,0.000466705770290854,0.00173414663401231,"282617","IFNL3"
"ENSG00000197142",215.29221776181,-1.15735372740903,0.147789719097601,-7.83108415440391,4.83680772084515e-15,1.64768838343436e-13,"51703","ACSL5"
"ENSG00000197153",18.6076380460961,2.42673438968755,0.365415413700636,6.64102908279516,3.11500561521455e-11,5.39926209330491e-10,"8356","H3C12"
"ENSG00000197168",53.3396548792187,1.65686366438098,0.291783162021083,5.67840739302589,1.35954604505832e-08,1.42360210720548e-07,"341676","NEK5"
"ENSG00000197191",5.21394600368736,2.07036830204543,0.348979402060948,5.93263754198263,2.98106471664093e-09,3.53183377063283e-08,"375791","CYSRT1"
"ENSG00000197238",14.5799090430064,1.18180679086738,0.289013021594584,4.08911260934523,4.33026606168598e-05,0.000209164582116198,"8363","H4C11"
"ENSG00000197245",32.8065013046447,-1.87622288599549,0.258300226986657,-7.26372914140882,3.76561682788002e-13,9.23893020965119e-12,"79927","FAM110D"
"ENSG00000197256",989.0486100586,-1.45931343228741,0.194410561193589,-7.50634854057266,6.07994074242877e-14,1.73241604601499e-12,"25959","KANK2"
"ENSG00000197279",36.8669485839145,1.5453821747595,0.273786939439379,5.64447003178425,1.65690838120758e-08,1.69938803822055e-07,"7718","ZNF165"
"ENSG00000197299",51.9824658993872,1.22844273515355,0.20319939264304,6.04550397112434,1.48943681662641e-09,1.87592435157633e-08,"641","BLM"
"ENSG00000197308",54.70806859742,2.83842278373126,0.409292367651049,6.93495165820249,4.06360094593789e-12,8.35839566994102e-11,"399717","GATA3-AS1"
"ENSG00000197320",12.6987647991491,-2.55702042970933,0.432214264986486,-5.91609448565812,3.296758717892e-09,3.88457842937088e-08,"340268","CPAMD8P1"
"ENSG00000197385",70.1406857852208,1.04014582085504,0.225207286805439,4.61861530152727,3.86309300494757e-06,2.38700709884383e-05,"344787","ZNF860"
"ENSG00000197409",71.1019761606667,1.35070717370068,0.230165709352642,5.86841183901651,4.39989246783783e-09,5.07610705245041e-08,"8351","H3C4"
"ENSG00000197465",7.16526617576467,-1.35764639257041,0.379732128578618,-3.57527396391832,0.000349861337610379,0.00134563647972888,"2996","GYPE"
"ENSG00000197472",12.760654837442,1.79581582444665,0.349414833014905,5.13949510658024,2.75477665652595e-07,2.15581828309016e-06,"57116","ZNF695"
"ENSG00000197479",47.4706224441582,-1.55370829191208,0.228969835082011,-6.78564620250343,1.15568048465379e-11,2.17542813782763e-10,"56125","PCDHB11"
"ENSG00000197487",3.24945682454951,1.44605238886352,0.511952604445485,2.82458254203002,0.00473422525691696,0.0132325852502477,"85569","GALP"
"ENSG00000197496",568.60342545971,1.39753153986202,0.191570635996433,7.29512397655785,2.98384192244322e-13,7.44755467526741e-12,"81031","SLC2A10"
"ENSG00000197576",6.47880245151916,-1.42242058905607,0.381687442327663,-3.72666331483597,0.000194031367148917,0.000794552173600188,"3201","HOXA4"
"ENSG00000197614",753.060068707219,-1.4824809070447,0.329246177795621,-4.50265183629541,6.71107761879779e-06,3.93686221081928e-05,"8076","MFAP5"
"ENSG00000197646",45.7970825474884,-1.07386197899188,0.193052133262368,-5.56254914589545,2.65862123826454e-08,2.6042449095423e-07,"80380","PDCD1LG2"
"ENSG00000197696",74.2017289885145,-2.69595293814773,0.291899249087609,-9.2359022730428,2.56118218038712e-20,2.03312437426571e-18,"4828","NMB"
"ENSG00000197702",1227.54456922804,-1.00339223391043,0.131892100947254,-7.60767496085081,2.79070600666579e-14,8.46275076180265e-13,"55742","PARVA"
"ENSG00000197748",67.6517813572246,1.17633042166507,0.288347001814207,4.07956529550816,4.51199953339066e-05,0.000216893488681027,"80217","CFAP43"
"ENSG00000197753",10.7156460939595,1.16986705574841,0.324125530349697,3.60930240356644,0.00030702153556316,0.00119772543134183,"222662","LHFPL5"
"ENSG00000197766",1385.40862955479,-3.72413089065044,0.332063661761837,-11.2151111955197,3.43754097364868e-29,1.30120055330432e-26,"1675","CFD"
"ENSG00000197769",22.5032741923931,-2.50777603152483,0.357271821693447,-7.01923823613664,2.23081129509919e-12,4.76996701797238e-11,"440738","MAP1LC3C"
"ENSG00000197822",208.94011976249,1.57815591254613,0.282737811491579,5.58169388176485,2.38187335054264e-08,2.36257808304876e-07,"100506658","OCLN"
"ENSG00000197852",111.750267275299,-1.61770612033786,0.196813633920099,-8.21948199480227,2.04384042105453e-16,8.85709676957155e-15,"55924","INKA2"
"ENSG00000197872",203.051320345385,-1.59733151112656,0.157903186813694,-10.1158915368264,4.69720787881984e-24,6.73647083527101e-22,"81553","CYRIA"
"ENSG00000197879",2470.58451500763,-1.34908301123283,0.187008749320089,-7.21401012593107,5.43277133927894e-13,1.29856241643649e-11,"4641","MYO1C"
"ENSG00000197891",6.34991487851871,-2.61060751124897,0.662458502633509,-3.94078648076955,8.12148934622472e-05,0.000364900887986764,"116085","SLC22A12"
"ENSG00000197894",778.234777147613,-1.00160898462948,0.141159513408608,-7.0955825820267,1.28807710236087e-12,2.86757336390081e-11,"128","ADH5"
"ENSG00000197927",86.2473063101899,1.03964615250373,0.17244712925927,6.02878202130372,1.65199920823212e-09,2.05646392958398e-08,"100418881","NBEAP2"
"ENSG00000197928",148.303470017442,-1.3307083897658,0.211665415796247,-6.28684844314275,3.23975371970842e-10,4.62328351051078e-09,"342926","ZNF677"
"ENSG00000197977",216.427428462073,1.17340759298701,0.403443023984622,2.90848403176688,0.00363185723688609,0.0104850712224608,"54898","ELOVL2"
"ENSG00000197989",948.130524419831,1.11753450296028,0.229834448008559,4.86234553890138,1.16002892452652e-06,7.98727608033407e-06,"85028","SNHG12"
"ENSG00000197993",28.1275736726065,1.16755722982752,0.349689005394063,3.33884454992174,0.00084127628036684,0.00290628822009082,"3792","KEL"
"ENSG00000198003",11.2262737629253,1.23569546513017,0.335456370191886,3.68362498057001,0.000229940462545461,0.000925537994534825,"115948","ODAD3"
"ENSG00000198018",166.701511065352,1.19008270280247,0.166453194125914,7.14965374531791,8.69970617027411e-13,2.00201216992886e-11,"57089","ENTPD7"
"ENSG00000198053",427.265983230504,-1.20671634752986,0.0891957043998821,-13.5288616828441,1.05646882044361e-41,5.48476352821503e-38,"140885","SIRPA"
"ENSG00000198075",24.1527599185558,-1.45012224749372,0.238393641695323,-6.08288978339043,1.18035491902345e-09,1.51756577454238e-08,"27233","SULT1C4"
"ENSG00000198125",93.2686052254605,1.04977423329198,0.23093309043087,4.54579389784868,5.4728570815721e-06,3.27639354528248e-05,"4151","MB"
"ENSG00000198189",271.585417760608,-1.08326217165161,0.220231080934421,-4.91875246243822,8.70975294981162e-07,6.14202029533306e-06,"51170","HSD17B11"
"ENSG00000198203",23.3530888226939,1.45330715674197,0.401289067103743,3.621596688968,0.000292790334792652,0.00114911574093554,"6819","SULT1C2"
"ENSG00000198216",32.2903667549828,1.11854516920125,0.323437634468781,3.45830246699141,0.000543590729947851,0.00198237260016666,"777","CACNA1E"
"ENSG00000198286",54.9635497396142,1.00589250877042,0.258820598137713,3.88644689027111,0.000101722168712498,0.000446257234314522,"84433","CARD11"
"ENSG00000198300",430.331524959481,-1.16436791987744,0.269996934186757,-4.31252274543252,1.61402271937742e-05,8.67608236686668e-05,"5178","PEG3"
"ENSG00000198363",4689.74487618782,-1.03679755697922,0.193666935473427,-5.35350835414792,8.62650505033457e-08,7.61138062870785e-07,"444","ASPH"
"ENSG00000198466",995.35865442363,1.18719860649023,0.160217788644178,7.40990508317925,1.26389842835421e-13,3.40334807087329e-12,"84914","ZNF587"
"ENSG00000198478",436.992875347694,-1.62926456414416,0.202614436940924,-8.04120668172921,8.89580667626442e-16,3.4413912027194e-14,"83699","SH3BGRL2"
"ENSG00000198515",19.260485438243,-1.84631486218598,0.323528575810457,-5.70680613779128,1.15115766958462e-08,1.22215749640399e-07,"1259","CNGA1"
"ENSG00000198523",113.28854036064,-1.63128178951985,0.340547043558198,-4.79018044753946,1.6663139464733e-06,1.10908147237318e-05,"5350","PLN"
"ENSG00000198535",13.738610879146,1.99221521005921,0.565794900378564,3.52109078524082,0.000429775447820619,0.00161659340306153,"145741","C2CD4A"
"ENSG00000198569",3.46516399531334,1.57294621338875,0.60103604743687,2.61705802854356,0.00886912622258046,0.022738249726987,"142680","SLC34A3"
"ENSG00000198570",4.22888341010124,1.80193458398885,0.732376706463252,2.46039308471543,0.0138784916196901,0.0333850324774272,"343035","RD3"
"ENSG00000198589",2668.34272414969,1.02857077031946,0.136826666936268,7.51732680003497,5.59075483858597e-14,1.61048009241884e-12,"987","LRBA"
"ENSG00000198597",8.23378073843398,-1.17278616124985,0.471796857257504,-2.485786293845,0.0129265565284718,0.0314153688199674,"9745","ZNF536"
"ENSG00000198624",751.167370644606,-2.83636067184074,0.28223276256809,-10.0497215349208,9.21273798600606e-24,1.22638078277305e-21,"26112","CCDC69"
"ENSG00000198643",10.3378901066473,-1.9514937490775,0.647318405984971,-3.01473545481543,0.00257203486780868,0.00775614325029944,"131177","FAM3D"
"ENSG00000198689",125.129585056062,-1.00145480810268,0.149336051311671,-6.70604853487523,1.99965237534152e-11,3.61721089610558e-10,"10479","SLC9A6"
"ENSG00000198723",4.51377392018427,2.4037143836717,0.499438005022696,4.81283834930118,1.48801647988568e-06,1.00119055948347e-05,"374877","SAXO5"
"ENSG00000198732",48.67397004761,-1.05901243963473,0.25028898096278,-4.23115886109349,2.32490393595926e-05,0.000120266752430511,"64093","SMOC1"
"ENSG00000198744",40.0602325289739,-1.42695104419388,0.322288048430123,-4.42756425857123,9.53031851804185e-06,5.41330433460241e-05,"107075270","MTCO3P12"
"ENSG00000198756",31.8976860995215,-1.0626636303055,0.298168554264873,-3.56396949009418,0.000365288432502584,0.0013987545553772,"23127","COLGALT2"
"ENSG00000198759",107.32418246839,-1.76948035771652,0.49688634887664,-3.5611369918231,0.00036925235530267,0.00141164250941778,"25975","EGFL6"
"ENSG00000198768",18.8274234014522,-1.23513792041037,0.444524188680149,-2.77856177878117,0.00546001295921293,0.014983720942515,"164284","APCDD1L"
"ENSG00000198774",50.3866259366707,-1.51900129755999,0.255828159804568,-5.9375844266729,2.89252101738995e-09,3.44106602059617e-08,"9182","RASSF9"
"ENSG00000198780",93.9642833834635,1.52573517018368,0.338388646324696,4.50882494656656,6.51876669960522e-06,3.83010742391019e-05,"26049","FAM169A"
"ENSG00000198807",59.4048866598644,2.02531806380589,0.352877918476669,5.7394298644385,9.49958140528468e-09,1.02479707751486e-07,"5083","PAX9"
"ENSG00000198814",95.5575765128017,1.13108586745385,0.143052024173478,7.90681483879032,2.64057928052908e-15,9.467424995024e-14,"2710","GK"
"ENSG00000198829",70.6933693001627,-1.67914277402396,0.286405904997801,-5.86280780082678,4.55104906397023e-09,5.23885284268466e-08,"56670","SUCNR1"
"ENSG00000198838",138.871019228122,-1.91140684399656,0.259371053805966,-7.36939151824734,1.714085796925e-13,4.50802827928867e-12,"6263","RYR3"
"ENSG00000198840",3057.58245598797,-1.25445275993364,0.243839569562728,-5.14458240794643,2.68116540057829e-07,2.10328472252074e-06,"4537","MT-ND3"
"ENSG00000198844",212.420448788812,-1.95207771295238,0.21921593718706,-8.90481658405448,5.3474389404847e-19,3.42737827202721e-17,"22899","ARHGEF15"
"ENSG00000198848",445.4322511708,-4.0047967385552,0.361114747557134,-11.0900946739141,1.40139370826015e-28,4.85031705053559e-26,"1066","CES1"
"ENSG00000198873",174.639360549015,-1.24781300777387,0.195576203583033,-6.38018830979149,1.7687036119119e-10,2.65540823354593e-09,"2869","GRK5"
"ENSG00000198885",23.2048993490332,-1.87620524111627,0.250573732267667,-7.48763736779911,7.01244551327327e-14,1.97857674601682e-12,"150771","ITPRIPL1"
"ENSG00000198901",130.38930533061,1.35609542709188,0.209191499625382,6.48255512064474,9.01821204564542e-11,1.4361640998826e-09,"9055","PRC1"
"ENSG00000198910",30.2057740946566,-1.76602062708184,0.325059747294711,-5.43291084725018,5.54421114701431e-08,5.08719098459517e-07,"3897","L1CAM"
"ENSG00000198914",6.18589045671827,-1.21480111442672,0.513724517366803,-2.3646936701667,0.0180449897105781,0.0417579562594332,"5455","POU3F3"
"ENSG00000198937",47.3591702685869,1.0140959045806,0.174236158586232,5.82023796213754,5.87639036051413e-09,6.60915688813803e-08,"154467","CCDC167"
"ENSG00000198938",28083.1604603532,-1.00038517695238,0.179258384042212,-5.58068835830186,2.39568554373757e-08,2.37355745589083e-07,"4514","MT-CO3"
"ENSG00000198947",1585.06305834072,-2.93442970961424,0.22325418150214,-13.1438958494316,1.84478717851197e-39,6.8409979399734e-36,"1756","DMD"
"ENSG00000198963",67.0882895542217,-1.7575169750204,0.416151922474825,-4.22325809422812,2.40795802386132e-05,0.00012416721172704,"6096","RORB"
"ENSG00000199030",4.19909612091189,-1.44975843243961,0.42354279060208,-3.42293261651021,0.000619494321435956,0.00221927043828796,"406885","MIRLET7C"
"ENSG00000199082",5.3050944280393,1.55609451566545,0.360284010467652,4.31907736800651,1.56682851306126e-05,8.46622284388932e-05,"442909","MIR342"
"ENSG00000199161",3.11108044200951,-2.16143712725422,0.461409548697259,-4.68442218709346,2.80750796166338e-06,1.78971737890123e-05,"406913","MIR126"
"ENSG00000199347",753.108579559769,1.25815929035338,0.278051185751416,4.52491970841012,6.0418438843617e-06,3.58281008831658e-05,"26829","RNU5E-1"
"ENSG00000199568",4788.9738035476,1.28602774448359,0.289221732807757,4.44651144296407,8.72760201264819e-06,4.98901327998947e-05,"26831","RNU5A-1"
"ENSG00000199753",32.5702672248923,1.29585148558933,0.346556634698695,3.7392199595774,0.000184592157491073,0.000760336912750441,"692227","SNORD104"
"ENSG00000199805",3.84122130331052,1.19427794412244,0.36045152906764,3.31328305698026,0.000922076095656916,0.00315020417097423,"106480194","RNU1-134P"
"ENSG00000200087",9681.11283932615,1.27745230649406,0.216658010569636,5.8961692814191,3.72037305670053e-09,4.34428447169737e-08,"26768","SNORA73B"
"ENSG00000200156",2853.28024695032,1.10364723384162,0.284237406912838,3.88283599202709,0.000103245209082719,0.000452205744827679,"26832","RNU5B-1"
"ENSG00000200354",241.030184851583,1.21715030889263,0.294661341353727,4.13067524671144,3.61699242517495e-05,0.000177956575763251,"677840","SNORA71D"
"ENSG00000200525",2.37026910538714,1.48863598245015,0.447435656076925,3.32703923398142,0.000877740143904415,0.00301540215133282,"106480095","RNU6-1209P"
"ENSG00000200701",4.00899887823138,-1.21194466635146,0.394722847895111,-3.07036867213096,0.00213794686029166,0.00660912523513766,"106481773","RNU6-674P"
"ENSG00000200795",2353.31863680951,1.76164863906491,0.264309053513724,6.66510895349804,2.6446908262016e-11,4.66378291212915e-10,"26835","RNU4-1"
"ENSG00000200816",192.423369437512,1.46051051858166,0.27887309245164,5.23718694314307,1.63042526902135e-07,1.35432253226419e-06,"677820","SNORA38"
"ENSG00000200879",8.13507368512533,-1.1452628733788,0.323210764093032,-3.54339335384618,0.00039501303876649,0.0014977721969472,"85391","SNORD14E"
"ENSG00000200972",15.1749963081211,2.65106717090391,0.53481847791231,4.95694760071207,7.16092791017536e-07,5.14342464560963e-06,"100873838","RNU5A-8P"
"ENSG00000201076",3.76035334381818,1.25487949493309,0.390593710089202,3.21274885518894,0.0013147119707965,0.00431444922097794,"106479581","RNU4-51P"
"ENSG00000201302",113.409934112505,1.39693619113377,0.313965564862453,4.44932931337793,8.61388545658291e-06,4.93269884584115e-05,"26783","SNORA65"
"ENSG00000201321",16.6000817467419,1.566088017074,0.482106637056958,3.24842658594011,0.00116045150080432,0.00385994362607362,"100169760","RNA5S9"
"ENSG00000201448",70.1599502437329,1.15966348142177,0.350076447825764,3.31260068657615,0.00092432848040496,0.00315540750846291,"109616970","SNORA63C"
"ENSG00000201457",39.2269901528965,1.0142690516154,0.263135770833955,3.85454645106168,0.000115944369362008,0.000501864922444389,"677834","SNORA55"
"ENSG00000201998",760.562856799606,1.10861244683105,0.239103962172003,4.63652896740187,3.5430856141688e-06,2.20978895657361e-05,"677808","SNORA23"
"ENSG00000202111",11.0643849973282,1.30260138575421,0.55665378419253,2.34005664336538,0.0192808154091016,0.0441895997165335,"56663","VTRNA1-2"
"ENSG00000202538",15538.3903622075,1.2612241577278,0.25222958308506,5.00030227343506,5.72405031002713e-07,4.20682044019491e-06,"26834","RNU4-2"
"ENSG00000203288",10.5730769216039,1.0331143453454,0.223734951083952,4.61758138520675,3.88238437408776e-06,2.39664526950226e-05,"109729141","TDRKH-AS1"
"ENSG00000203499",307.92160876222,2.59653256763055,0.408022693440761,6.36369645456383,1.96955195157851e-10,2.93825457236062e-09,"642574","IQANK1"
"ENSG00000203697",474.537691149221,2.26999639640409,0.38867817071102,5.84029813727773,5.21074879196002e-09,5.92169982152457e-08,"388743","CAPN8"
"ENSG00000203710",116.624932592202,-1.07673521222678,0.258003901217892,-4.17332919054369,3.00180729040245e-05,0.000150951014421284,"1378","CR1"
"ENSG00000203711",6.42160048998165,1.3677327101564,0.383097639345193,3.57019352166771,0.000356717594808811,0.0013695718571287,"100130967","LINC02901"
"ENSG00000203724",9.8955510939672,1.09768411486701,0.277998268886686,3.94852859790445,7.86330235177014e-05,0.000354983656429999,"388722","C1orf53"
"ENSG00000203727",147.69268589228,-1.17668207408099,0.312712819087608,-3.76282007726501,0.000168008075380366,0.000700021610732047,"389432","SAMD5"
"ENSG00000203747",257.823608858201,1.29929106331492,0.213164641168978,6.09524664217156,1.09268845569202e-09,1.41890980154345e-08,"2214","FCGR3A"
"ENSG00000203799",27.0442502619734,-1.0718995712237,0.235740528905955,-4.54694649324096,5.44298287119672e-06,3.26152524578206e-05,"221262","CCDC162P"
"ENSG00000203805",19.9605244957802,4.14353604281273,0.445727189875484,9.29612582972612,1.45656432664073e-20,1.19650306300443e-18,"196051","PLPP4"
"ENSG00000203883",37.4307600216314,-1.40260293720391,0.23377559345082,-5.99978345258259,1.97580843376499e-09,2.42038864198545e-08,"54345","SOX18"
"ENSG00000203900",9.79404212325452,-1.25269023966133,0.40735895414259,-3.07515086368482,0.00210396099877667,0.00651570264927761,"100130587","LOC100130587"
"ENSG00000203930",12.1147317930381,-2.13237191126055,0.400895848833197,-5.3190171897933,1.04329279370029e-07,9.03027487124778e-07,"286411","LINC00632"
"ENSG00000203952",42.9786000383455,2.08938678402881,0.349749032743104,5.97396014977257,2.31562388616781e-09,2.79836894027672e-08,"347475","CCDC160"
"ENSG00000203985",4.10693324042739,2.25376278054789,0.717122053491609,3.14278827373179,0.00167346838885131,0.00533135646021139,"388633","LDLRAD1"
"ENSG00000203995",44.7132193351011,1.57940975104831,0.360848474187748,4.37693343335727,1.20360713188778e-05,6.6759046857998e-05,"440590","ZYG11A"
"ENSG00000204060",14.7397154493778,1.77145857363827,0.368026128030863,4.81340437190295,1.48380619793896e-06,9.99134663712052e-06,"100132074","FOXO6"
"ENSG00000204128",56.1546007939776,1.15747326787683,0.457347001052581,2.53084258825992,0.011378890226161,0.0281441860400846,"257407","C2orf72"
"ENSG00000204140",10.3932807098187,3.0394858312501,0.582051287374902,5.22202406760138,1.76977960466841e-07,1.45517703446255e-06,"340204","CLPSL1"
"ENSG00000204161",144.028836357922,-1.37315134554994,0.18388766668498,-7.46733791506691,8.18334296900458e-14,2.27471534764307e-12,"170371","TMEM273"
"ENSG00000204176",94.3478348110044,-1.75456816240089,0.296539809536804,-5.91680477957253,3.2825591626826e-09,3.87136168763812e-08,"83849","SYT15"
"ENSG00000204186",293.418955366715,-1.06745167019004,0.193309266393405,-5.52198914260874,3.35183206413517e-08,3.22009092231016e-07,"57683","ZDBF2"
"ENSG00000204262",3353.76496937753,1.1384118948111,0.239719879218554,4.74892569828636,2.04500051881887e-06,1.33544964698114e-05,"1290","COL5A2"
"ENSG00000204290",6.8048783549388,-2.0683662656285,0.446492839583816,-4.63247354102354,3.61322525555146e-06,2.24635336582106e-05,"56244","BTNL2"
"ENSG00000204291",1767.02105712044,-1.22403444841981,0.172315558471029,-7.10344706700178,1.21682967186326e-12,2.72297108812297e-11,"1306","COL15A1"
"ENSG00000204301",532.878056846224,-1.70123061984517,0.200866513895142,-8.46945858149983,2.465362589159e-17,1.24023027305018e-15,"4855","NOTCH4"
"ENSG00000204366",20.4924423833501,1.1176745774665,0.253572328850691,4.40771507889811,1.04466843776474e-05,5.86804765679325e-05,"221527","ZBTB12"
"ENSG00000204385",348.974242197831,3.4123809791989,0.370402930266459,9.21261874668247,3.18263763775134e-20,2.47350023355537e-18,"80736","SLC44A4"
"ENSG00000204403",8.42208169676183,-1.08918017912376,0.338300789251216,-3.21956144865793,0.00128386841332463,0.00422337552567238,"100506742","CASP12"
"ENSG00000204414",3.21855209745451,1.1296242927445,0.433018012743051,2.60872356230318,0.00908806258681249,0.0231941725128777,"1444","CSHL1"
"ENSG00000204421",4.29046858538189,1.30426430211466,0.55996269283548,2.32919856769434,0.0198485487652306,0.0453187288985711,"80740","LY6G6C"
"ENSG00000204539",17.1145476527827,1.1054286273853,0.392303791349301,2.81778726528044,0.00483558367818176,0.0134940960135715,"1041","CDSN"
"ENSG00000204540",46.129158921658,1.04045362915475,0.274817945593034,3.78597411791844,0.000153107611096228,0.000643518032518766,"170679","PSORS1C1"
"ENSG00000204572",4.00788266704803,1.77146554322364,0.458365644237079,3.86474327972841,0.000111206101475434,0.000483289466281487,"387273","KRTAP5-10"
"ENSG00000204592",3467.70651713133,-1.13819663416464,0.153144378085944,-7.43218032806853,1.06822031468805e-13,2.91269568578493e-12,"3133","HLA-E"
"ENSG00000204614",12.1818764511603,-1.51201056896645,0.44270417454825,-3.41539713401022,0.000636890801011485,0.00227312132719045,"135644","TRIM40"
"ENSG00000204624",11.719550526502,1.83592255258876,0.465004498512089,3.94818234761879,7.87468153119238e-05,0.000355311981899342,"57540","DISP3"
"ENSG00000204694",4.64246797050973,1.27528758349699,0.452982088731253,2.81531569398011,0.00487293389343209,0.0135861959759951,"26531","OR11A1"
"ENSG00000204767",26.8780072070723,-1.47360222459066,0.353870585366419,-4.16424050352984,3.12390692506418e-05,0.000156424336344167,"100131897","INSYN2B"
"ENSG00000204778",13.7052462283862,1.22318463855266,0.28206483549709,4.33653715252031,1.44744970852211e-05,7.88352906710382e-05,"653510","ZNG1DP"
"ENSG00000204839",34.8110357142211,1.20680912749231,0.283842621659709,4.25168398049507,2.12169108596935e-05,0.00011094854393552,"642475","MROH6"
"ENSG00000204851",36.6358263736734,-1.75009042391899,0.231665622911711,-7.55438118924515,4.20855933702277e-14,1.23581202794612e-12,"57469","PNMA8B"
"ENSG00000204869",4.1134687978585,1.57281169068968,0.647858706776488,2.42770788481862,0.0151945760580349,0.0360300361116718,"444882","IGFL4"
"ENSG00000204882",5.91438014071678,-1.21899712983788,0.405144227871711,-3.00879796866778,0.00262283465953993,0.00789084101153829,"2843","GPR20"
"ENSG00000204930",9.71649828603547,1.48808287060538,0.413804071503265,3.59610495179392,0.000323017520195668,0.00125372140987427,"392307","FAM221B"
"ENSG00000205002",88.5676993516433,1.96891757106644,0.414821992827289,4.74641558333721,2.0705307976277e-06,1.35042307650301e-05,"441376","AARD"
"ENSG00000205038",95.5025306692123,-1.86731071641058,0.30865245998329,-6.04988120461337,1.44952681469774e-09,1.83223684813596e-08,"93035","PKHD1L1"
"ENSG00000205106",5.21784362546052,-1.81625164193031,0.360655769431661,-5.03597001870356,4.75434977016913e-07,3.55658245919454e-06,"374387","LINC02716"
"ENSG00000205181",88.1340312079843,-1.26419889385569,0.223112794778226,-5.66618734309839,1.46009881649337e-08,1.51483793279516e-07,"149837","LINC00654"
"ENSG00000205213",453.904345803306,-1.10639337075806,0.151950574116068,-7.28127140811547,3.30688619818679e-13,8.19085419203555e-12,"55366","LGR4"
"ENSG00000205221",89.2518538058403,-2.98436656191437,0.312979198035408,-9.53535116917495,1.49379135235386e-21,1.38981490768464e-19,"5212","VIT"
"ENSG00000205231",4.55634690489862,-1.80476518613813,0.509447595101044,-3.54259241479032,0.000396214567302333,0.00150188927249328,"100506376","TTLL10-AS1"
"ENSG00000205269",406.120113542896,-1.24090306608757,0.231990489833755,-5.34893937668224,8.84711681389421e-08,7.79014444555855e-07,"100113407","TMEM170B"
"ENSG00000205362",9.56857754018777,-1.39523076847113,0.461883105233104,-3.02074432397129,0.00252154181933631,0.00762753715995964,"4489","MT1A"
"ENSG00000205364",37.6120525566792,-2.15773820753408,0.272142048896629,-7.92872037335795,2.21415468931461e-15,8.0723353125321e-14,"4499","MT1M"
"ENSG00000205502",13.1492776704858,-1.832121564459,0.364905605430378,-5.02080959347873,5.14541456334839e-07,3.82706794370767e-06,"388125","C2CD4B"
"ENSG00000205560",8.2817618402822,1.15568879597554,0.289749602769673,3.98857767164642,6.64706394832488e-05,0.000305442531369476,"1375","CPT1B"
"ENSG00000205581",836.60464131734,1.05003628628131,0.162109040167447,6.47734565078354,9.33501836772121e-11,1.48042486288672e-09,"3150","HMGN1"
"ENSG00000205639",44.5584285787542,-1.09392265213834,0.179475051050481,-6.09512378314161,1.09352800962525e-09,1.41929000369261e-08,"388931","MFSD2B"
"ENSG00000205667",9.5115752795123,1.29523899248859,0.335774812326955,3.85746323112341,0.000114569907248277,0.000496578001728299,"347527","ARSH"
"ENSG00000205726",1373.49443470203,-1.58384377057093,0.181262928992997,-8.73782509953883,2.37641038090331e-18,1.37081912594418e-16,"6453","ITSN1"
"ENSG00000205838",37.0477661927963,1.47767072559215,0.285673243273846,5.17259057466454,2.30870523973516e-07,1.83832425193391e-06,"153657","TTC23L"
"ENSG00000205863",3.41990875191664,-1.69834536974599,0.596166508728145,-2.84877688511758,0.00438876460907169,0.0123937719454181,"387911","C1QTNF9B"
"ENSG00000205890",4.07172808910021,1.1151334464639,0.47916798923823,2.32722859520877,0.01995310185481,0.0455214113154473,"100128770","LOC100128770"
"ENSG00000205913",39.4902614158795,1.29989136186901,0.242040741801018,5.37054775240135,7.84978431488649e-08,6.98063382137114e-07,"100128788","SRRM2-AS1"
"ENSG00000205923",10.2948453533829,1.16806826674838,0.309254594745525,3.77704417846902,0.000158700589820571,0.000664281877422304,"752014","CEMP1"
"ENSG00000206053",746.012715163837,1.19537816345795,0.164507656393396,7.26639835290936,3.6919879203784e-13,9.0754377307938e-12,"90861","JPT2"
"ENSG00000206075",74.7148587695034,-1.1504533205386,0.400708525257302,-2.87104777668475,0.00409113686385069,0.0116444880166487,"5268","SERPINB5"
"ENSG00000206172",46.0002818596532,-3.57413942092998,0.499915887487365,-7.14948156357667,8.7106245913589e-13,2.00274927495566e-11,"3039","HBA1"
"ENSG00000206384",297.393546748945,-1.9975883086252,0.216631671392991,-9.22112771313748,2.93991772159851e-20,2.31255709749255e-18,"131873","COL6A6"
"ENSG00000206448",3.11087270666059,-1.10539234640804,0.462297705407465,-2.39108335057331,0.01679873870216,0.0392812953094918,"100192204","PPIAP30"
"ENSG00000206527",1000.26542581684,-1.07340537364681,0.172117227406698,-6.23647841543745,4.47531031518828e-10,6.19573894195506e-09,"201562","HACD2"
"ENSG00000206538",818.758484480707,-1.94272643973673,0.29643091669025,-6.55372409001031,5.61196141509237e-11,9.26098502307487e-10,"389136","VGLL3"
"ENSG00000206567",75.6301446985436,-1.5607600880054,0.184476672269261,-8.46047399276219,2.66292933656771e-17,1.32931384074278e-15,"55831","EMC3"
"ENSG00000206579",24.0975103317842,-1.70484198953308,0.445829625511383,-3.82397645194071,0.000131316462268278,0.000560735766994567,"114786","XKR4"
"ENSG00000206612",68.7865623041552,1.46794247274193,0.301002962241462,4.87683729691788,1.07800280476058e-06,7.46606104748539e-06,"677793","SNORA2A"
"ENSG00000206630",15.3553453037072,1.60431507198559,0.401238175914189,3.99841083997127,6.37691935615495e-05,0.000294279240261458,"26788","SNORD60"
"ENSG00000206634",59.6549685054724,1.22879212972176,0.270555576003493,4.5417364811801,5.57927544121094e-06,3.33395101065731e-05,"677807","SNORA22"
"ENSG00000206885",47.3276284294118,1.38385048596758,0.328005899447428,4.21898047656725,2.45409520499193e-05,0.00012634550442519,"654321","SNORA75"
"ENSG00000206903",5.64887590786159,1.22717499973317,0.456952100814905,2.68556594344285,0.00724070849382104,0.0191457992342474,"109617003","SNORA24B"
"ENSG00000207044",4.11880984361056,-1.73470468402722,0.398187004436958,-4.35650753213335,1.32154147573009e-05,7.25316567154503e-05,"106480102","RNU6-1226P"
"ENSG00000207067",112.056208856767,1.24136825264163,0.286575911838611,4.33172573604413,1.47945160305386e-05,8.03422692721172e-05,"26775","SNORA72"
"ENSG00000207110",6.14822950072581,1.75729655262311,0.387191907812538,4.538567354238,5.66377056552284e-06,3.38055084708765e-05,"106481624","RNVU1-32"
"ENSG00000207155",9.56143480180724,1.46953504281954,0.432489740323664,3.39784948822088,0.000679177753621261,0.00240216666668722,"106480311","RNY1P14"
"ENSG00000207174",59.0229684307307,1.05317019139489,0.342126197822153,3.07830910961798,0.00208178854874578,0.00645936733783683,"100033427","SNORD116-15"
"ENSG00000207181",92.8431215853311,1.17751563246488,0.273259617549181,4.30914616299995,1.63886034592416e-05,8.80230433674722e-05,"677802","SNORA14B"
"ENSG00000207422",6.09270464947291,2.39867205057756,0.881724235445547,2.72043338965894,0.00651964056117375,0.0174867565289263,"106481438","RNU6-813P"
"ENSG00000207475",105.181334918446,1.55451638347623,0.284865676772654,5.45701539437081,4.84204389448696e-08,4.49546517260533e-07,"677823","SNORA80E"
"ENSG00000207493",135.467750073019,1.13496602839102,0.33500876466443,3.38786965626969,0.000704377294122645,0.00248157244853904,"677827","SNORA46"
"ENSG00000207606",6.31939470792856,2.17040974722576,0.338970162756094,6.40295219372296,1.52400923942647e-10,2.3175296916832e-09,"693139","MIR554"
"ENSG00000207638",3.95743976921777,-1.8959589298197,0.478438781671644,-3.96280360717269,7.40747153693664e-05,0.000336453449091516,"407055","MIR99A"
"ENSG00000207980",11.5015022866136,-1.36036936657094,0.302858730426719,-4.4917620986333,7.06363020353513e-06,4.12132418123994e-05,"407010","MIR23A"
"ENSG00000208002",2.993909630889,1.14254123004435,0.453221906394121,2.52093116843033,0.0117044744880483,0.028825877491533,"693228","MIR643"
"ENSG00000208308",52.5529435589075,1.13807269839502,0.255308698572849,4.45763385562941,8.28692905409509e-06,4.759117353677e-05,"109616967","SNORA40B"
"ENSG00000208892",481.35049912916,1.07764816131942,0.236751491746815,4.55181149385058,5.31859796286622e-06,3.19805804772021e-05,"677829","SNORA49"
"ENSG00000210151",114.053714247921,-1.73746484211628,0.459531416006235,-3.78094898759372,0.000156231687421824,0.000654740416870471,"113219467","MIR12136"
"ENSG00000211445",1618.52638440158,-3.37420767962653,0.316269378899477,-10.6687776457138,1.4248846232253e-26,3.52258619520785e-24,"2878","GPX3"
"ENSG00000211452",36.3248235336545,2.80435369587729,0.47845924651111,5.86121747322565,4.59485730518491e-09,5.28225446979583e-08,"1733","DIO1"
"ENSG00000211454",29.2882595874713,1.61104127815796,0.283095517095805,5.6908046255383,1.2644211761454e-08,1.33151500569502e-07,"246181","AKR7L"
"ENSG00000211746",2.45523096968208,1.37640535472858,0.515788929224312,2.66854381073774,0.00761808424841044,0.0199788069226347,"28568","TRBV19"
"ENSG00000211799",2.73669844325531,1.87823450035626,0.496693646942976,3.7814747821244,0.00015590201716579,0.00065361390279503,"28664","TRAV19"
"ENSG00000211892",220.013024043631,2.60585294809191,0.401394903744865,6.49199310649009,8.47081355928618e-11,1.35564351647319e-09,"3503","IGHG4"
"ENSG00000211893",323.818938536694,1.02145917826019,0.339010623496528,3.01305949567285,0.00258628208354338,0.00779327316620419,"3501","IGHG2"
"ENSG00000211896",1718.48847780212,1.77527103329139,0.372128471022669,4.77058642788781,1.83690347167537e-06,1.21205745596719e-05,"3500","IGHG1"
"ENSG00000211897",285.522733111814,2.05254990750794,0.378723841218419,5.41964799708553,5.97164971676495e-08,5.44666491032272e-07,"3502","IGHG3"
"ENSG00000211945",116.280731379091,1.32731398393201,0.501785537876045,2.64518182319534,0.00816470319055502,0.0211854623570999,"28468","IGHV1-18"
"ENSG00000211973",204.777252652527,1.70502305473686,0.493103297787349,3.45774011730937,0.000544726575132282,0.00198570841610719,"28461","IGHV1-69"
"ENSG00000212135",51.5702154535511,1.14755865301305,0.319728150371932,3.58916989848445,0.000331732598760818,0.001283516887559,"692108","SNORD67"
"ENSG00000212304",20.3460919331212,1.44258251614148,0.31115251609874,4.63625534586293,3.54777660479973e-06,2.2121831637615e-05,"692057","SNORD12"
"ENSG00000212329",2.1925760780135,2.27252366256619,0.587507007061386,3.86807924884672,0.000109696017005643,0.000478087509978592,"106481279","RNU6-316P"
"ENSG00000212384",3.93160819244127,-1.01449832355661,0.371198089793244,-2.73303756525709,0.00627531746948578,0.0169223655592055,"767562","SNORD113-2"
"ENSG00000212402",785.303578043285,1.02187145196678,0.24117760341241,4.23700807002129,2.26517997639793e-05,0.000117552062829543,"677841","SNORA74B"
"ENSG00000212452",7.19148856887697,1.30762825358291,0.402049535193889,3.25240583340634,0.00114432506031021,0.00381167585211504,"692109","SNORD69"
"ENSG00000212588",133.296998651217,1.61497603593397,0.275738701846704,5.85690737324139,4.7156595833375e-09,5.41154250505193e-08,"677810","SNORA26"
"ENSG00000212597",3.89191698294255,1.41985269892114,0.446875537614496,3.17728893038221,0.00148658853992297,0.00481037962095741,"106481455","RNU6-876P"
"ENSG00000212607",58.9600602507923,1.16577756532576,0.327051442703189,3.56450824888654,0.000364538987699603,0.0013962967452717,"677826","SNORA3B"
"ENSG00000212719",53.3388904321908,-1.46219320731506,0.199009200540057,-7.347364862263,2.02152505418539e-13,5.23700073418605e-12,"339263","LINC02693"
"ENSG00000212766",33.8738069298734,1.17032125517701,0.279011081061124,4.19453324479477,2.73434048204782e-05,0.00013898180973761,"283673","EWSAT1"
"ENSG00000213047",1404.63165736438,1.64146456589964,0.237888962160621,6.90012916526714,5.19552773069716e-12,1.04709245988693e-10,"163486","DENND1B"
"ENSG00000213070",6.74025937548772,1.3045042652661,0.347748290685425,3.75128879194453,0.000175927918378367,0.000728695852124725,"729952","HMGB3P6"
"ENSG00000213085",23.2463680894508,1.57279652357056,0.212268135346889,7.40948009459965,1.26795504849411e-13,3.41073338329637e-12,"25790","CFAP45"
"ENSG00000213088",214.22410231426,-2.3241329256882,0.298287487048841,-7.79158706482263,6.61726914089658e-15,2.20219323537684e-13,"2532","ACKR1"
"ENSG00000213186",104.505528367411,2.28249371610774,0.267717480143153,8.52575526591412,1.51815945019675e-17,7.81912361273951e-16,"286827","TRIM59"
"ENSG00000213190",30.6937182828797,1.43367218065526,0.2494661861819,5.74695994915275,9.08622405573966e-09,9.83240475462314e-08,"10962","MLLT11"
"ENSG00000213199",13.6912058193061,1.28177931790427,0.290086156578281,4.41861594852897,9.93349839193537e-06,5.61405946566206e-05,"9311","ASIC3"
"ENSG00000213203",114.993133115042,-1.64969816930674,0.209870993221125,-7.86053443587878,3.82497946648909e-15,1.32739060148561e-13,"170575","GIMAP1"
"ENSG00000213235",5.65356495622927,-1.27433879780967,0.37196789878749,-3.42593756602022,0.000612681196558868,0.00219759271801507,"387845","EEF1A1P16"
"ENSG00000213760",6.01071556314564,1.00638682965564,0.364071456775406,2.76425633190046,0.00570527009164859,0.0155695333304262,"534","ATP6V1G2"
"ENSG00000213777",7.61891323098109,-1.56115724087336,0.280259478962888,-5.57039942645466,2.54155994537374e-08,2.50565184436049e-07,"730066","VN1R103P"
"ENSG00000213822",5.49806717183437,1.22294093245439,0.340238605214108,3.594362643489,0.000325186643873707,0.00126082074707598,"729767","CEACAM18"
"ENSG00000213937",3.96867909365935,1.23821112900373,0.492050259269199,2.51643222552659,0.0118549698320068,0.0291577891699102,"9080","CLDN9"
"ENSG00000213949",1569.90078963758,-1.36365266299095,0.212160745399959,-6.42745037693111,1.29761935184928e-10,2.00140244416539e-09,"3672","ITGA1"
"ENSG00000213970",3.7539336529656,1.1067072904404,0.461216163689232,2.39954142454144,0.0164156223191257,0.0385277327450148,"100271361","RPS15P7"
"ENSG00000214012",17.7243352919173,2.34012448086211,0.4196817481364,5.57595008897445,2.46182508905576e-08,2.43444021568417e-07,"441133","KRT18P38"
"ENSG00000214050",37.1378156347765,1.62971883571992,0.287501686571796,5.66855400103173,1.44007684406868e-08,1.49645775493734e-07,"157574","FBXO16"
"ENSG00000214093",6.26318926233303,1.13895752004358,0.292665636569219,3.89166809398959,9.95573776402098e-05,0.00043779610516425,"100128535","RPS18P14"
"ENSG00000214108",5.23041494634885,-1.14369538821457,0.387655770552454,-2.95028598848064,0.00317479906310281,0.00931939772475662,"100421420","TPT1P5"
"ENSG00000214140",30.2755766850583,-1.09390028609055,0.22136847535418,-4.94153598131059,7.75095083007246e-07,5.52896899277332e-06,"768206","PRCD"
"ENSG00000214193",160.410424291204,1.32113375223402,0.264009548804114,5.00411351869039,5.61196806931489e-07,4.13968363578505e-06,"79729","SH3D21"
"ENSG00000214207",4.81898414939863,2.21736257829232,0.491345579336419,4.51283713855115,6.39661404171376e-06,3.76771743351046e-05,"360019","KRT18P10"
"ENSG00000214252",4.05347455379338,1.83295351351882,0.534630520122815,3.42844907750077,0.00060704040460197,0.00217976965315506,"401393","AZGP1P2"
"ENSG00000214319",9.27896428535713,2.39945240358504,0.530945591240707,4.51920581537938,6.20720314342467e-06,3.66506378631996e-05,"653108","CXADRP1"
"ENSG00000214357",473.561744100239,-1.28356998179654,0.182181392868211,-7.0455602605095,1.84716747532738e-12,3.99240410695655e-11,"54492","NEURL1B"
"ENSG00000214456",119.704413230378,-1.5449762582119,0.296289644482113,-5.21441193435017,1.84401280747549e-07,1.50999635509302e-06,"440503","PLIN5"
"ENSG00000214530",459.880729205409,1.65871627505055,0.255507082748944,6.49186025375418,8.4782886382089e-11,1.35600379834028e-09,"10809","STARD10"
"ENSG00000214548",828.239833458267,-1.00167960338272,0.166797714873229,-6.00535567375141,1.90912924630443e-09,2.34979502017878e-08,"55384","MEG3"
"ENSG00000214575",31.563513696805,-1.1498200881867,0.263730205108095,-4.35983465646424,1.30160754912348e-05,7.15222878072552e-05,"64506","CPEB1"
"ENSG00000214652",31.703246788514,-1.38007286834607,0.253575012148141,-5.44246397409148,5.25485902741732e-08,4.85256601329416e-07,"442319","ZNF727"
"ENSG00000214676",9.31139623671577,1.22102928413398,0.368250284512357,3.31575924170945,0.000913945288395453,0.00312695291896259,"727835","RPL9P16"
"ENSG00000214691",7.96787833451791,-1.48276450242143,0.365461144762225,-4.05724253774266,4.96555086569663e-05,0.000235555134085806,"388942","LINC01913"
"ENSG00000214711",8.37879747415372,1.47996603166496,0.443299981272457,3.33852040195633,0.000842258449697618,0.00290929405685306,"440854","CAPN14"
"ENSG00000214894",6.80882542714007,1.39777255926676,0.355711886892793,3.92950758962978,8.51199901733925e-05,0.000380169426173593,"401247","LINC00243"
"ENSG00000215089",33.3946470107477,1.97709123310998,0.35032583040574,5.64357823920707,1.66551786603544e-08,1.70748470641975e-07,"3876","KRT18P11"
"ENSG00000215126",68.5393700606374,-1.28470133587539,0.205502695697185,-6.2515060034465,4.06513472049245e-10,5.67937390067508e-09,"644019","ZNG1F"
"ENSG00000215217",12.8862066295414,1.32817706489466,0.322124166487174,4.12318355179211,3.73671695659207e-05,0.0001832219470329,"134121","CFAP90"
"ENSG00000215231",25.3158259332594,-1.02117372194967,0.250990740775734,-4.06857128989515,4.73022889303877e-05,0.000226127590433702,"340094","LINC01020"
"ENSG00000215325",6.71322832271994,-1.88021724952667,0.359775885514585,-5.22607913767597,1.73142277091675e-07,1.42770877660283e-06,"455","ASS1P10"
"ENSG00000215386",237.551890466995,-1.47860955506291,0.210570964369359,-7.02190617538945,2.18861495898227e-12,4.68359992623758e-11,"388815","MIR99AHG"
"ENSG00000215784",5.15974468670835,1.46303409179056,0.346452546858757,4.22289893682616,2.41179983377643e-05,0.000124315925506689,"728833","FAM72D"
"ENSG00000215845",238.874594817894,1.191626475278,0.174654474820357,6.82276521402424,8.93045485145533e-12,1.72175639273952e-10,"100131187","TSTD1"
"ENSG00000215915",41.3722641554023,1.11852550574694,0.267177586992927,4.18644961329241,2.83351798531197e-05,0.00014337711474216,"219293","ATAD3C"
"ENSG00000216921",4.13801174552957,-2.27306701849803,0.477705702573819,-4.75829994544973,1.95230249846603e-06,1.28071438602934e-05,"285095","FAM240C"
"ENSG00000217275",5.80081029804884,2.10350096372648,0.499898782191997,4.20785374691829,2.57807628103203e-05,0.000131943422916068,"394255","RPS10P1"
"ENSG00000217442",3.50406432435463,2.07290797243822,0.556039762987693,3.72798513778969,0.000193016757729151,0.000790896447850562,"644186","SYCE3"
"ENSG00000217791",8.54170827859739,-1.85254351949623,0.362097059938146,-5.11615178486312,3.11832155628117e-07,2.41555926463583e-06,"454","ASS1P9"
"ENSG00000217889",6.375366780655,1.90882282095821,0.415984743226697,4.58868468625056,4.46047577502398e-06,2.72307220526981e-05,"340598","KRT18P48"
"ENSG00000218014",19.8182903320964,2.70681208080098,0.419887582636283,6.44651614559817,1.14450429063213e-10,1.78647278269566e-09,"441160","KRT19P1"
"ENSG00000218052",5.14097123730636,1.36032229799588,0.514777958997204,2.64254184589762,0.0082286296456525,0.0213214981375372,"642935","ADAMTS7P4"
"ENSG00000218305",10.9361584907165,-1.21723396850738,0.284309905566202,-4.28136320499726,1.85751895331353e-05,9.86445928602956e-05,"168448","CDC14C"
"ENSG00000218336",405.303859409456,-1.33313578119098,0.286351812394541,-4.65558702088522,3.23058918402197e-06,2.03691119841735e-05,"55714","TENM3"
"ENSG00000218357",31.0850322170151,4.10746657298345,0.549542009549235,7.4743450029464,7.75893371040598e-14,2.16566022854536e-12,"101927722","LINC01644"
"ENSG00000218416",11.8720821032615,2.21948206141258,0.49093450441239,4.52093312135216,6.15676384635326e-06,3.64048464518538e-05,"100130449","GPC1-AS1"
"ENSG00000218549",20.0419613809776,2.5453212023204,0.642923454475899,3.95898016256897,7.52704877934903e-05,0.000341108820206603,"81078","OR4K12P"
"ENSG00000218565",3.57672370660269,-1.08258550128142,0.429711603640267,-2.51933038835905,0.0117578272625767,0.0289462898408543,"100129844","LOC100129844"
"ENSG00000218806",6.42583674626892,1.17452826071503,0.286493589687872,4.09966680928063,4.13745367828894e-05,0.000200635200039276,"100289381","AP3S1P1"
"ENSG00000219102",5.95908184121352,1.27969404058786,0.418343619235373,3.05895436609461,0.00222110980345886,0.00683297357933794,"100421395","HNRNPA3P12"
"ENSG00000219607",8.19845905276854,-1.22123420389111,0.304679853254193,-4.00825387976093,6.11693424472623e-05,0.00028371163062129,"648791","PPP1R3G"
"ENSG00000219755",5.22250316769792,-1.15905206704296,0.308226612808794,-3.76038933329216,0.000169649114345213,0.000705955708588174,"100131956","RPS3P5"
"ENSG00000220563",9.78105875572722,-1.06355639655359,0.230036300184175,-4.62342854454739,3.77448801927155e-06,2.33726526727698e-05,"100419758","PKMP3"
"ENSG00000221176",5.1139558042904,1.48394843821441,0.364778602457487,4.06807972895658,4.74021633681211e-05,0.000226521604696187,"100302175","MIR1207"
"ENSG00000221296",4.44153585487806,1.67751654256266,0.434941733254008,3.85687648322995,0.000114845157231976,0.000497604839163353,"100422849","MIR548T"
"ENSG00000221491",301.690066356864,1.26421150196991,0.28545848982649,4.42870521293072,9.48004911184786e-06,5.3894681306471e-05,"677815","SNORA2C"
"ENSG00000221676",478.339742804309,1.10138568370872,0.304306251554534,3.61933308330784,0.000295363257472376,0.00115781326449229,"100151684","RNU6ATAC"
"ENSG00000221716",130.400791932091,1.85810837956131,0.293204975047474,6.33723346358791,2.33927396885456e-10,3.42873369189873e-09,"677799","SNORA11"
"ENSG00000221771",5.40319965239107,1.57685063294545,0.520823631910599,3.027609609727,0.00246496301559064,0.0074749427521848,"100302161","MIR1205"
"ENSG00000221782",24.5647167521121,2.07461793312129,0.35419657207293,5.85725017320079,4.70593963251735e-09,5.40277669088392e-08,"100313771","MIR548F2"
"ENSG00000221818",189.236534726914,-2.01387064198054,0.252250045869108,-7.98362844709066,1.4209330475507e-15,5.36893450485024e-14,"64641","EBF2"
"ENSG00000221866",985.913928591363,-3.17837766353204,0.283415118323942,-11.2145664011444,3.45877333299938e-29,1.30120055330432e-26,"91584","PLXNA4"
"ENSG00000221869",316.902084594437,-1.15060534839763,0.185192972968071,-6.21300759935423,5.19799344704194e-10,7.10903655944756e-09,"1052","CEBPD"
"ENSG00000221963",2464.7056999862,-1.43639707462613,0.192144855646358,-7.47559475268914,7.68554577834513e-14,2.1497995400246e-12,"80830","APOL6"
"ENSG00000221968",326.372234223453,-2.0612992325146,0.216773601591174,-9.50899564053991,1.92512174083607e-21,1.74728357163017e-19,"3995","FADS3"
"ENSG00000222038",16.8491460930056,2.18654625959963,0.551453655630968,3.96505896238517,7.33778068234927e-05,0.000333638309603122,"653781","POTEJ"
"ENSG00000222068",4.05703639992529,1.16443468252274,0.371891641093695,3.13111281312549,0.00174145250127989,0.0055194901133362,"106480881","RN7SKP154"
"ENSG00000222370",18.5567927312879,1.16852604098926,0.289534369496595,4.03588024116427,5.43979603194021e-05,0.000255901097131396,"677818","SNORA36B"
"ENSG00000222626",211.77759191514,1.01638386460574,0.304116467387892,3.34208756709438,0.000831508241101296,0.00287752178676276,"106481649","RNU2-48P"
"ENSG00000223324",5.81295962130265,-1.24951227515185,0.371267485532353,-3.36553111662929,0.000763964498822763,0.00266688951861771,"106481821","RN7SKP273"
"ENSG00000223572",10.9386736663202,1.07411936989766,0.33738341251789,3.18367569372044,0.0014541783404883,0.00471432014017677,"548596","CKMT1A"
"ENSG00000223572",10.9386736663202,1.07411936989766,0.33738341251789,3.18367569372044,0.0014541783404883,0.00471432014017677,"1159","CKMT1B"
"ENSG00000223604",3.0017657847286,1.36062633259832,0.544807699242003,2.49744328960727,0.0125092471868748,0.03053842175086,"100270939","RPL17P13"
"ENSG00000223656",8.32936147489427,-2.83298665084139,0.497700655884516,-5.69214972362572,1.2544977079033e-08,1.3230032756894e-07,"100129320","HMGB3P10"
"ENSG00000223764",24.5473691696874,1.08384198423107,0.343385431834683,3.15634235977974,0.00159761219088086,0.00512554903607531,"100130417","LINC02593"
"ENSG00000223776",6.04671148741015,1.26713131674671,0.339752022037055,3.72957696954784,0.000191801511616771,0.000786537699612661,"100287902","LGALS8-AS1"
"ENSG00000223823",2.94660372057391,1.48671887698276,0.535465737298722,2.77649674558609,0.00549481851488021,0.015065515348684,"254099","LINC01342"
"ENSG00000223861",14.8307741551494,1.37142150544467,0.252503498992915,5.43129703514783,5.59459219218999e-08,5.12979244524436e-07,"729374","RPS10P6"
"ENSG00000224137",2.22603187829996,2.48406312433517,0.84823024640671,2.92852457791763,0.00340574905545165,0.0098999366160598,"102724714","LINC01857"
"ENSG00000224186",13.6691921369569,1.89992232106185,0.365234591966565,5.20192326480339,1.97236666890839e-07,1.59895983733679e-06,"100996485","PITX1-AS1"
"ENSG00000224209",5.69772975601123,2.39486921697968,0.474035377229076,5.05208963723054,4.37002516156459e-07,3.2947171984866e-06,"199899","LINC00466"
"ENSG00000224259",9.34795844045548,-2.23365320615526,0.524354146314863,-4.25981795291077,2.04593471438214e-05,0.000107463321157288,"100505633","LINC01133"
"ENSG00000224271",28.5139599393933,3.4153673357326,0.827433890165808,4.12766189096775,3.66470418823934e-05,0.000180031020662976,"284930","EPIC1"
"ENSG00000224389",447.513190451358,2.66905788458054,0.314146487439287,8.49622068461414,1.9586345175998e-17,9.91076701907515e-16,"721","C4B"
"ENSG00000224470",596.138895410016,-1.00445330302114,0.113661425486077,-8.83724006386127,9.81121709041775e-19,6.03506097708682e-17,"342371","ATXN1L"
"ENSG00000224520",26.2707508586642,1.97462953208442,0.327324510365163,6.03263571640732,1.6130676925184e-09,2.01211009910584e-08,"149501","KRT8P45"
"ENSG00000224530",8.66697705273017,-1.47185032936369,0.37779544313296,-3.89589222452769,9.783789072625e-05,0.000431257593389709,"140913","PPIAP10"
"ENSG00000224557",3.21802921305761,2.39634125470985,0.621369385293979,3.85654863503792,0.00011499922595845,0.000498106108364667,"3116","HLA-DPB2"
"ENSG00000224559",438.266455012719,3.14953178157139,0.465106684190298,6.7716330223342,1.27336803712564e-11,2.38657671535793e-10,"101927994","LINC01087"
"ENSG00000224609",4.28566478264226,-2.43277686024147,0.645765500126387,-3.76727598449489,0.000165038520195298,0.000688535825655663,"729467","HSD52"
"ENSG00000224652",13.595075867919,1.29732366612467,0.470935056505541,2.75478252936009,0.00587311582136906,0.015963805287026,"401109","LINC00885"
"ENSG00000224682",12.7385808692745,-2.09480597752235,0.38663361802074,-5.41806475144635,6.024759815493e-08,5.48931959601851e-07,"100128299","SOCS5P2"
"ENSG00000224729",13.6866721221916,1.26154203805007,0.332725289800443,3.79154238262651,0.000149714592038665,0.000629971045572973,"100129845","PCOLCE-AS1"
"ENSG00000224790",5.6298484034639,1.12737326546352,0.342781179252836,3.28890071479674,0.00100579496882399,0.00340396685798345,"122455337","HLCS-AS1"
"ENSG00000224842",19.6353977512495,2.0974226502581,0.385685594537743,5.43816694209681,5.38315242393352e-08,4.95868951811449e-07,"105376277","LMX1B-DT"
"ENSG00000224897",24.9792397057451,1.36919778013082,0.256693770924886,5.3339735327332,9.60865347272819e-08,8.39237640797706e-07,"101928283","LOC101928283"
"ENSG00000224897",24.9792397057451,1.36919778013082,0.256693770924886,5.3339735327332,9.60865347272819e-08,8.39237640797706e-07,"401398","POT1-AS1"
"ENSG00000224940",39.1623320278492,-3.4227962963416,0.45471132126717,-7.52740505075417,5.17586197194745e-14,1.49782636641931e-12,"401399","PRRT4"
"ENSG00000224957",13.6286164865663,-1.08803350429678,0.31268668607004,-3.47962849960637,0.000502109511624164,0.00185077168630943,"101927215","LINC01266"
"ENSG00000224958",15.5421430863564,-1.34423993817922,0.265273487256722,-5.0673738716991,4.03341586603991e-07,3.06407401377419e-06,"124906859","LOC124906859"
"ENSG00000224958",15.5421430863564,-1.34423993817922,0.265273487256722,-5.0673738716991,4.03341586603991e-07,3.06407401377419e-06,"572558","PGM5-AS1"
"ENSG00000225051",6.61230775926732,1.08233611887008,0.375446561497716,2.88279672758881,0.00394161705159561,0.0112658550347191,"729595","HMGB3P22"
"ENSG00000225091",215.945449397816,1.41959672889206,0.287626201919887,4.93556122292176,7.99206042951462e-07,5.68689431549727e-06,"26777","SNORA71A"
"ENSG00000225308",10.1585309958846,-1.94473329835109,0.373796960126553,-5.20264610416488,1.96470788178873e-07,1.59394326660547e-06,"340274","ASS1P11"
"ENSG00000225362",4.27188863299138,1.85556576878994,0.467087605100999,3.97262900690484,7.10837155394865e-05,0.000324514788599013,"196993","CT62"
"ENSG00000225383",9.1485489657787,-1.82585290362607,0.384081043533334,-4.75382197160586,1.99606818183538e-06,1.30645329964909e-05,"207107","SFTA1P"
"ENSG00000225437",4.62022619868242,-1.39489957478382,0.360734252188005,-3.86683428680024,0.000110257293826644,0.000479969618170723,"101929239","PACRG-AS2"
"ENSG00000225472",5.71949547351864,-1.53551520022007,0.449283083887438,-3.41770090014066,0.000631524665930032,0.00225738326607158,"123706550","NFIB-AS1"
"ENSG00000225518",7.42998360515814,1.021603486134,0.338619643361631,3.01696462730892,0.00255319603517995,0.00770739186896164,"105373113","LINC01703"
"ENSG00000225526",7.79508467953014,1.09012974450344,0.368361107559382,2.95940511126763,0.00308233609533687,0.00907980939205112,"100129480","MKRN2OS"
"ENSG00000225614",242.151488096172,1.09109778386467,0.183403227918849,5.94917437520485,2.69498410817387e-09,3.22082861325863e-08,"84627","ZNF469"
"ENSG00000225630",191.896415573195,-1.11520659285283,0.199186858356311,-5.59879603531833,2.15845566111078e-08,2.15995343296506e-07,"100652939","MTND2P28"
"ENSG00000225731",6.38897613639336,-2.13678303446619,0.438111881397513,-4.8772542475912,1.07572743110199e-06,7.45427994034848e-06,"101928284","PDE9A-AS1"
"ENSG00000225768",8.18011606368578,2.5545536842284,0.727011408705171,3.51377386054798,0.000441788747436143,0.00165673971481471,"101927523","LINC02620"
"ENSG00000225783",149.33204407811,1.54917208133502,0.211870797274027,7.31187167494051,2.63446649379165e-13,6.65228416788362e-12,"440823","MIAT"
"ENSG00000225877",8.21381582102884,-1.83478657729514,0.501934914180587,-3.65542727843598,0.000256753985069928,0.00102142834397627,"100289650","PSG8-AS1"
"ENSG00000225907",10.3393786928273,-1.00928169823337,0.321485290563897,-3.13943352264439,0.00169274816778321,0.00538220932622691,"100271119","RPS27P16"
"ENSG00000226031",8.87479124422068,-2.81493037904326,0.396935755138195,-7.09165234576367,1.32520084341756e-12,2.93511633903012e-11,"100129662","FGF13-AS1"
"ENSG00000226197",9.77864728745896,-1.18362696021093,0.396329773985073,-2.98646994978356,0.00282218573468251,0.00839636645282391,"105375977","LOC105375977"
"ENSG00000226216",11.0991809071779,-1.99424594033036,0.387399304439633,-5.14777883562543,2.63589010706124e-07,2.07215128404287e-06,"100271053","RPS12P5"
"ENSG00000226237",31.419467102882,-1.28186502764126,0.311317809103419,-4.11754480520395,3.82930098081551e-05,0.000186949397893566,"100506834","GAS1RR"
"ENSG00000226320",14.1294070073816,2.45187602018313,0.506557636256451,4.84027057276822,1.29662469724081e-06,8.8456725074841e-06,"101928114","LINC01811"
"ENSG00000226321",40.3314675419897,-1.02767558022016,0.316395178200566,-3.24807598543334,0.00116188237832476,0.00386371288451886,"728763","CROCC2"
"ENSG00000226409",3.65714828862385,-1.46038139995027,0.538410757759344,-2.71239268328851,0.00667994073662832,0.0178558234621973,"102723341","LOC102723341"
"ENSG00000226482",12.7799218985779,-2.7931326375908,0.586069232366832,-4.76587488872393,1.88035917676055e-06,1.23821317885211e-05,"100874095","ADIPOQ-AS1"
"ENSG00000226650",9.72665496953981,1.89036404293344,0.389835489580195,4.84913275845954,1.24002412751494e-06,8.49526162629529e-06,"285643","KIF4B"
"ENSG00000226791",8.39951841878484,1.32431368652206,0.35617406965387,3.71816423303648,0.000200675795107202,0.000817890138073913,"101927070","LINC02611"
"ENSG00000226797",5.08000622465231,-2.55001480012596,0.481883301081847,-5.29176834806493,1.211392751543e-07,1.03814239169869e-06,"105371856","LOC105371856"
"ENSG00000226807",7.66798814826157,1.01653860349551,0.396990984315005,2.56060878876006,0.0104488943590369,0.0261440711234287,"389690","MROH5"
"ENSG00000226887",38.1773235880494,1.53206837189503,0.388199740593881,3.94659813412347,7.92694401814487e-05,0.000357421596010083,"100288413","ERVMER34-1"
"ENSG00000227082",16.0754219943064,-1.14266466033299,0.276702007442362,-4.12958572615708,3.63417479297595e-05,0.000178734197188461,"107985194","LINC02798"
"ENSG00000227105",14.3289599637427,1.17424834473406,0.236327787114715,4.96872737256274,6.73937438063699e-07,4.88388275188652e-06,"144","PARP1P1"
"ENSG00000227117",7.5018719040235,-2.05137563689019,0.368508408375026,-5.5666996743329,2.59609263230676e-08,2.55166120974702e-07,"101929664","HORMAD2-AS1"
"ENSG00000227403",23.5142423778643,1.36762352628483,0.326368800240888,4.19042361057616,2.78434143783436e-05,0.000141219099342134,"100996579","LINC01806"
"ENSG00000227496",3.72338818263947,1.2378587266675,0.428203601065827,2.89081811452868,0.00384240431628009,0.0110247740955011,"102723834","LOC102723834"
"ENSG00000227502",11.1334416529753,1.75076837989879,0.34122271380404,5.13086705272568,2.88410566357652e-07,2.24754172366014e-06,"285758","MROCKI"
"ENSG00000227507",12.9878279572477,1.38145693933811,0.397018320137034,3.47957983113045,0.000502200722383237,0.00185077168630943,"4050","LTB"
"ENSG00000227591",37.4107448016628,-3.57269499857998,0.457500340000488,-7.80916359226349,5.75687380722986e-15,1.93070969364435e-13,"101930114","HSD11B1-AS1"
"ENSG00000227811",6.09958426754759,-1.29922873690594,0.326277071223482,-3.98197989222492,6.83435629772501e-05,0.000313161907813497,"100506343","INKA2-AS1"
"ENSG00000227874",3.44711150164653,1.83682948124377,0.744471894444468,2.46729190846678,0.0136139324358352,0.0328230610984924,"100631252","GRAMD4P1"
"ENSG00000227964",6.54256121151152,3.60371561142854,0.480087013947592,7.50638010763177,6.07847552135719e-14,1.73241604601499e-12,"101927678","LINC01429"
"ENSG00000228022",3.0866292967095,1.02898662789924,0.428757666110387,2.39992590041368,0.0163983909951786,0.0385046977343144,"105375013","HCG20"
"ENSG00000228024",30.655339865968,-1.0724578482844,0.1911585030462,-5.61030679354715,2.01968244066386e-08,2.03283896063406e-07,"100133307","CYP1D1P"
"ENSG00000228035",9.6056388371173,-2.77722027718685,0.454275906853295,-6.11350995130748,9.74632903382397e-10,1.2764642233098e-08,"112840934","NGF-AS1"
"ENSG00000228126",4.60670983742598,1.38560170657957,0.382078968194651,3.62647992148491,0.000287311148710493,0.00112966113272144,"100874054","FALEC"
"ENSG00000228168",3.93952044459948,2.33980903700868,0.682311702076526,3.42923773678185,0.000605279091235057,0.00217523365435513,"344697","HNRNPA1P21"
"ENSG00000228221",35.8986050842342,1.32730286446751,0.463150665599249,2.86581227892693,0.00415940811048171,0.0118219550784938,"100505566","LINC00578"
"ENSG00000228237",11.1154305593781,1.34699143914718,0.313450611194412,4.29730040727768,1.72890816451206e-05,9.22866504922973e-05,"100130197","EFCAB14-AS1"
"ENSG00000228427",4.06776154202652,1.17468085064984,0.507882009487511,2.31290108471292,0.0207280781802608,0.0470376722014664,"107985688","LOC107985688"
"ENSG00000228594",28.8874753415307,1.66159459955482,0.313163944496336,5.30582983372233,1.12161555497598e-07,9.65988605708908e-07,"643988","FNDC10"
"ENSG00000228649",45.7792585235121,-1.88016510496622,0.28816918540365,-6.52451823512147,6.82204506462017e-11,1.11305245623765e-09,"109729180","SNHG26"
"ENSG00000228672",9.86273580883984,-1.01292643422297,0.288917752137091,-3.5059335285924,0.000455008837056197,0.00169895273191956,"389333","PROB1"
"ENSG00000228695",10.1016316549162,-2.7468003507245,0.537567062784259,-5.10968870841491,3.22690042041178e-07,2.49297265217408e-06,"107987423","LOC107987423"
"ENSG00000228696",53.2966197983241,1.32165304489049,0.215729090975928,6.1264479394574,8.98625908061112e-10,1.18109019349116e-08,"100506084","ARL17B"
"ENSG00000228696",53.2966197983241,1.32165304489049,0.215729090975928,6.1264479394574,8.98625908061112e-10,1.18109019349116e-08,"100996709","LOC100996709"
"ENSG00000228696",53.2966197983241,1.32165304489049,0.215729090975928,6.1264479394574,8.98625908061112e-10,1.18109019349116e-08,"51326","ARL17A"
"ENSG00000228971",44.1913019891991,-2.85726000677145,0.397510962431564,-7.18787725826143,6.58063778371421e-13,1.54728438034106e-11,"100996635","LINC02607"
"ENSG00000229054",4.40725665208459,1.05919679078461,0.377800953052504,2.80358422133841,0.00505380309394469,0.0140141673659455,"100129599","RPS29P14"
"ENSG00000229105",2.86349532170144,1.48049602079374,0.565736413402232,2.61693606018802,0.00887229591170825,0.0227441296934745,"100128505","ASTN2-AS1"
"ENSG00000229108",18.9004655139922,-3.2989924053445,0.415923232008873,-7.93173391495988,2.16107081587721e-15,7.89824126480411e-14,"101927524","LINC02587"
"ENSG00000229417",17.2481179121133,1.14328603682454,0.276088880524533,4.14100718092102,3.45784133888477e-05,0.000170936289230186,"399804","NPM1P25"
"ENSG00000229515",6.83336727196795,-1.64181318690581,0.347239970454358,-4.7281802977852,2.26540979922109e-06,1.46977024664286e-05,"391533","FLT1P1"
"ENSG00000229525",3.6283944719239,1.83454238164849,0.429909006399939,4.26728064389942,1.9787017455749e-05,0.00010446032115443,"105373884","DNPEP-AS1"
"ENSG00000229619",83.1787172727906,-1.517678556908,0.222280318387957,-6.82776850381831,8.62456070483419e-12,1.66698694546602e-10,"401093","MBNL1-AS1"
"ENSG00000229623",9.42871881517239,1.16228281712324,0.30337672855745,3.83115350557659,0.000127543896551692,0.000546334070410697,"100421629","METTL21AP1"
"ENSG00000229847",38.230747835853,-2.29714842550856,0.353744680614966,-6.49380344466266,8.36959319693724e-11,1.34441769929515e-09,"196047","EMX2OS"
"ENSG00000229894",4.19071483852449,1.27306666454194,0.417946772216727,3.04600190543351,0.00231906365502411,0.00708798473532508,"2713","GK3"
"ENSG00000229920",27.6224552523511,-2.84501273380332,0.389337267129516,-7.30732188772699,2.72519195084467e-13,6.84806705324549e-12,"100271132","RPS4XP5"
"ENSG00000229953",6.5506953628952,1.52862993194966,0.365241751627129,4.18525517726195,2.84845928380608e-05,0.000143992806405137,"126568844","BCAN-AS2"
"ENSG00000230102",21.0585503014749,1.1434259205092,0.271853003815935,4.20604482738539,2.59878707393274e-05,0.000132820072583473,"285389","LINC02028"
"ENSG00000230107",3.17806772691493,2.06381086107451,0.444008530552145,4.64813335569943,3.34952348646523e-06,2.10372442926843e-05,"101927344","LOC101927344"
"ENSG00000230366",4.00773941021511,1.24160535369137,0.437198002598202,2.83991543033751,0.00451254952862864,0.0126898130528755,"257203","DSCR9"
"ENSG00000230411",4.76348372777856,1.12188272300252,0.458946249898619,2.4444751934466,0.0145063056390889,0.0346440097220334,"504175","OR3D1P"
"ENSG00000230479",6.44422446767064,1.14167113974976,0.442930084892079,2.57754254834132,0.00995056302888441,0.0250870935415483,"105369301","CLDN14-AS1"
"ENSG00000230561",2.86354665807535,-1.38478040336007,0.558548746224297,-2.47924717890958,0.0131660030924373,0.0319107414766391,"728586","CCDC192"
"ENSG00000230587",9.15695245353264,-1.71516109560715,0.333504429551107,-5.14284352359498,2.70611005877225e-07,2.12157067066174e-06,"107985876","LOC107985876"
"ENSG00000230650",6.52969344056596,1.24389512483484,0.356299887776107,3.49114655241342,0.00048095235847935,0.00178147279129666,"442041","LOC442041"
"ENSG00000230787",6.39611180955477,-1.59320511817952,0.37122376109542,-4.29176492764966,1.77258549360071e-05,9.43658208426726e-05,"729779","PSAT1P3"
"ENSG00000230798",8.02355242633828,2.17758064834843,0.468885680831346,4.64416111937461,3.41461016552467e-06,2.13994328046087e-05,"100996301","FOXD3-AS1"
"ENSG00000230825",4.47286539215213,-1.41515679408768,0.486395830588164,-2.90947558571058,0.00362035662154495,0.0104546909758665,"101927354","LINC03016"
"ENSG00000230838",21.8063281677345,4.80158812567143,0.542854953446482,8.84506643107346,9.14738753784589e-19,5.68057142840679e-17,"105373869","LINC01614"
"ENSG00000230873",37.0564836159598,2.51253790948247,0.430999084669212,5.82956669481287,5.5571483435008e-09,6.28551009588644e-08,"401236","STMND1"
"ENSG00000230926",6.88033099303242,1.4282237126859,0.380961804912288,3.74899450356901,0.000177544976172864,0.000734105207310481,"101060199","LOC101060199"
"ENSG00000230978",3.22112784999096,1.45415526168165,0.555068197303071,2.61977765749686,0.00879871130152337,0.0225844900588296,"54064","LINC00160"
"ENSG00000231013",5.24659056972056,-1.66234723823593,0.566456303246533,-2.93464337621192,0.00333931238393376,0.00973188176290025,"107105282","SCTR-AS1"
"ENSG00000231035",25.1765398515612,-2.09747633936383,0.322703748605224,-6.49969623355617,8.04823562390338e-11,1.29600558514444e-09,"100128899","RPL7L1P9"
"ENSG00000231131",3.88951527372208,1.91284012478057,0.778691680987956,2.45647946611382,0.0140305820233101,0.0336946848146067,"105378305","LOC105378305"
"ENSG00000231134",12.466779556684,-1.09272500202115,0.253913013445442,-4.30354075670857,1.68089908808467e-05,9.00759259465359e-05,"100874334","TCF7L1-IT1"
"ENSG00000231203",11.239708080657,2.16922216673956,0.407699443701914,5.32064048712701,1.03402563032393e-07,8.95603513912197e-07,"344320","KRT8P10"
"ENSG00000231246",14.6074991347103,-2.98596981419001,0.366402342488308,-8.14942883255528,3.65647141032458e-16,1.51379082726006e-14,"105378909","LINC02884"
"ENSG00000231290",30.174113124399,-1.30129617980248,0.428306633470958,-3.03823494223494,0.00237968346114497,0.00724681174148301,"149773","APCDD1L-DT"
"ENSG00000231367",58.1401473265153,-1.31257445452514,0.191990082692742,-6.8366784164876,8.105040038966e-12,1.57714114941139e-10,"101929596","LINC02613"
"ENSG00000231402",5.73073093999875,1.99701596972943,0.615493346612644,3.2445776720739,0.0011762493337266,0.00390448595970269,"387122","WASF5P"
"ENSG00000231431",14.608213389835,1.39826643813673,0.539978151433076,2.58948706429289,0.00961190340668953,0.0243444032228361,"100420005","FAR2P4"
"ENSG00000231439",5.63524674880452,2.00295433425144,0.471244012009557,4.25035498214632,2.13431985655246e-05,0.000111519071731861,"100132169","WASIR2"
"ENSG00000231574",13.9139339065745,1.50110861471933,0.509591347688552,2.94571056107641,0.00322213755925897,0.00943594841643098,"102724550","LINC02015"
"ENSG00000231649",10.1430039811036,1.64266240431701,0.419392746803076,3.91676398039452,8.97455343234149e-05,0.000398770041076207,"404770","SPATA31B1P"
"ENSG00000231651",4.06785119798713,1.41465479136329,0.465224837507094,3.04079807721298,0.002359520103379,0.00719638383779957,"100873930","DLG3-AS1"
"ENSG00000231672",51.3836216288658,-1.4538408664906,0.220130527144922,-6.60444912092302,3.98998210084901e-11,6.76940884796331e-10,"729582","DIRC3"
"ENSG00000231768",15.3051420565701,-2.10606365557325,0.359876374420226,-5.85218648755756,4.85152189126472e-09,5.54783283054845e-08,"100506795","LINC01354"
"ENSG00000231806",3.60304800899313,2.03884324413613,0.529447315095413,3.85088975995411,0.000117689469445316,0.000508316680176625,"101928099","PCAT7"
"ENSG00000231852",18.8129653672782,1.94797959707327,0.345513809606253,5.63792109870569,1.72115331807501e-08,1.76035058434165e-07,"1589","CYP21A2"
"ENSG00000231898",510.591547393644,1.28376392188874,0.247628203546429,5.1842395312941,2.1689803180295e-07,1.73612060115355e-06,"101929753","MYO3B-AS1"
"ENSG00000231948",4.55943358685876,-1.06482366273233,0.379757681917136,-2.80395555754598,0.00504798627370177,0.0140025248656498,"100874343","HS1BP3-IT1"
"ENSG00000232021",6.1265714190145,2.03180439254696,0.430275098353154,4.72210546304803,2.33415584118144e-06,1.51248171056884e-05,"641518","LEF1-AS1"
"ENSG00000232053",4.73752461032609,-1.00976796492067,0.435195059670994,-2.32026522930672,0.0203265338536803,0.0462513878036067,"105375523","LOC105375523"
"ENSG00000232079",34.8943476203747,-3.11128153005182,0.369135921687617,-8.42855259338525,3.49966875541942e-17,1.70112153438805e-15,"284825","LINC01697"
"ENSG00000232093",14.3911872181776,1.24925801710148,0.256874550478877,4.8633000613434,1.15444633273075e-06,7.95094664500527e-06,"100505666","DCST1-AS1"
"ENSG00000232400",69.965753981034,2.09700178620349,0.312509218410707,6.71020777200743,1.94347487095747e-11,3.52295535616718e-10,"9207","RAD17P1"
"ENSG00000232527",30.8490532438303,-1.11515306963791,0.229840939420771,-4.85184698795713,1.22316978678502e-06,8.38865028411245e-06,"100996732","LINC02802"
"ENSG00000232527",30.8490532438303,-1.11515306963791,0.229840939420771,-4.85184698795713,1.22316978678502e-06,8.38865028411245e-06,"107985200","LOC107985200"
"ENSG00000232629",39.7291025397468,1.00391537665896,0.285695569332658,3.51393400676095,0.000441522489257648,0.0016562197653396,"3120","HLA-DQB2"
"ENSG00000232679",5.73169205840868,3.62756409303556,0.592691144955438,6.1204965248946,9.32842175593003e-10,1.22482130470628e-08,"105372950","LINC02257"
"ENSG00000232759",6.07482253105994,-1.1933092871588,0.397529374036853,-3.00181411763592,0.00268375995998836,0.0080537619701015,"100506178","STEAP1B-AS1"
"ENSG00000232767",5.7989599974368,1.96924444265071,0.74230443298094,2.65287980935616,0.0079808283322759,0.0207789710982164,"105378499","HSPA12A-AS1"
"ENSG00000232973",43.2970052002879,-1.46269804479311,0.253251582294079,-5.77567188936497,7.66466070978342e-09,8.4233388105232e-08,"285154","CYP1B1-AS1"
"ENSG00000233128",36.0005660490985,-1.45714206970517,0.188262724817815,-7.73993933804618,9.94642590551388e-15,3.2314058029453e-13,"101929700","LINC01794"
"ENSG00000233251",57.68321344191,-2.07228607178832,0.279320364457399,-7.41902967158838,1.17981482031477e-13,3.18685047926438e-12,"100129434","LOC100129434"
"ENSG00000233421",4.15086947489143,-1.70965766881625,0.553131206188707,-3.0908718396065,0.00199569751981376,0.00622423599895778,"100132147","LINC01783"
"ENSG00000233429",34.7846216346269,-1.07868822252901,0.216120743776687,-4.991136915777,6.00249290654079e-07,4.39404147963863e-06,"100506311","HOTAIRM1"
"ENSG00000233493",12.0617623725232,1.39288630008393,0.372628506834711,3.73800252674115,0.000185488083116467,0.000763421541388498,"388564","TMEM238"
"ENSG00000233508",5.10526472049508,1.65216159853258,0.550875783971264,2.99915452195438,0.00270729963556999,0.00811689581198036,"121853075","PTPRT-DT"
"ENSG00000233554",19.5064660338412,-1.26587297166882,0.216724256032572,-5.84093813420942,5.1907679672577e-09,5.90455542918823e-08,"101929639","B4GALT1-AS1"
"ENSG00000233585",32.5284555771517,-1.39764763557412,0.205489082069493,-6.80156639709676,1.03487682451484e-11,1.97118019760735e-10,"100420869","ACAA2P1"
"ENSG00000233608",42.2966504723039,-2.45836494668527,0.252466301974027,-9.73739832786943,2.0883235032083e-22,2.27124176915455e-20,"117581","TWIST2"
"ENSG00000233654",22.2952317124679,-1.15087554287471,0.36425208315747,-3.15955788886229,0.00158008707212793,0.0050792060648289,"105376748","NEMP2-DT"
"ENSG00000233656",10.8096936394011,2.98769052734774,0.454185590642031,6.57812706722901,4.76411024920673e-11,7.96308910810742e-10,"105374929","LOC105374929"
"ENSG00000233656",10.8096936394011,2.98769052734774,0.454185590642031,6.57812706722901,4.76411024920673e-11,7.96308910810742e-10,"105374928","LOC105374928"
"ENSG00000233760",7.55600851557537,-1.29754364627668,0.396036519448789,-3.27632322413758,0.00105168126200747,0.00354309438016742,"100506289","LINC03095"
"ENSG00000233791",6.2139905559952,1.31719986115615,0.439788577763395,2.99507519693884,0.00274377190602503,0.00820539529223478,"730227","BTG2-DT"
"ENSG00000233806",48.0894036912219,1.74356342171841,0.342244201262054,5.09450098873515,3.4966101019547e-07,2.68774074701037e-06,"101927289","LINC01237"
"ENSG00000233806",48.0894036912219,1.74356342171841,0.342244201262054,5.09450098873515,3.4966101019547e-07,2.68774074701037e-06,"102723927","LINC01238"
"ENSG00000233822",70.8239342658783,1.19696176391287,0.222708162727068,5.37457518061322,7.67634498079067e-08,6.84280779571993e-07,"8341","H2BC15"
"ENSG00000233834",9.80779846328304,1.05912747653091,0.307171617383597,3.44799915289135,0.000564755808578489,0.00204719051516274,"100506098","GIRGL"
"ENSG00000233930",17.7161300321481,1.17324553057322,0.389868564544891,3.00933606161039,0.00261819334378109,0.00787794862847681,"338651","KRTAP5-AS1"
"ENSG00000233947",8.40855811946826,-1.83292185292251,0.411917095075061,-4.44973484916549,8.59763688001609e-06,4.92556738317055e-05,"158452","ASS1P3"
"ENSG00000234015",3.4379480004869,-2.45054525583185,0.568693769152457,-4.3090770266113,1.63937268873231e-05,8.80323464090059e-05,"101928309","LINC02530"
"ENSG00000234031",6.63530612489832,-1.89992587690993,0.325316610871018,-5.84023629111031,5.21268360127269e-09,5.92169982152457e-08,"646527","RPS3AP44"
"ENSG00000234161",3.38080716670591,-1.13248688540925,0.415966635421048,-2.72254260071347,0.00647816805815925,0.0173827048225861,"102724167","PABPC5-AS1"
"ENSG00000234235",4.52015000700041,-2.07330838858978,0.522588101518853,-3.96738537016803,7.26654430171233e-05,0.000330920977164647,"105373974","LOC105373974"
"ENSG00000234380",18.030804808802,1.63318945895635,0.284835979942152,5.73378917680287,9.82113954595143e-09,1.05695331813353e-07,"100506385","LINC01426"
"ENSG00000234409",6.36911197271564,-1.51926847674931,0.424749687550339,-3.57685601962745,0.000347751586831784,0.00133829834453994,"388849","CCDC188"
"ENSG00000234456",435.904463261594,-1.67270465443139,0.183835709133434,-9.09891044735647,9.12425395014204e-20,6.70955762146706e-18,"100505881","MAGI2-AS3"
"ENSG00000234602",7.7476461610858,2.1694343286624,0.49162323720843,4.4127985914194,1.02042917451989e-05,5.74832910420734e-05,"345643","MCIDAS"
"ENSG00000234840",40.6445797163722,-2.00839740855478,0.3536532687704,-5.67900140026325,1.3548337066466e-08,1.41981321587131e-07,"441389","LINC01239"
"ENSG00000234869",20.3418264017041,2.00737593071423,0.273556370580976,7.33807049147126,2.16695038960206e-13,5.59142129356761e-12,"122149302","LINC02925"
"ENSG00000234883",11.7510992972657,1.69100973501628,0.370959809135281,4.55847154697993,5.15272436633033e-06,3.10695514753084e-05,"114614","MIR155HG"
"ENSG00000234949",10.0016335617135,2.11124307401167,0.40262017853142,5.24375872494157,1.57337920094685e-07,1.3102912190625e-06,"105373958","RAB17-DT"
"ENSG00000235049",4.9921364227854,2.12415490326033,0.540290858021346,3.931502581849,8.44165895283313e-05,0.000377482485956318,"100271702","LINC00940"
"ENSG00000235091",5.44007808868646,2.97245084705301,0.58760337030696,5.05860074543178,4.22344098522015e-07,3.1888330742974e-06,"107985535","LOC107985535"
"ENSG00000235098",42.6562207393458,-1.16068847890773,0.169110608567372,-6.86348709132176,6.71995997930113e-12,1.32752451402358e-10,"441869","ANKRD65"
"ENSG00000235123",39.3983609045632,2.70968807173604,0.669992865135477,4.04435362336003,5.24676764106828e-05,0.000247673385027915,"100506492","DSCAM-AS1"
"ENSG00000235142",7.89605565663223,1.24190335355176,0.462195653401579,2.68696458829035,0.00721045965809135,0.019077475466796,"100422737","LINC02532"
"ENSG00000235199",12.5633300029177,-2.25435527913588,0.380468276941955,-5.92521220758651,3.11894359075368e-09,3.68509502634429e-08,"106480430","CYP2C58P"
"ENSG00000235275",6.04231061979161,2.29237259392821,0.494015760526361,4.64028230898089,3.47933528510294e-06,2.17473116616186e-05,"391827","KRT18P16"
"ENSG00000235387",23.1155582984592,-2.75190929743557,0.300472335388086,-9.15861120419367,5.25694796065747e-20,4.00175528336501e-18,"158376","SPAAR"
"ENSG00000235532",5.35741506444979,1.57591054601274,0.534982939033347,2.94572112684609,0.00322202750621032,0.00943594841643098,"100874151","LINC00381"
"ENSG00000235532",5.35741506444979,1.57591054601274,0.534982939033347,2.94572112684609,0.00322202750621032,0.00943594841643098,"105370259","LOC105370259"
"ENSG00000235532",5.35741506444979,1.57591054601274,0.534982939033347,2.94572112684609,0.00322202750621032,0.00943594841643098,"100507612","LINC00402"
"ENSG00000235621",6.20076847458222,1.73029180810426,0.576664524885818,3.00051716974764,0.00269521558186333,0.0080834669062979,"284749","LINC00494"
"ENSG00000235641",5.96687507820217,-1.06987870341851,0.406769680153388,-2.63018301416928,0.00853389129978936,0.0219939188204857,"100129347","LINC00484"
"ENSG00000235649",17.8449969569898,1.66526968389121,0.300111599956051,5.54883478057854,2.87579780234755e-08,2.80007349412369e-07,"286544","MXRA5Y"
"ENSG00000235875",4.65385320018466,-2.16272319202329,0.443639723751952,-4.87495387863984,1.08833879537324e-06,7.529610461167e-06,"100874238","ARHGEF7-AS2"
"ENSG00000235904",3.63795277165304,-2.41924179343689,0.452659643562732,-5.34450514385566,9.0664401688812e-08,7.96165946900603e-07,"100873979","RBMS3-AS3"
"ENSG00000235947",33.2497395583142,1.00120017538201,0.333865885765873,2.99880945633395,0.00271036754635691,0.0081232791557941,"100126791","EGOT"
"ENSG00000235978",69.9151884777808,1.10261184568147,0.383191291856295,2.87744494489967,0.00400909860886548,0.01142978382086,"124906209","LOC124906209"
"ENSG00000236305",4.08214244487807,1.19252646308957,0.349173229222459,3.41528606229375,0.000637150587709678,0.0022734959177965,"105375430","SLC12A9-AS1"
"ENSG00000236313",437.647051665465,2.27730439536924,0.354802633233001,6.41851041131852,1.37614197665104e-10,2.11372150472826e-09,"100312806","VN1R53P"
"ENSG00000236384",37.2802682349185,-1.30909517724825,0.165016451482923,-7.93311918589961,2.13709153287391e-15,7.82434725110593e-14,"150135","LINC00479"
"ENSG00000236404",41.740329714832,-2.13339395840593,0.315073033320364,-6.77110933907413,1.27798641302529e-11,2.39177875337495e-10,"401491","VLDLR-AS1"
"ENSG00000236548",23.3615023287325,-1.04117766622064,0.290692341627428,-3.58171687768469,0.000341343602330998,0.0013167777127817,"7955","RNF217-AS1"
"ENSG00000236653",21.3438779810806,-2.53918388173904,0.328262171822156,-7.73523146954229,1.03215139285345e-14,3.33656112773225e-13,"101927619","LINC01923"
"ENSG00000236699",416.784774418366,1.41512584915642,0.352122700443078,4.01884299812467,5.84846239450345e-05,0.000272851162538678,"54848","ARHGEF38"
"ENSG00000236780",4.49080547697159,1.13231712724159,0.470352294292137,2.40738089509203,0.0160674022422292,0.0378404670117752,"644838","LINC01829"
"ENSG00000236830",112.865290757878,1.35705496165482,0.237246616897651,5.72001817939624,1.06512656291446e-08,1.13733259235432e-07,"100506428","CBR3-AS1"
"ENSG00000236841",4.41060112492652,-1.30689567009703,0.545168927168411,-2.39723066552051,0.0165195206906184,0.038733060977967,"101929532","LOC101929532"
"ENSG00000236882",10.403633128663,-1.31845706373182,0.392775123446964,-3.35677334185815,0.000788577296317596,0.00274432088186247,"202299","LINC01554"
"ENSG00000236893",6.98599500488647,-1.64059294567943,0.328792049032145,-4.98975857387304,6.04548013682996e-07,4.42426200709986e-06,"339845","ASS1P7"
"ENSG00000236946",5.65185016604132,1.15743112880059,0.498321165727564,2.32266098332529,0.020197371843322,0.0460018757838863,"341333","HNRNPA1P70"
"ENSG00000237125",50.7894434136827,-1.28176371495701,0.237732486190519,-5.39162205172839,6.98245082106609e-08,6.2781592799873e-07,"79804","HAND2-AS1"
"ENSG00000237226",5.04125700293945,1.34994937982454,0.439792537676152,3.06951406442144,0.00214407310188967,0.00662648524572593,"730993","RPS3AP39"
"ENSG00000237260",4.22402322499268,1.0601773295885,0.372474998496896,2.84630467512396,0.0044229854202922,0.0124768371593072,"111082981","PPIAP67"
"ENSG00000237278",2.93936531606593,1.62496279370087,0.539972093258907,3.00934587914293,0.00261810873253329,0.00787794862847681,"100533731","RLIMP2"
"ENSG00000237330",9.33976226702616,1.97191825083601,0.494406459156807,3.98845568117992,6.65048240471698e-05,0.00030552204602247,"401934","RNF223"
"ENSG00000237515",34.1026100670272,1.47026333288553,0.52397918683996,2.80595750711487,0.00501673075405518,0.0139262428525039,"729993","SHISA9"
"ENSG00000237541",77.1498689701905,1.25041162411018,0.268128368782141,4.66348126380527,3.1090450400491e-06,1.96792468055583e-05,"3117","HLA-DQA1"
"ENSG00000237541",77.1498689701905,1.25041162411018,0.268128368782141,4.66348126380527,3.1090450400491e-06,1.96792468055583e-05,"3118","HLA-DQA2"
"ENSG00000237649",64.6962736933851,2.01142989350379,0.301720655129786,6.66653031307575,2.61921610850982e-11,4.6251436561019e-10,"3833","KIFC1"
"ENSG00000237686",11.0931502879934,1.90481343189336,0.469291707904093,4.05891133342299,4.93020279136887e-05,0.000234220724850573,"101929705","SCIRT"
"ENSG00000237731",3.80619519036827,-1.90426156392293,0.523737253531356,-3.63591008866227,0.000277000942285293,0.00109359550720025,"100421428","RNGTTP1"
"ENSG00000237813",16.9116127082157,-2.80911613046409,0.415988631788782,-6.75286754444391,1.44951264655513e-11,2.68568517339602e-10,"107986838","CAV2-DT"
"ENSG00000237870",13.830996250172,-2.35031457955817,0.449111494855728,-5.23325411725028,1.66551514099953e-07,1.37905716204357e-06,"102724434","LOC102724434"
"ENSG00000238078",3.010217513826,-1.41342454410338,0.583386828463738,-2.42279131982705,0.0154017712158955,0.0364547439794124,"101929730","LINC01352"
"ENSG00000238086",4.75194492648995,-1.22284755483125,0.427901413380265,-2.85777872330733,0.00426617776337393,0.0120857189110183,"100418740","PPP1R26P1"
"ENSG00000238087",6.28512689639711,1.07213468549702,0.464523501720612,2.30803109320798,0.0209974071671684,0.0475196770048262,"100129007","FMO8P"
"ENSG00000238099",4.65519742756309,-2.74862227277557,0.527792903165948,-5.20776663780065,1.91127080734989e-07,1.55916931543647e-06,"645434","LINC01625"
"ENSG00000238117",7.93978198304333,2.46529230780367,0.681446145273135,3.6177360821603,0.000297191210060239,0.00116427549513186,"139355216","NTM-AS3"
"ENSG00000238118",11.1715500176151,2.35248584804698,0.610019824972662,3.85640884401159,0.000115064978507676,0.000498230209190127,"100422608","SLC25A24P2"
"ENSG00000238121",19.4330114396977,1.06181294251785,0.3290484510494,3.22691974124638,0.00125130553093567,0.00412514464973687,"100188949","LINC00426"
"ENSG00000238198",8.58554207012952,-1.29840687154897,0.37532363767712,-3.45943271674765,0.000541314499795905,0.00197625668402863,"100996251","LRIG2-DT"
"ENSG00000238276",11.8589084022276,-1.3611868790264,0.277264481942742,-4.90934457052993,9.13812930894415e-07,6.41274832661725e-06,"101927760","LINC02944"
"ENSG00000238297",5.37444789491383,-1.0277974467434,0.342069865049561,-3.00464189265691,0.00265893703642309,0.00798480883751396,"124901861","LOC124901861"
"ENSG00000238363",60.8931552625397,1.09907921655553,0.285833916035322,3.84516726286501,0.000120470235134644,0.000519179822015368,"654322","SNORA13"
"ENSG00000238531",10.414244768938,1.48604283934759,0.426114751482394,3.48742406635268,0.000487697389807815,0.0018029638625962,"100113382","SNORD105B"
"ENSG00000239183",44.5691362744627,1.0541083942728,0.298355245600836,3.53306472674884,0.000410771889001,0.00155185805482287,"100124534","SNORA84"
"ENSG00000239672",124.453465199094,1.02393854796516,0.154771928952507,6.61578979402246,3.69573218023525e-11,6.30728572876703e-10,"4830","NME1"
"ENSG00000239677",5.54235944880973,-1.10827178253064,0.373447738300837,-2.96767571166238,0.003000607223513,0.00886948276014045,"101927249","PDZRN3-AS1"
"ENSG00000239794",13.3221627229971,-1.45637515269072,0.334855630950958,-4.34926284068974,1.36595915733261e-05,7.47104252128949e-05,"106481101","RN7SL653P"
"ENSG00000239961",6.14638863140112,1.84628926573898,0.500054062547691,3.69217931423744,0.000222340607019769,0.000898150867883467,"23547","LILRA4"
"ENSG00000240038",162.394734664737,-1.01718413751911,0.163779293958471,-6.21070046728276,5.27489360062145e-10,7.20282420225837e-09,"280","AMY2B"
"ENSG00000240152",7.02699969223228,2.2396443523718,0.502049494229585,4.46100310450192,8.15769084059746e-06,4.70049586770764e-05,"105377249","LINC02271"
"ENSG00000240204",8.01450887615708,2.42900493220466,0.431164102250795,5.63359732297887,1.76488843819617e-08,1.80153260238679e-07,"100287482","SMKR1"
"ENSG00000240253",13.4995720085043,1.29544197085673,0.390770053816259,3.31510042339593,0.000916102074366073,0.00313226786701719,"100288897","FAR2P3"
"ENSG00000240498",28.2699018827792,1.15199104451554,0.256775546297341,4.48637364860887,7.24456468169902e-06,4.2193046894221e-05,"100048912","CDKN2B-AS1"
"ENSG00000240505",5.70181992952257,1.77507174828773,0.59905222897997,2.96313353396617,0.00304524430349534,0.00898703652316599,"23495","TNFRSF13B"
"ENSG00000240583",1083.86109037206,-2.21255060499835,0.220596136033259,-10.0298701726342,1.12664644554204e-23,1.46227442166902e-21,"358","AQP1"
"ENSG00000240654",7.13637156996424,-1.65194092624081,0.321190950424387,-5.14317394079165,2.70135297030899e-07,2.11848097895108e-06,"338872","C1QTNF9"
"ENSG00000240775",6.03946622085136,-1.88175234643774,0.365281254123947,-5.1515163321226,2.58388717859616e-07,2.03496794241502e-06,"100271107","RPS26P23"
"ENSG00000240972",82.9622103253923,1.25167932655587,0.20630542697094,6.06711779197249,1.30226049400405e-09,1.66195073271176e-08,"4282","MIF"
"ENSG00000241003",12.2074546364828,1.81351348856314,0.404826779581619,4.47972708336482,7.47385392616572e-06,4.33921494554708e-05,"100271359","RPS15AP26"
"ENSG00000241158",28.6969078775524,-2.61812775023917,0.386235972967564,-6.77857044263208,1.21370796671852e-11,2.27804999277508e-10,"101929335","ADAMTS9-AS1"
"ENSG00000241261",4.29572511538263,-1.19764637131958,0.499163870760746,-2.39930500076923,0.0164262261848062,0.0385421657150139,"100271150","RPL17P19"
"ENSG00000241354",3.38253380949584,1.32960126981113,0.503565427328201,2.64037441344153,0.00828144795180186,0.0214305478948133,"654371","RPS15AP4"
"ENSG00000241399",650.045582688086,-1.08486752276081,0.192787824699097,-5.62726159939853,1.83092950739691e-08,1.8601670509984e-07,"9936","CD302"
"ENSG00000241484",118.695397092047,1.1561386775469,0.267566223207665,4.32094404027069,1.55363074482257e-05,8.40190559877172e-05,"23779","ARHGAP8"
"ENSG00000241525",8.92538929853175,1.48914937494904,0.310842019040538,4.79069522050311,1.66204424973161e-06,1.10680719944928e-05,"105371430","LOC105371430"
"ENSG00000241644",143.712499959444,-2.28654715111783,0.289683955481866,-7.89324747832284,2.94422960298971e-15,1.04407530101649e-13,"11185","INMT"
"ENSG00000241684",154.726555404184,-1.58627536721479,0.255732735966668,-6.2028639439479,5.5444771076957e-10,7.55107747962041e-09,"100507098","ADAMTS9-AS2"
"ENSG00000241935",16.4915151901725,-2.03642202058284,0.327124087208099,-6.22522797988695,4.80856269545728e-10,6.63586764745773e-09,"112817","HOGA1"
"ENSG00000241963",3.97607087509915,1.41862157233896,0.409413402808616,3.46501009152869,0.000530211583118597,0.00194258747700671,"106481102","RN7SL655P"
"ENSG00000242125",9411.85715099024,1.46306562030097,0.22458553190823,6.51451412684416,7.29253189058912e-11,1.18386205638469e-09,"8420","SNHG3"
"ENSG00000242173",6.81156403233723,-1.7468611698218,0.440020572344989,-3.96995340584259,7.18866882586225e-05,0.000327661923409539,"398","ARHGDIG"
"ENSG00000242268",5.6564622322938,-2.55493517286186,0.456131012007544,-5.60131871239574,2.12727192075583e-08,2.13039060644213e-07,"100507661","LINC02082"
"ENSG00000242516",19.0020923354156,-1.20033589742082,0.36127943289667,-3.3224584300212,0.000892279654882356,0.00305685565282252,"401074","LINC00960"
"ENSG00000242670",2.9348529002592,1.27744766790018,0.481956748456055,2.65054420752998,0.00803622096539535,0.0209001326339778,"442108","RPL22P13"
"ENSG00000242810",4.36332603187557,-1.24412156856152,0.36812873889568,-3.37958283912759,0.00072595926148914,0.0025503384097625,"106480794","MRPL42P6"
"ENSG00000242889",6.2330311693389,1.44900360553348,0.407156360488899,3.55883819128743,0.000372498922370799,0.00142279679618911,"106481045","RN7SL449P"
"ENSG00000242986",8.54800109003622,-1.4743658441805,0.408184554160502,-3.61200792424097,0.000303835279368424,0.00118707949756856,"100271429","RPL21P99"
"ENSG00000243149",9.93860602395664,1.89292348092484,0.394126572456567,4.80283140800775,1.5643759721374e-06,1.04686959228519e-05,"102724763","LINC02040"
"ENSG00000243244",197.26530418497,-1.43902123836757,0.229937359507923,-6.25831853269579,3.89150360690846e-10,5.46616585159831e-09,"11037","STON1"
"ENSG00000243364",61.1294331801162,1.53017171616084,0.244824357037436,6.25007958634958,4.10243583837228e-10,5.72224768900955e-09,"1945","EFNA4"
"ENSG00000243422",4.82186350534108,-1.64819190561716,0.374596024735844,-4.39991830340279,1.08291639780389e-05,6.05304561890467e-05,"653236","RPL23AP49"
"ENSG00000243478",6.51839703112815,1.69289817457009,0.483101457358341,3.50422907814658,0.000457931252731795,0.00170691835990981,"344454","AOX2P"
"ENSG00000243627",15.2854303925902,1.81881207447517,0.611179320370147,2.97590578387641,0.00292124593543812,0.00866031315579063,"107983987","LOC107983987"
"ENSG00000243627",15.2854303925902,1.81881207447517,0.611179320370147,2.97590578387641,0.00292124593543812,0.00866031315579063,"388820","SMIM34"
"ENSG00000243649",72.3517511550216,2.75702935992808,0.320030028993123,8.61490832157919,6.99975838036407e-18,3.79331373773467e-16,"629","CFB"
"ENSG00000243806",9.05703355905553,-1.29269919002895,0.317042747047722,-4.07736559838214,4.5548843030894e-05,0.000218631077551026,"100270852","RPL7P18"
"ENSG00000243836",15.0024536559049,-1.12571858146797,0.243959336916901,-4.61436973757401,3.94289971053537e-06,2.42995704382899e-05,"100131176","WDR86-AS1"
"ENSG00000243955",12.3920038367983,-1.50294651145684,0.5329777405679,-2.81990484228369,0.00480378924559115,0.0134125805353399,"2938","GSTA1"
"ENSG00000244004",9.64710924748909,1.16338051263134,0.457530588881813,2.5427382144538,0.0109987599642447,0.0273342088225816,"728700","RPS3AP19"
"ENSG00000244356",12.3507561038366,-1.34162570579834,0.330227343886482,-4.06273353989587,4.85013833802785e-05,0.000231093779329161,"106481032","RN7SL398P"
"ENSG00000244402",242.993828219398,2.20271993704729,0.402157946075476,5.4772508128781,4.3198471088117e-08,4.05843616541926e-07,"106481836","RN7SL314P"
"ENSG00000244476",6.59037866564768,-2.00818814401827,0.432736992493074,-4.64066668404923,3.47286913371016e-06,2.17121235483739e-05,"405754","ERVFRD-1"
"ENSG00000244731",434.711711625076,2.73859677557785,0.315651091632682,8.6760250421206,4.09841958090472e-18,2.30773916444956e-16,"110384692","C4A_2"
"ENSG00000244731",434.711711625076,2.73859677557785,0.315651091632682,8.6760250421206,4.09841958090472e-18,2.30773916444956e-16,"720","C4A"
"ENSG00000244734",2863.80275730597,-4.54453954738012,0.443693427181377,-10.2425216804538,1.27859642779866e-24,2.1140003868024e-22,"3043","HBB"
"ENSG00000245080",4.8569207173998,1.68132480895886,0.516443720672909,3.25558186043612,0.00113160270085549,0.00377365659157333,"105375650","MIR3150BHG"
"ENSG00000245293",7.2393161683835,-2.00861740505625,0.407510924628058,-4.92899032557116,8.26556669059677e-07,5.86222896597024e-06,"107986298","LOC107986298"
"ENSG00000245293",7.2393161683835,-2.00861740505625,0.407510924628058,-4.92899032557116,8.26556669059677e-07,5.86222896597024e-06,"101929595","CYP2U1-AS1"
"ENSG00000245614",11.3011200747965,1.00135860286953,0.303341490044388,3.30109344001378,0.000963088022164212,0.00327265857826137,"100506660","DDX11-AS1"
"ENSG00000245694",341.271635363945,1.25305679677414,0.201694095947658,6.21265977512463,5.2095165104415e-10,7.12104421158717e-09,"643911","CRNDE"
"ENSG00000245694",341.271635363945,1.25305679677414,0.201694095947658,6.21265977512463,5.2095165104415e-10,7.12104421158717e-09,"101927480","LOC101927480"
"ENSG00000245750",61.2508121079698,1.89479553432784,0.314108023836925,6.03230541895217,1.61636914467435e-09,2.01525985866747e-08,"145837","DRAIC"
"ENSG00000245750",61.2508121079698,1.89479553432784,0.314108023836925,6.03230541895217,1.61636914467435e-09,2.01525985866747e-08,"414926","LINC00593"
"ENSG00000245750",61.2508121079698,1.89479553432784,0.314108023836925,6.03230541895217,1.61636914467435e-09,2.01525985866747e-08,"104472713","PCAT29"
"ENSG00000245812",57.5631698555841,-2.86237068559955,0.279575431123977,-10.2382769261661,1.3359436177778e-24,2.18103298303623e-22,"101927740","LINC02202"
"ENSG00000245832",5.69028321598688,1.57979968411376,0.387709840639377,4.07469586407324,4.60745213889257e-05,0.000220868407426359,"101928989","MIR4300HG"
"ENSG00000245848",10.6339593237241,-2.75846067641411,0.388181376026956,-7.10611288116654,1.1935680542949e-12,2.68247961501187e-11,"1050","CEBPA"
"ENSG00000245888",20.1071033299203,1.01535742133091,0.249854691187482,4.06379170431114,4.82819158964343e-05,0.000230217024080541,"400512","NSMCE1-DT"
"ENSG00000246090",64.0452225075883,-1.0661105347314,0.256720907814353,-4.15279980040562,3.2843205264126e-05,0.000163479179721224,"100507053","LOC100507053"
"ENSG00000246363",3.66617682286114,-1.34550897249358,0.551953406747647,-2.43772201791799,0.0147801349586672,0.0351984168125764,"728084","LINC02458"
"ENSG00000246430",38.891094907411,-2.91262770757563,0.346211978487024,-8.41284498677389,4.00183681007672e-17,1.92369777622169e-15,"100507632","LINC00968"
"ENSG00000246465",7.08829958031112,2.44545746070634,0.467899059311876,5.22646372553687,1.7278269766157e-07,1.4261027872493e-06,"124903670","LOC124903670"
"ENSG00000246523",14.6450858563846,-1.13350090030094,0.27621811124992,-4.10364438150602,4.0669244738553e-05,0.000197510244139075,"100506368","FZD4-DT"
"ENSG00000246662",104.372554865825,-1.37697861606682,0.20055840480943,-6.86572381434333,6.61549548729852e-12,1.30788295399311e-10,"642924","CIBAR1-DT"
"ENSG00000246790",5.46223841945534,1.68341371019406,0.493320288213329,3.41241532208401,0.000643899283162025,0.00229466468867653,"105369536","SORL1-AS1"
"ENSG00000246792",8.80384435112071,-1.09230102839922,0.459263637002883,-2.37837472944186,0.0173891443043582,0.0404650298388641,"124906712","LOC124906712"
"ENSG00000246985",33.5349828724471,-1.41651258882587,0.251742821423485,-5.62682415655854,1.83557675265915e-08,1.86270138176412e-07,"144481","SOCS2-AS1"
"ENSG00000247809",100.865167183861,-1.00596885383358,0.195925813933834,-5.1344375385538,2.82989055424866e-07,2.20993679323666e-06,"644192","NR2F2-AS1"
"ENSG00000248309",27.5068556550359,-1.00878300875069,0.248294564730958,-4.06284773025044,4.84776544048028e-05,0.000231023123377982,"101929423","MEF2C-AS1"
"ENSG00000248329",13.7854835278805,1.34213195444163,0.508772310553458,2.6379815225825,0.00834011260442934,0.0215587176843036,"100506013","APELA"
"ENSG00000248332",4.93310771158003,-1.79058880987684,0.58671104736175,-3.05190914322909,0.00227390917780842,0.00697708444888309,"101927917","TUB-AS1"
"ENSG00000248339",7.96955729100803,-2.86497783689941,0.530723726930918,-5.39824713220771,6.72951300200416e-08,6.07598951325301e-07,"101928288","LINC02504"
"ENSG00000248360",172.055468821637,1.79425222162655,0.248876347598252,7.20941238065305,5.61938420057167e-13,1.33946717243746e-11,"201853","LINC00504"
"ENSG00000248405",11.0279226933741,1.43377400644554,0.335586768917635,4.27243902097176,1.93346436577094e-05,0.000102259307267079,"553158","PRR5-ARHGAP8"
"ENSG00000248441",18.5140258842694,-1.54705068715598,0.310091184957715,-4.98901859260185,6.06868066916504e-07,4.43998908709657e-06,"400456","LETR1"
"ENSG00000248468",6.89302976512412,-2.1110646247076,0.376318101956941,-5.60978760715887,2.0257507655916e-08,2.03736684902079e-07,"105374114","LOC105374114"
"ENSG00000248485",6.40912606429282,-1.30179634039848,0.398258245568621,-3.26872413787646,0.00108033573847796,0.00362504590219892,"654790","PCP4L1"
"ENSG00000248771",10.6911013968024,1.39216935987429,0.571711160963991,2.43509214955133,0.0148879976891007,0.0354292852964499,"100505989","SMIM31"
"ENSG00000248869",17.8477347970857,-2.5555185327401,0.372789536814397,-6.85512408577185,7.12506455931213e-12,1.40009406382002e-10,"105377441","LINC02511"
"ENSG00000248896",3.09743004018887,-1.58003534163448,0.59664503537307,-2.64819993121457,0.00809216522721483,0.0210285324418521,"102723313","SOX7-AS1"
"ENSG00000249001",6.26268404427683,2.53897163144969,0.467491998678303,5.43104831446931,5.60239626980141e-08,5.13513426453055e-07,"138842265","DMP1-AS1"
"ENSG00000249042",98.581722085277,1.6268807698674,0.206078527200948,7.8944700933398,2.91551293796796e-15,1.03530622221303e-13,"121232370","FAM151B-DT"
"ENSG00000249066",17.6039838132375,2.53167848156264,0.462822290439726,5.47008762079566,4.49813144387381e-08,4.20094741250174e-07,"105377248","LINC02496"
"ENSG00000249087",30.7731897522509,-1.05244384559021,0.18479054031922,-5.69533399151354,1.2313064151739e-08,1.30086495421588e-07,"148898","ZNF436-AS1"
"ENSG00000249267",20.982837228034,1.07280765185013,0.422827095357095,2.53722541348514,0.0111734983398278,0.0276915858225368,"400084","LINC00939"
"ENSG00000249306",59.1395000458193,2.2782014624414,0.597977451240841,3.80984509986787,0.000139053885901421,0.000590279766186276,"101928176","LINC01411"
"ENSG00000249346",19.1592915263907,2.10011643310367,0.506355592282552,4.14751306218769,3.36106299600096e-05,0.000166787370006104,"100507584","LINC01016"
"ENSG00000249464",35.5900177569833,-1.0075950834731,0.287574241908728,-3.50377376216085,0.000458714887221542,0.00170875802148508,"285419","LINC01091"
"ENSG00000249521",9.50443445208051,-1.33571791311201,0.335717579034669,-3.97869517870576,6.92945133428091e-05,0.000317127464272327,"101929153","LINC02114"
"ENSG00000249751",78.7527303501822,-1.62685760677735,0.254434877504718,-6.39400393032666,1.61597272033046e-10,2.44022221491205e-09,"641700","ECSCR"
"ENSG00000249784",92.7949197676107,1.89053585098388,0.312632003940306,6.04716032637804,1.47421039961407e-09,1.85945352542186e-08,"677770","SCARNA22"
"ENSG00000249859",313.868119686153,1.49870404225134,0.258784122711827,5.79132918413333,6.98315569493738e-09,7.74321894614201e-08,"5820","PVT1"
"ENSG00000249885",14.601935149523,1.63545923724475,0.510270383433366,3.20508359948412,0.00135023257335731,0.00441872631608788,"100874374","ARHGEF38-IT1"
"ENSG00000249917",21.1096997380582,1.91766583995363,0.328652983784326,5.83492599967408,5.38144455731924e-09,6.10273210217967e-08,"100859921","LINC00536"
"ENSG00000249941",15.7522997546011,-1.22329356575575,0.298910560484426,-4.09250701538691,4.26734329802664e-05,0.000206355620957853,"105374629","LOC105374629"
"ENSG00000249992",7.69614920714109,1.28447860237917,0.381515930379394,3.36677580173869,0.000760524907676187,0.00265702631944259,"25907","TMEM158"
"ENSG00000250084",33.0853280424404,-4.36032842806544,0.461390240265948,-9.45041322406846,3.37495684418663e-21,2.97983434562573e-19,"107987327","LOC107987327"
"ENSG00000250148",4.15053735327264,-1.25924537159088,0.438431088616934,-2.87216259130544,0.00407673159161852,0.0116073048870499,"728167","KRT8P31"
"ENSG00000250308",3.41675603160327,-3.25418680932771,0.557638169887775,-5.83566008399786,5.35780263726265e-09,6.07857696057971e-08,"100419717","SALL4P1"
"ENSG00000250334",15.9870250545386,-1.85633050232674,0.336619078228377,-5.51463248041849,3.49509548239256e-08,3.34657648587038e-07,"100506035","LINC00989"
"ENSG00000250423",9.85473668537517,1.43831529986669,0.488141788285987,2.94651130958702,0.0032138066637091,0.00941686345824144,"57481","KIAA1210"
"ENSG00000250475",4.61031820308773,2.63343819153366,0.725618056779015,3.62923464614892,0.000284262766482418,0.00111869206979239,"100132922","RPL6P11"
"ENSG00000250479",96.9594979614898,-1.14183121928913,0.19106184679902,-5.97623878560243,2.28348225499945e-09,2.76467501750353e-08,"400916","CHCHD10"
"ENSG00000250510",36.2577272926686,1.02083732991868,0.241723072072745,4.2231687739409,2.40891291458222e-05,0.000124191780410576,"27239","GPR162"
"ENSG00000250584",3.87920301033414,1.95427082578887,0.771049354119235,2.53455996733338,0.0112588654688375,0.027884517683435,"100506791","LINC01511"
"ENSG00000250696",20.5509687281921,2.20424002118729,0.63168137045972,3.48948081147795,0.000483959802184972,0.00179158992371898,"105377267","LOC105377267"
"ENSG00000250722",4321.12897615365,-1.21567423380515,0.231624262512791,-5.24847535666959,1.53363150772422e-07,1.27965305938622e-06,"6414","SELENOP"
"ENSG00000250927",18.7292523956865,-2.44308959373037,0.290072377890273,-8.42234483510362,3.69023015141302e-17,1.78050175223753e-15,"645641","MESTP3"
"ENSG00000250942",4.55068179732445,1.44944249414785,0.574446775171722,2.5231971991044,0.0116293166132114,0.0286788714274883,"100421806","ENPP7P11"
"ENSG00000251002",34.9457632122349,1.34232748823699,0.240371135973461,5.5843954924155,2.34514486194899e-08,2.33059993592925e-07,"105370401","TRD-AS1"
"ENSG00000251056",6.43264701509564,-1.20901817831036,0.441499838831499,-2.73843401961421,0.00617325462267915,0.0166800607364948,"100421363","ANKRD20A17P"
"ENSG00000251141",583.256791255621,2.38406451855947,0.367623127557617,6.48507762392021,8.86861131522696e-11,1.41407501548318e-09,"100506674","MRPS30-DT"
"ENSG00000251165",13.9173482117455,-1.89796736514788,0.319513097991256,-5.94018641827264,2.84698146311834e-09,3.39155322715126e-08,"285441","F11-AS1"
"ENSG00000251175",4.7421486674609,1.24892854589104,0.456756450863138,2.73434243464087,0.00625050027288058,0.0168642018587916,"101929529","GSTCD-AS1"
"ENSG00000251191",3.84022217042685,1.40212722389472,0.521245837951768,2.68995380261332,0.00714619110752734,0.018919003444079,"619351","LINC00589"
"ENSG00000251252",4.48274604445708,1.68778141439049,0.439679861599152,3.83865981091762,0.000123707686377522,0.000531656311752932,"100873235","MTND2P31"
"ENSG00000251307",4.48191819017962,1.50350309428449,0.430890944751106,3.48928914055725,0.000484306981059201,0.00179261950867457,"121009647","CCNO-DT"
"ENSG00000251321",5.46274504775332,1.13163773992683,0.383114588747324,2.95378399352258,0.00313903636551427,0.00922798482174626,"118425","PCAT4"
"ENSG00000251322",552.12826949816,-1.65383338529163,0.190674923005539,-8.6735757341493,4.1875841290647e-18,2.35284218230003e-16,"85358","SHANK3"
"ENSG00000251350",8.43599756382538,1.48832582789672,0.367085071501754,4.0544438971815,5.02537091261147e-05,0.000238044850637899,"100506827","LINC02475"
"ENSG00000251359",8.93873379602509,-1.41360247475617,0.28391613825761,-4.97894372412725,6.39322270951357e-07,4.65382151131669e-06,"152641","WWC2-AS2"
"ENSG00000251442",29.9345805791126,1.39981430139446,0.19284385608848,7.25879646770912,3.90549610030716e-13,9.5460327468713e-12,"101928893","LOC101928893"
"ENSG00000251611",5.22184858733437,1.58233989577936,0.406017332379579,3.8972225311309,9.73022037471846e-05,0.000429114951557835,"105377486","FHIP1A-DT"
"ENSG00000251718",3.55217548506336,1.98570345503846,0.658112267752564,3.01727159990436,0.00255061170514217,0.00770138171944638,"106480203","RNU2-13P"
"ENSG00000251733",20.3636673164101,1.49075713703725,0.329711574234117,4.52139765035579,6.14326613860152e-06,3.63333111018041e-05,"677776","SCARNA8"
"ENSG00000251869",20.6857085392055,1.41674239273225,0.330080756985854,4.29210840907326,1.76984496241012e-05,9.42585874727982e-05,"677773","SCARNA23"
"ENSG00000251898",33.7154117796028,1.78440932345056,0.35591215390409,5.01362289507939,5.34146241476847e-07,3.95475417463092e-06,"677780","SCARNA11"
"ENSG00000251956",4.22200968704239,1.96827682566317,0.639094174229397,3.07979153156335,0.00207145530274415,0.00643345737600294,"106479839","RNU6-617P"
"ENSG00000252213",68.1226711670779,1.07393657259754,0.327697192853298,3.2772223748597,0.00104833769012542,0.00353366442803214,"109616975","SNORA74D"
"ENSG00000252637",2.59537134623638,1.1689190579352,0.431677129942986,2.70785496115947,0.00677196101376397,0.018075739228307,"100873521","RNA5SP268"
"ENSG00000252835",922.677592421819,1.0195900524409,0.206234177061632,4.94384619934357,7.65961402688061e-07,5.47133354182077e-06,"677763","SCARNA21"
"ENSG00000252947",107.290469078049,1.01546655190307,0.295350847377621,3.4381704366832,0.00058565895078131,0.00211469398308266,"677774","SCARNA1"
"ENSG00000253006",3.47880592806806,-1.8398807867624,0.519856457792584,-3.53920925513728,0.000401327586898834,0.0015186095482099,"106479221","RN7SKP283"
"ENSG00000253007",80.4067900209828,1.1592306843688,0.305057857206149,3.80003549158031,0.000144675365932112,0.000611045094185775,"109616998","SNORA50B"
"ENSG00000253161",9.45907037332016,1.12630393356054,0.369706262081236,3.04648324651058,0.00231535381806168,0.007079980493491,"100507420","LINC01605"
"ENSG00000253177",6.54281218637278,-2.76931122963005,0.47531865683641,-5.82622034670767,5.66967476520207e-09,6.39328486338468e-08,"101926956","LOC101926956"
"ENSG00000253250",33.6325505116427,-1.1603685449838,0.227849822718625,-5.09269013747164,3.53018393121418e-07,2.70953620598633e-06,"100127983","C8orf88"
"ENSG00000253293",67.7023389834927,-1.63083618263432,0.373824282271655,-4.36257423601287,1.28540947917999e-05,7.07670397890863e-05,"3206","HOXA10"
"ENSG00000253304",91.3933669063005,-1.66385561277093,0.237564204955265,-7.00381445548267,2.4908594347875e-12,5.28681350843941e-11,"399474","TMEM200B"
"ENSG00000253305",53.3569197099342,-1.00357730954246,0.177363463660825,-5.65830915132341,1.52871583018333e-08,1.57971359553737e-07,"56100","PCDHGB6"
"ENSG00000253313",43.2789270728681,1.90822625007283,0.37089092316364,5.14497964467819,2.67549819764011e-07,2.09947346476245e-06,"149466","C1orf210"
"ENSG00000253434",26.30877439226,-3.04597310185582,0.411818590624945,-7.39639533327886,1.39931004344869e-13,3.73312334099087e-12,"105375707","LOC105375707"
"ENSG00000253434",26.30877439226,-3.04597310185582,0.411818590624945,-7.39639533327886,1.39931004344869e-13,3.73312334099087e-12,"105375706","LINC02237"
"ENSG00000253485",45.7658810206956,-1.09804171894555,0.211321492444814,-5.19607213749115,2.03543301130212e-07,1.64415482685872e-06,"56110","PCDHGA5"
"ENSG00000253490",23.177905214181,1.80921961570536,0.34377119799291,5.26285979240959,1.41831740345909e-07,1.19457116025279e-06,"101929450","LINC02099"
"ENSG00000253591",3.23034992995759,1.31678544738487,0.494253178911009,2.66419216622168,0.00771734631056985,0.0202064631359464,"105377716","KCNIP1-AS1"
"ENSG00000253632",5.99092411149549,2.77910273819871,0.540126957272726,5.14527686644506,2.67126543333364e-07,2.09696804568357e-06,"105379350","LOC105379350"
"ENSG00000253641",44.8240300605672,-1.12565437278721,0.175993414168454,-6.39600281695639,1.59497061922822e-10,2.41271837610293e-09,"101929191","LINC03022"
"ENSG00000253647",5.75490315556451,-1.27844279515605,0.410631020486888,-3.11336146411975,0.0018496932523501,0.00581709927847153,"101928033","KCNIP1-OT1"
"ENSG00000253686",13.2922918515882,-1.51395746512138,0.413042643523654,-3.66537811254997,0.00024697341754937,0.000985842837574434,"101928136","LINC01484"
"ENSG00000253767",32.6116952687986,-1.055133409968,0.327081725488271,-3.22590144219425,0.00125576591697891,0.00413774710242938,"9708","PCDHGA8"
"ENSG00000253773",8.08602364075487,1.45324325210614,0.403359724838098,3.60284669643071,0.000314751177247213,0.00122530159852777,"100616530","CFAP418-AS1"
"ENSG00000253802",45.9430490587927,3.21504026121863,0.801794966597806,4.00980349734641,6.0769298910937e-05,0.000282292315878687,"112543493","SIRLNT"
"ENSG00000253887",14.5162981403978,-1.10463135858596,0.204423018807759,-5.40365446625539,6.52966738926255e-08,5.90994093760381e-07,"112268404","LOC112268404"
"ENSG00000253953",36.5290412764149,-1.14507657672686,0.242588502097135,-4.72024257880267,2.35563549540728e-06,1.52487746109182e-05,"8641","PCDHGB4"
"ENSG00000253973",4.68606288147733,1.20858006944473,0.445128507580126,2.71512619134414,0.0066250520885629,0.0177310137246021,"105376541","NRIP3-DT"
"ENSG00000254024",8.95964209008456,1.30148729664985,0.389132340088179,3.34458784986858,0.000824049274374772,0.00285475391221411,"107986962","GRHL2-DT"
"ENSG00000254119",5.91989724456093,1.43837598099724,0.545062934934091,2.63891724938363,0.00831712799496137,0.0215100137982671,"101929628","LINC02842"
"ENSG00000254119",5.91989724456093,1.43837598099724,0.545062934934091,2.63891724938363,0.00831712799496137,0.0215100137982671,"111082988","LINC02155"
"ENSG00000254122",85.6043104836638,-1.26933767143227,0.175083698081833,-7.24989068279213,4.17108142412767e-13,1.0137914944523e-11,"56099","PCDHGB7"
"ENSG00000254153",4.54285034658419,1.25312654507442,0.405292211276631,3.09190877645339,0.00198873954596015,0.00620604544725244,"123466212","LINC02950"
"ENSG00000254211",14.6572188355752,-2.29315028368734,0.448420619017821,-5.1138377372344,3.15678554406372e-07,2.44316753586184e-06,"101928154","LINC01485"
"ENSG00000254221",27.3945463677612,-1.04335251903008,0.264323299708105,-3.94725898239869,7.90510319473984e-05,0.000356498729550134,"56104","PCDHGB1"
"ENSG00000254231",23.3245722685326,1.35844212286414,0.28390495665668,4.78484820716559,1.71116602536248e-06,1.1354408917781e-05,"105375624","WWP1-AS1"
"ENSG00000254237",41.0011307152369,-1.08993347396797,0.160316019425019,-6.79865604121827,1.05599596390213e-11,2.00523359407254e-10,"105379230","LOC105379230"
"ENSG00000254245",24.138771624345,-1.42328183302425,0.240047311019685,-5.92917215768157,3.04465743367292e-09,3.60388589435849e-08,"56112","PCDHGA3"
"ENSG00000254285",134.534543206401,2.21480963331973,0.355735753234801,6.22599672138621,4.78504071273165e-10,6.60691951176e-09,"728638","KRT8P3"
"ENSG00000254319",6.96007601421756,-1.22096033071926,0.414923551167974,-2.94261515713524,0.00325452717692144,0.00951469945472764,"101927815","LINC03021"
"ENSG00000254369",6.78553546948256,-1.39873378343464,0.499072311707647,-2.80266757065458,0.00506818797831916,0.0140450542907237,"100133311","HOXA-AS3"
"ENSG00000254389",8.52027664810956,1.55210000971036,0.365087007169217,4.25131538299572,2.12518652651886e-05,0.000111108946335099,"78998","RHPN1-AS1"
"ENSG00000254528",6.3712438152039,-1.9525660332859,0.520126079597114,-3.75402447575469,0.000174017860533856,0.000721475103615689,"123706543","FXYD6-AS1"
"ENSG00000254703",4.37736657760362,-1.4652752704105,0.44948702257709,-3.25988337106928,0.00111458035895634,0.00372502600203279,"100507392","SENCR"
"ENSG00000254726",94.2110887535834,1.62651504612297,0.311575689609607,5.22028868221694,1.78644442882795e-07,1.46748495200999e-06,"92312","MEX3A"
"ENSG00000254815",51.5209108920077,2.27234279982736,0.319934510194836,7.1025248212315,1.22498020487927e-12,2.73884893697296e-11,"692247","LMNTD2-AS1"
"ENSG00000254827",6.13983460947234,1.52411014999485,0.482040138217526,3.16179095714033,0.00156802083853651,0.00504495351099787,"5003","SLC67A1-AS"
"ENSG00000254862",6.66577932730188,-1.69895279976924,0.41008225544229,-4.14295614409567,3.42857528865752e-05,0.000169683426774017,"105376671","LGR4-AS1"
"ENSG00000254877",8.40387368439547,1.38362262914346,0.444591456600991,3.11212149626444,0.0018574803652725,0.00583875942380037,"100422398","LOC100422398"
"ENSG00000254951",26.8568412563367,-1.55283948213603,0.519159752905051,-2.99106291165068,0.00278008211929533,0.00829964021307281,"283299","LOC283299"
"ENSG00000255203",5.44342849105604,-2.54015482026303,0.427351088288451,-5.9439530865275,2.78229259368216e-09,3.32058625962306e-08,"8587","OR7E2P"
"ENSG00000255240",32.7296691393922,1.66257270630637,0.434527640389217,3.82616098901594,0.000130157186792886,0.000556426260666951,"283194","GLYATL1-AS1"
"ENSG00000255248",306.119584225462,-1.12513463737236,0.184843170599086,-6.0869689354805,1.15068285633923e-09,1.48308965168092e-08,"399959","MIR100HG"
"ENSG00000255306",4.98770488348611,1.55118425135223,0.409797635831329,3.78524451027017,0.000153557523184403,0.000644991292365812,"131840634","GLTC1"
"ENSG00000255323",8.4382724962405,-1.34678901490539,0.24753044644805,-5.44090245960124,5.30113349529826e-08,4.88834185687219e-07,"102723378","LINC01495"
"ENSG00000255353",7.49401131731331,-1.60761996442632,0.367950788679876,-4.36911677834445,1.24750047530416e-05,6.88991858254156e-05,"341230","ASS1P13"
"ENSG00000255367",15.0886270156093,1.56545066459776,0.363259101780469,4.30946026383068,1.6365345882569e-05,8.79163179676588e-05,"101927708","LOC101927708"
"ENSG00000255398",21.9282243410349,-1.30797959985458,0.254864218292741,-5.13206447188368,2.86581292986785e-07,2.23529964042998e-06,"8843","HCAR3"
"ENSG00000255693",11.3909772698997,1.63464137580911,0.381812405932776,4.28126836742154,1.85831087886546e-05,9.86664630672727e-05,"400046","LINC02389"
"ENSG00000255733",11.5045773449264,1.01042652203222,0.434890609566654,2.32340386250018,0.0201574668148393,0.0459150161091258,"100885789","IFNG-AS1"
"ENSG00000255774",10.4345875635893,2.4228413143704,0.474349620588469,5.10771213723049,3.26082914530021e-07,2.51693734622964e-06,"105379407","LINC02747"
"ENSG00000255920",8.94264318626045,1.13887465915535,0.284910416241987,3.9973079053314,6.40669436974981e-05,0.0002953907148312,"103752584","CCND2-AS1"
"ENSG00000255970",3.73290561754915,-1.06412502791942,0.448767986171772,-2.37121421471476,0.017729751983417,0.041139617590555,"101927901","LINC02421"
"ENSG00000255993",9.35548144690956,-1.21080148327461,0.460091431162801,-2.63165406105155,0.00849703330328249,0.0219076271838108,"643668","PSMC1P9"
"ENSG00000256166",9.06513182990023,2.40436003185347,0.610396595426505,3.93901284815236,8.18175492467333e-05,0.000367125314320951,"105375015","LINC02571"
"ENSG00000256508",4.64232957248677,-2.28718011672448,0.610475021733978,-3.74655806592713,0.000179277519746547,0.000740796857303546,"101928200","MRGPRF-AS1"
"ENSG00000256762",5.37794602333049,1.59088245570688,0.433571208400847,3.66925299669823,0.000243260248173088,0.000973577215845534,"246744","STH"
"ENSG00000256789",13.6138935662524,-1.38095075157724,0.264009162996008,-5.2306925104646,1.68876208872713e-07,1.39563471184905e-06,"139225793","LNCROPM"
"ENSG00000257017",21.10381788526,-1.00938788311723,0.300895846667753,-3.35460889306254,0.000794772653825387,0.00276365821138639,"3240","HP"
"ENSG00000257084",14.9951080380524,2.07685793277436,0.300777781464546,6.9049579482292,5.02183014644765e-12,1.01603013984013e-10,"105369635","MIR200CHG"
"ENSG00000257108",16.7548082633767,1.06487522718406,0.259450529796812,4.10434786168299,4.05456989470911e-05,0.000196947090806248,"283948","NHLRC4"
"ENSG00000257219",7.45589516373915,-1.20327998325396,0.310969001971776,-3.86945314685474,0.000109079740141024,0.000475481426461916,"105369848","LNCOG"
"ENSG00000257259",4.10758913815966,-1.89005483186426,0.533844726494079,-3.54045799848361,0.000399433207396602,0.00151210255178664,"101927653","LINC02388"
"ENSG00000257545",5.87978068203665,-1.06440739793198,0.39416990904557,-2.70037710516588,0.00692609202945351,0.0184151896856042,"100287944","LOC100287944"
"ENSG00000257545",5.87978068203665,-1.06440739793198,0.39416990904557,-2.70037710516588,0.00692609202945351,0.0184151896856042,"100505978","LOC100505978"
"ENSG00000257550",7.81955166968354,1.36917543904432,0.458074194169631,2.98898182100451,0.00279908785074715,0.00834486303315661,"100652999","ATF7-AS1"
"ENSG00000257743",68.8033463180311,-1.33249182908211,0.306583408505516,-4.34626203543607,1.38477129705174e-05,7.56277999765815e-05,"93432","MGAM2"
"ENSG00000257817",6.63615521959912,1.24115120359629,0.460623439122683,2.69450292403753,0.00704937081029372,0.0186931829087347,"105370000","TBX3-AS1"
"ENSG00000257859",16.8697232927399,-2.28114371876142,0.346185700446823,-6.5893643666308,4.41713544091805e-11,7.43144345116799e-10,"101929110","CASC18"
"ENSG00000258227",41.5567597892356,3.40930026255231,0.369749572218394,9.22056580646589,2.95536580001238e-20,2.31768536062602e-18,"23601","CLEC5A"
"ENSG00000258331",4.1418484288505,2.5855672229704,0.558757494704817,4.62735130619825,3.7037196450522e-06,2.2961823392946e-05,"105369740","LINC02461"
"ENSG00000258479",6.12414794230558,-1.57904286641318,0.475635850383891,-3.31985670369195,0.000900636643598314,0.00308426464307718,"283553","LINC00640"
"ENSG00000258498",37.2768489569567,-1.24379308555463,0.258962594438224,-4.8029835670006,1.56318718953457e-06,1.04634381294323e-05,"64150","DIO3OS"
"ENSG00000258545",36.547146933555,-3.76167555436372,0.392688393284612,-9.57928886794813,9.77154050434082e-22,9.32535472101761e-20,"101928969","RHOXF1-AS1"
"ENSG00000258551",10.7016735618312,1.34366072405061,0.568745360919246,2.36249966396014,0.0181521578968473,0.0419656337862393,"101926928","CRAT37"
"ENSG00000258572",5.15949553161726,-2.34236835390137,0.459252928343081,-5.10038849910506,3.38957015038989e-07,2.61009973194366e-06,"101929107","SYNE3-AS1"
"ENSG00000258573",5.57081756393457,1.22036344709171,0.376667361943187,3.23989697646216,0.00119572893656963,0.00396003211730984,"254028","RNASE11-AS1"
"ENSG00000258819",11.6418685265647,-1.74124933929956,0.364405342093596,-4.77833099069203,1.76756244728479e-06,1.17017051789387e-05,"102724190","LINC02289"
"ENSG00000258867",5.7653530572124,1.10758222867517,0.404594636370833,2.73751090377781,0.00619060678284765,0.0167217243360207,"283587","HISLA"
"ENSG00000258912",9.52145698862684,1.14023503171669,0.260380324824397,4.37911363881152,1.19162984871709e-05,6.61654066588196e-05,"102724380","LINC02316"
"ENSG00000258947",7.87479633391203,1.60634678875557,0.430020141928946,3.73551522854246,0.000187331241980874,0.000770518836846699,"10381","TUBB3"
"ENSG00000259000",31.5743045375235,-1.82608639933699,0.293619591276002,-6.21922532962208,4.99615387378809e-10,6.8691823228703e-09,"100132537","DOCK11P1"
"ENSG00000259065",13.3635360181069,-1.05118046831216,0.21901792382832,-4.79951800262766,1.59047939613272e-06,1.06324141552442e-05,"100506476","MIDEAS-AS1"
"ENSG00000259070",68.8993890910589,-1.94013849879424,0.262450694352125,-7.39239232566556,1.44210270478453e-13,3.83153551799355e-12,"283547","LINC00639"
"ENSG00000259129",5.00354474438166,-1.75149802679177,0.463341716686514,-3.78014317233774,0.000156738202686039,0.000656757104975658,"100506433","LINC00648"
"ENSG00000259134",10.7022941315206,-1.46139640393344,0.347931184721749,-4.20024553160464,2.66625681793554e-05,0.000136027308333276,"145820","LINC00924"
"ENSG00000259153",7.6666356457944,1.92950517367564,0.355876894053327,5.42183324041968,5.89909015260653e-08,5.38237547210405e-07,"100506411","MAP3K9-DT"
"ENSG00000259225",5.81536816477483,1.33735048989855,0.403693030996524,3.31279062855574,0.000923701003831943,0.00315368021274097,"101928227","LINC02345"
"ENSG00000259345",51.042706074164,2.22976077999321,0.36888759335183,6.04455346338133,1.49824367479432e-09,1.88610132445737e-08,"105370777","LOC105370777"
"ENSG00000259426",17.2561601911053,1.02745452044837,0.205733492312833,4.9941043089185,5.9109446136239e-07,4.33313471562974e-06,"105370876","LINC02896"
"ENSG00000259426",17.2561601911053,1.02745452044837,0.205733492312833,4.9941043089185,5.9109446136239e-07,4.33313471562974e-06,"145694","KIF23-AS1"
"ENSG00000259448",8.44156319855494,-1.40734959773452,0.301368048269218,-4.66986996736066,3.01390449198498e-06,1.91096562781988e-05,"102725022","LINC02352"
"ENSG00000259495",12.6397054050672,2.5003687812811,0.493686158686278,5.0646928970719,4.09059247922704e-07,3.09934616391639e-06,"101929560","ARNT2-DT"
"ENSG00000259511",5.26162768192385,-1.57951501234743,0.344737975465015,-4.58178420934576,4.6102549419717e-06,2.80527420965076e-05,"100421766","UBE2Q2P7"
"ENSG00000259571",4.7602473085723,-1.08174969022844,0.372197073545545,-2.90638956379668,0.00365625936853284,0.0105489808478799,"414899","BLID"
"ENSG00000259719",6.87618016415006,-1.20746263494364,0.365403462111221,-3.3044641338842,0.000951581507372304,0.00323652420969212,"102723699","LINC02284"
"ENSG00000259807",16.3066932179891,1.40132954199843,0.318208857366312,4.40380432397977,1.06368893120886e-05,5.95711699596971e-05,"101928188","LOC101928188"
"ENSG00000259905",6.0171105367794,-1.74096905260207,0.541323548802153,-3.21613396730015,0.00129930163230299,0.00427052891666554,"101928840","PWRN3"
"ENSG00000259905",6.0171105367794,-1.74096905260207,0.541323548802153,-3.21613396730015,0.00129930163230299,0.00427052891666554,"791114","PWRN1"
"ENSG00000260025",12.9848357137333,-1.11957528223386,0.241172223389995,-4.6422231652416,3.44680283058247e-06,2.15751405537159e-05,"100288911","CRIM1-DT"
"ENSG00000260027",60.4828307321335,-1.34337882161332,0.244391740559532,-5.49682578690128,3.86688370853927e-08,3.66471585638052e-07,"3217","HOXB7"
"ENSG00000260075",7.20748654845288,1.18962212591734,0.35139307902041,3.38544552224446,0.000710628135243125,0.00250189680383033,"474170","LRRC37A2"
"ENSG00000260089",4.63895851209481,-1.25228460900783,0.381610674209473,-3.28157646953143,0.00103228529523767,0.00348498656441401,"1596","ADAM3B"
"ENSG00000260102",5.51988786916968,-2.69825615625795,0.529017379798862,-5.10050569091673,3.38747194845279e-07,2.60925806640764e-06,"101928698","LINC01070"
"ENSG00000260135",3.79045476021521,1.34379126189497,0.430571158465791,3.12095047583576,0.00180268347789026,0.00568731421026243,"105371279","LOC105371279"
"ENSG00000260136",15.7089312289638,1.01982695055671,0.219330877358304,4.64971901284422,3.32387555419453e-06,2.08862652228955e-05,"124903667","LOC124903667"
"ENSG00000260161",2.45377725015209,1.59920057962153,0.552690900736462,2.8934809266637,0.00380997429957782,0.0109413998084347,"107075134","MTCYBP28"
"ENSG00000260192",4.57284044337509,-1.5575052777239,0.502639273856958,-3.09865416160684,0.00194401801342332,0.00607912535748013,"101927460","LINC02240"
"ENSG00000260193",2.80855369802958,1.28048259508159,0.457368205749146,2.79967557645208,0.00511539891194187,0.0141562393343483,"105376323","LINC02846"
"ENSG00000260228",12.7924662817198,1.13183552596996,0.288137675288134,3.92810667622047,8.56172347948006e-05,0.000382127266300453,"102724163","CDH13-AS2"
"ENSG00000260284",19.0467351378428,3.32081464328677,0.539615217844849,6.1540418681105,7.55327298813916e-10,1.00496084175354e-08,"650474","TPSP2"
"ENSG00000260329",10.5650379901074,-1.03763946791964,0.283647991956031,-3.65819430190251,0.000253998461474382,0.00101139623607179,"119863870","TMEM263-DT"
"ENSG00000260372",5.86070109242228,1.27683107948453,0.539859415039643,2.36511773975595,0.0180243396809857,0.0417368377865403,"147429","AQP4-AS1"
"ENSG00000260388",10.1439265448323,-1.1146694658578,0.290545778052939,-3.83646760702441,0.000124816650599728,0.000535712734171255,"100861549","LINC00562"
"ENSG00000260394",2.28688757536159,1.30910641670424,0.544027911396597,2.40632215605185,0.0161140477036426,0.0379365545339339,"105371184","STUB1-DT"
"ENSG00000260442",4.73347808204349,1.63938606524515,0.393948420346637,4.16142312184585,3.16270470921067e-05,0.000158123052468588,"100289092","ATP2A1-AS1"
"ENSG00000260493",6.47300952879399,1.04694015800558,0.399635594146528,2.61973701376988,0.00879975993609009,0.0225849484300006,"102723322","E2F5-DT"
"ENSG00000260493",6.47300952879399,1.04694015800558,0.399635594146528,2.61973701376988,0.00879975993609009,0.0225849484300006,"105375933","LOC105375933"
"ENSG00000260710",16.1636200640769,3.24366936492702,0.498450063590797,6.50751118689779,7.64060634111955e-11,1.23342574255461e-09,"124903624","UBE2I-AS1"
"ENSG00000260792",7.26811313561257,1.42467959818457,0.57975733838488,2.45737225535346,0.0139957576678605,0.0336234963019272,"101929634","LINC02280"
"ENSG00000260807",21.2107144130761,-1.28418417674631,0.378987892970739,-3.38845699444404,0.000702870500147323,0.00247693625343799,"115804232","CEROX1"
"ENSG00000260862",8.99341743497947,-1.09462618359543,0.424056212871483,-2.58132330188774,0.00984223612679648,0.0248596857289897,"101928446","LOC101928446"
"ENSG00000260941",16.0067025569137,-1.05418525976471,0.218755456033587,-4.8190124208964,1.44270572952391e-06,9.73732587805033e-06,"644242","LINC00622"
"ENSG00000261115",52.820173723707,-1.05809011842939,0.278121540014849,-3.80441629358481,0.000142138966239639,0.00060199759922476,"100507421","TMEM178B"
"ENSG00000261175",6.33613507615161,-1.74582534354055,0.711374182579422,-2.45415898734227,0.0141214531518959,0.0338940990214437,"102724344","LINC02188"
"ENSG00000261183",44.5295077305865,1.4338515872384,0.320197558174223,4.47802161707376,7.53379742009273e-06,4.36815531451345e-05,"102724362","SPINT1-AS1"
"ENSG00000261189",4.715249224192,1.47192945263829,0.432337101021109,3.40458741376078,0.000662640881922547,0.00235337693432008,"101928076","DSP-AS1"
"ENSG00000261308",4.29307952457265,-1.2693326608187,0.335479245299491,-3.78363990799351,0.000154551381980735,0.000648745920675276,"401720","FIGNL2"
"ENSG00000261327",14.8722837798932,1.01954217721488,0.260019811142741,3.9210172976212,8.81759324066561e-05,0.00039219856981014,"105371401","LOC105371401"
"ENSG00000261359",4.3120096094602,1.1283687650731,0.36282973888122,3.10991256822665,0.00187142729719679,0.00587690657883309,"100652740","PYCARD-AS1"
"ENSG00000261441",6.10420162857345,-1.28571425997316,0.446929796089445,-2.87677006819176,0.00401768230840727,0.0114517401297503,"119545629","POLG-DT"
"ENSG00000261488",47.0518793040305,1.32338727299329,0.34486793073496,3.83737412224145,0.000124356942670168,0.000534087929312247,"112806053","TBILA"
"ENSG00000261616",52.3758493513545,-2.1441309448713,0.403181106392574,-5.31803428006763,1.04894309799728e-07,9.06406955320022e-07,"128193289","TTC23-AS1"
"ENSG00000261663",3.83368904524748,1.06801110605293,0.423319158275963,2.52294535972003,0.0116376482159375,0.0286912406106282,"123706507","ECI1-AS1"
"ENSG00000261664",22.2162393293803,2.16975765469015,0.338046846273132,6.41851174951372,1.3761298822917e-10,2.11372150472826e-09,"102724097","TTC39A-AS1"
"ENSG00000261716",126.537265453852,1.39030399369898,0.200635539050079,6.92950012884783,4.22330242185978e-12,8.65943793575326e-11,"337873","H2BC20P"
"ENSG00000261742",13.6369145311726,1.47655244094361,0.299467573825076,4.93059205737611,8.19807721858201e-07,5.82231705718062e-06,"283867","LINC00922"
"ENSG00000261764",3.23932639023475,1.76311783019636,0.530585740194499,3.32296497367239,0.000890660972085914,0.00305171297695435,"342374","KRT18P18"
"ENSG00000261801",48.3260944589037,1.05469079084833,0.156348613031203,6.74576365213963,1.52224240801602e-11,2.81041027221052e-10,"100287616","LOXL1-AS1"
"ENSG00000262179",18.7727610658016,-3.45320583394879,0.386203189178271,-8.94142236706076,3.84192953573864e-19,2.53762867401281e-17,"101929726","MYMX"
"ENSG00000262209",39.4240816715373,-1.08618221559812,0.195840572734191,-5.5462573481766,2.91849177161007e-08,2.83844920972102e-07,"56102","PCDHGB3"
"ENSG00000262454",18.8735520654826,-1.12703670488663,0.221827734865461,-5.08068436785048,3.76077535480666e-07,2.86871015751017e-06,"100129781","MIR193BHG"
"ENSG00000262468",18.0541628230798,1.21856295713085,0.268668449466468,4.53556403645727,5.74497433014709e-06,3.42272305857145e-05,"100507501","LINC01569"
"ENSG00000262482",5.32019525905075,1.4031042939286,0.346242169311099,4.05237841687594,5.06995730210111e-05,0.000239937924608825,"105371055","FLYWCH1-AS1"
"ENSG00000262576",48.7020553619632,-1.21646658028961,0.210431420970619,-5.78082196412792,7.43365261882034e-09,8.20768841681576e-08,"56111","PCDHGA4"
"ENSG00000262902",34.136272423087,-1.18002094622158,0.270050798031747,-4.36962584381203,1.24459599978465e-05,6.8768035254172e-05,"107075172","MTCO1P40"
"ENSG00000263280",3.43765931341901,2.1234674243518,0.564659379311278,3.76061658081695,0.000169495058903217,0.000705427727915616,"101929566","LOC101929566"
"ENSG00000263426",37.8599730445282,-1.67819803081984,0.290739485906682,-5.77217100589663,7.82566353503446e-09,8.58211128189372e-08,"106481051","RN7SL471P"
"ENSG00000263586",5.64945502090562,-1.72880783637928,0.339812936713709,-5.08752801791,3.62760806953268e-07,2.77856153050839e-06,"102723641","HID1-AS1"
"ENSG00000263753",430.34745228026,-1.15834369021628,0.159096150164452,-7.28077762421619,3.31901398285526e-13,8.2130567175364e-12,"339290","LINC00667"
"ENSG00000263878",7.02630641812601,2.20075897030803,0.468302789345683,4.6994359640329,2.60881006131416e-06,1.67249917440338e-05,"101410534","DLGAP1-AS4"
"ENSG00000264229",132.808146508798,1.08846832749455,0.29913502552669,3.63871908873952,0.00027399747370493,0.00108338559366833,"100151683","RNU4ATAC"
"ENSG00000264515",5.5367250165836,1.70351245561773,0.410979014932853,4.14501080035937,3.39797694086691e-05,0.000168393824801495,"284395","VSTM2B-DT"
"ENSG00000264529",8.33070247021303,1.50465414128835,0.364226072380403,4.13109948844317,3.61032277676235e-05,0.000177662101685681,"100421525","DNAJB6P8"
"ENSG00000264585",7.79208809385954,1.35326353691691,0.483157991484507,2.80087168331625,0.00509647795509003,0.0141098949187529,"100616436","MIR4449"
"ENSG00000264707",6.62795023297707,1.43802661702595,0.389546623707171,3.69153916247761,0.000222901066583696,0.000899854725719995,"101927150","L3MBTL4-AS1"
"ENSG00000265096",6.6329115914116,-1.09635936358882,0.398192799040065,-2.75333799664847,0.00589909580598328,0.0160260312853704,"100507410","C1QTNF1-AS1"
"ENSG00000265135",9.44609604248443,-1.17928128015882,0.289021683487021,-4.08025192411481,4.49869179695703e-05,0.000216293835275812,"100847019","MIR5687"
"ENSG00000265253",2.86047745500321,2.25324475277244,0.502649799824988,4.48273281628078,7.36931736334205e-06,4.28619180187392e-05,"100616476","MIR4446"
"ENSG00000265296",4.74941761631019,1.66407041253189,0.49612149689798,3.35415905768357,0.000796065885808068,0.00276741372221854,"390834","FEM1AP2"
"ENSG00000265369",44.8760144866168,2.04146065517714,0.769355447580705,2.65346877258966,0.00796691419233091,0.0207531518920748,"728606","PCAT18"
"ENSG00000265635",3.27860720919346,-2.60032514581718,0.492655737659409,-5.27817895346401,1.30474014498488e-07,1.10688475782503e-06,"100500817","MIR3612"
"ENSG00000265660",6.4201087624244,1.18164979097574,0.361216896670937,3.27130264909009,0.00107053277242649,0.00359575643606807,"100616318","MIR4664"
"ENSG00000265688",18.0338863531854,1.20404998219833,0.288405512243055,4.17485079544392,2.98181418078436e-05,0.000150061908694844,"92659","MILIP"
"ENSG00000265786",41.0762850295893,3.0478119502167,0.527299465430491,5.78003990147884,7.46829105709217e-09,8.23542477740011e-08,"105372009","LINC01906"
"ENSG00000266017",37.438848366503,1.12535471214664,0.332059325484931,3.38901703935945,0.000701436516288455,0.0024725541947061,"100616194","MIR4477B"
"ENSG00000266088",4.29941538094977,1.54995925927306,0.462718452409608,3.34968110997442,0.00080904645023407,0.00280727546520198,"105371773","LOC105371773"
"ENSG00000266242",6.26540927830744,2.2646008256871,0.604610173525218,3.74555527652339,0.000179995207779372,0.000743289151055828,"100631251","GRAMD4P7"
"ENSG00000266256",8.84928453935964,1.36375974851646,0.425733355330157,3.20331900576328,0.00135853404339554,0.00444365255776985,"400660","LINC00683"
"ENSG00000266256",8.84928453935964,1.36375974851646,0.425733355330157,3.20331900576328,0.00135853404339554,0.00444365255776985,"400661","LINC01879"
"ENSG00000266256",8.84928453935964,1.36375974851646,0.425733355330157,3.20331900576328,0.00135853404339554,0.00444365255776985,"284276","LINC00908"
"ENSG00000266402",124.226309205518,1.41779423641669,0.270944105273255,5.23279233178669,1.66968292149279e-07,1.38162669034459e-06,"105376843","SNHG25"
"ENSG00000266835",8.93067943951327,1.08322829938637,0.352657264182998,3.07161771329419,0.00212902199649118,0.00658545674272141,"100505592","GAPLINC"
"ENSG00000266903",10.9950178776327,1.40611071481984,0.326619028282625,4.30504836847144,1.66949254989752e-05,8.95016266217264e-05,"107985305","CEACAM16-AS1"
"ENSG00000266964",5.10201628363761,-1.3381687950502,0.440128672643129,-3.04040358701019,0.00236261321102491,0.00720404214103151,"5348","FXYD1"
"ENSG00000266970",6.53909836791618,1.38564237295015,0.350173547782615,3.95701611879131,7.58918116297286e-05,0.000343624567640763,"101928674","SOCS3-DT"
"ENSG00000267013",9.92523757846955,1.53757170494927,0.383191379876298,4.0125425197342,6.00682549940861e-05,0.000279285646271984,"101927229","LINC01929"
"ENSG00000267060",4.3329301211514,1.00834331900088,0.42917436622148,2.34949567906047,0.018798862300158,0.0432568803818368,"100885848","PTGES3L"
"ENSG00000267107",95.5078533568373,-1.72744505436804,0.22472094459055,-7.68706743163395,1.50545799926838e-14,4.74832062515294e-13,"100505495","PCAT19"
"ENSG00000267122",5.73237439721,-1.37154295599556,0.393625814487018,-3.48438264340714,0.000493273729571037,0.0018211348986211,"124904611","DOT1L-AS1"
"ENSG00000267128",11.6275362801389,1.21125867506455,0.288370443753455,4.20035652509563,2.66495001187641e-05,0.000135987364671295,"100507218","RNF157-AS1"
"ENSG00000267244",4.69569637441113,1.19644268316664,0.358267853078552,3.33952006267308,0.000839232887416693,0.00289961497292194,"100288123","LOC100288123"
"ENSG00000267260",5.37637866218897,1.17923347503896,0.480026106651663,2.45660279451151,0.014025766897443,0.0336862377057574,"728485","ZNF850-DT"
"ENSG00000267272",13.9400902532892,-1.76879399291493,0.344892601357737,-5.12853562515325,2.92004645457765e-07,2.27418439447725e-06,"339524","LINC01140"
"ENSG00000267280",20.1779778712113,-1.09853397679596,0.205974275603196,-5.33335521428051,9.64144435001874e-08,8.41535347806948e-07,"101927855","LOC101927855"
"ENSG00000267280",20.1779778712113,-1.09853397679596,0.205974275603196,-5.33335521428051,9.64144435001874e-08,8.41535347806948e-07,"103689912","TBX2-AS1"
"ENSG00000267361",48.4064883758175,-2.27349912456422,0.332282987571476,-6.84205695025291,7.80640399466496e-12,1.52474518354788e-10,"100421166","SEC24AP1"
"ENSG00000267365",6.69083452708913,-1.10683237562113,0.399338977375967,-2.77166126606038,0.00557710390615196,0.0152623554131203,"400617","KCNJ2-AS1"
"ENSG00000267795",119.751679178123,2.76248948753082,0.373996706276479,7.38640057832123,1.50856854641788e-13,3.99585942121585e-12,"440335","SMIM22"
"ENSG00000267882",5.77129193231451,-1.91537089135533,0.410812540451336,-4.66239635540586,3.12548502723969e-06,1.97736632554443e-05,"100131496","LOC100131496"
"ENSG00000268119",22.9790047436062,1.7842787900233,0.368950085470597,4.83609805306711,1.32412623263562e-06,9.00429697067697e-06,"105372321","LOC105372321"
"ENSG00000268686",7.47431126557685,1.30019903274833,0.367917876749355,3.53393818271595,0.0004094168225889,0.00154696388366269,"101928295","LOC101928295"
"ENSG00000268941",4.6593218838245,1.68075807156493,0.419142683709939,4.00999024171939,6.0721257268365e-05,0.000282119634181532,"79160","LINC01711"
"ENSG00000269067",21.1958143596582,-1.232964585629,0.240132006727082,-5.13452830563441,2.82852523503032e-07,2.20953530096049e-06,"388523","ZNF728"
"ENSG00000269190",76.7075400908836,-1.2892722925973,0.196622964431304,-6.5570789064557,5.48719828127244e-11,9.06085833239631e-10,"115290","FBXO17"
"ENSG00000269235",5.85953697392767,1.61548301068946,0.460231223144765,3.51015517732772,0.000447845252596658,0.00167557899494149,"101669766","ZNF350-AS1"
"ENSG00000269289",11.7021577395265,-1.90782110349927,0.47304362987768,-4.03307640775672,5.50513698525911e-05,0.000258599974417944,"100505851","ZNF276-AS1"
"ENSG00000269345",3.7673311885002,-1.09198451698041,0.390073635459728,-2.79943174240278,0.00511926385205154,0.0141633177676976,"100312830","VN1R85P"
"ENSG00000269404",8.24965670267317,1.75955067754953,0.413714446969755,4.25305591921513,2.10872891460477e-05,0.000110363619578383,"6689","SPIB"
"ENSG00000270141",537.366665358563,1.35094442147588,0.231761840809218,5.82902006973593,5.57537986594075e-09,6.30064042490597e-08,"7012","TERC"
"ENSG00000270442",11.7319132881869,1.14132436695771,0.364113077248129,3.13453275444963,0.00172128036381357,0.00546222441123137,"100131033","PPIGP1"
"ENSG00000270930",9.16730535052163,2.19818154480344,0.357745033026448,6.14454804922736,8.01915132796276e-10,1.06258871960826e-08,"100631247","GRAMD4P8"
"ENSG00000270948",4.59206901763473,-1.29309967459689,0.399948124181943,-3.23316849464366,0.00122425331940453,0.00404469487910179,"100418814","MTDHP1"
"ENSG00000271461",5.54758980993516,-1.52793902674578,0.585314765154758,-2.61045700144228,0.00904213383551136,0.0230973932397366,"100533711","CKAP2LP1"
"ENSG00000271858",12.6718907519183,1.15703232143268,0.336479046695756,3.43864598046983,0.000584631231344764,0.00211157054448969,"101928965","LOC101928965"
"ENSG00000272097",3.66116213990242,1.05067911873693,0.411871387390941,2.55098836894839,0.0107417910555586,0.0267724831704456,"118597831","TMEM14B-DT"
"ENSG00000272143",19.8437584981061,-2.1730740056198,0.273976666606857,-7.93160247014048,2.16335986565827e-15,7.89824126480411e-14,"283481","FGF14-AS2"
"ENSG00000272189",6.49198480603275,1.11080233427101,0.358113300146384,3.10181815033666,0.00192336071079999,0.00602105611805912,"123706512","MAP7-AS1"
"ENSG00000272323",21.5584740493566,1.23358172657532,0.261199804021899,4.72275134812848,2.32675257804387e-06,1.50806100925999e-05,"101929704","TTC23L-AS1"
"ENSG00000272636",39.7395455725232,-1.1379549445651,0.238933302899298,-4.76264685900526,1.91070047448887e-06,1.25659900979939e-05,"8447","DOC2B"
"ENSG00000272654",12.8266542049344,1.10838509641706,0.239540772856685,4.62712499086825,3.70776766079331e-06,2.29814309787184e-05,"123706540","JTB-DT"
"ENSG00000272763",3.60208638142286,-1.81407057861591,0.594432506933778,-3.05176880041994,0.00227497254042364,0.00697952218464919,"127379715","LINC03057"
"ENSG00000272841",39.408461954561,1.67380186236026,0.215663994770234,7.7611557930359,8.41588578989695e-15,2.75484947457938e-13,"117981787","MAP3K4-AS1"
"ENSG00000273045",23.0707894995661,1.39135986609578,0.253562747995686,5.48724083917665,4.08260343188011e-08,3.85508257128934e-07,"150590","C2orf15"
"ENSG00000273079",92.1036828560193,-3.0291641878992,0.394595204355817,-7.67663710673919,1.63319240744951e-14,5.10776006175595e-13,"2904","GRIN2B"
"ENSG00000273143",119.249496905367,-3.75502584452489,0.335081444566636,-11.2063079153228,3.79703549761168e-29,1.38821756967611e-26,"105378482","LOC105378482"
"ENSG00000273162",5.13313111563679,1.97642075335237,0.497833898333316,3.97004052952033,7.18604070374132e-05,0.000327657201102612,"107984262","LOC107984262"
"ENSG00000273294",11.8341155267136,1.20017422496432,0.346881313367942,3.45989875704628,0.00054037852118163,0.00197370840760275,"100534612","C1QTNF3-AMACR"
"ENSG00000273406",3.24968143412992,1.45274905710557,0.62757083474037,2.31487662696528,0.0206196848308729,0.0468240555366809,"101929178","LOC101929178"
"ENSG00000273492",4.0058579988347,1.66520236078514,0.514552471666876,3.23621487113019,0.00121126168957169,0.0040063622499875,"118568803","APP-DT"
