GO_ID,Name,Namespace,Enrichment,Study_Count,Study_Total,Population_Count,Population_Total,P_Value,FDR
GO:0005886,plasma membrane,CC,e,1196,3765,4446,20413,1.0707232556200216e-56,2.1942331677421104e-52
GO:0016070,RNA metabolic process,BP,p,50,3765,1195,20413,1.1439027100916229e-51,1.1720999118953815e-47
GO:0090304,nucleic acid metabolic process,BP,p,123,3765,1742,20413,3.05374644739909e-45,2.0860141982183182e-41
GO:0006396,RNA processing,BP,p,20,3765,789,20413,5.636569383871135e-45,2.8877554095917797e-41
GO:0043170,macromolecule metabolic process,BP,p,496,3765,4325,20413,6.795224233892717e-44,2.785090604503269e-40
GO:0006139,nucleobase-containing compound metabolic process,BP,p,198,3765,2255,20413,1.274113141163163e-41,4.3517334336427833e-38
GO:0003723,RNA binding,MF,p,111,3765,1578,20413,4.133656744140753e-41,1.2101575379668064e-37
GO:1902494,catalytic complex,CC,p,151,3765,1847,20413,1.7443323857134112e-38,4.468325447553117e-35
GO:0005576,extracellular region,CC,e,648,3765,2241,20413,6.904309775581543e-38,1.5721113358999173e-34
GO:0032501,multicellular organismal process,BP,e,656,3765,2308,20413,8.204738576844857e-36,1.6813970765528165e-32
GO:0043231,intracellular membrane-bounded organelle,CC,p,1408,3765,9492,20413,1.2788208128985241e-35,2.3824431744299504e-32
GO:0032502,developmental process,BP,e,933,3765,3585,20413,1.5701033990910804e-35,2.6813440797977924e-32
GO:0160108,animal gross anatomical part developmental process,BP,e,539,3765,1823,20413,6.785439268148759e-34,1.0696462070936347e-30
GO:0060089,molecular transducer activity,MF,e,338,3765,1008,20413,8.359416600290268e-32,1.1420634959316564e-28
GO:0038023,signaling receptor activity,MF,e,338,3765,1008,20413,8.359416600290268e-32,1.1420634959316564e-28
GO:0140513,nuclear protein-containing complex,CC,p,101,3765,1339,20413,2.0146246052798685e-31,2.580356377250022e-28
GO:1990904,ribonucleoprotein complex,CC,p,28,3765,699,20413,4.214682127753248e-31,5.080675343767488e-28
GO:0048856,anatomical structure development,BP,e,599,3765,2131,20413,6.17863756886826e-31,7.034378872156513e-28
GO:0043229,intracellular organelle,CC,p,1612,3765,10469,20413,1.0384642763953199e-30,1.1200657061141732e-27
GO:0044238,primary metabolic process,BP,p,771,3765,5692,20413,1.654063785417919e-30,1.694836457728471e-27
GO:0140535,intracellular protein-containing complex,CC,p,55,3765,936,20413,3.806370551090325e-30,3.714473890642573e-27
GO:0005654,nucleoplasm,CC,p,414,3765,3464,20413,1.804779990542476e-29,1.6811525611903163e-26
GO:0003676,nucleic acid binding,MF,p,413,3765,3453,20413,2.684017283136079e-29,2.3914593992742465e-26
GO:0005634,nucleus,CC,p,806,3765,5850,20413,9.691522579097529e-29,8.275348842226903e-26
GO:0008152,metabolic process,BP,p,893,3765,6353,20413,1.6790573532652847e-28,1.376356893618619e-25
GO:0030312,external encapsulating structure,CC,e,201,3765,519,20413,7.715533736107956e-28,6.081324340540783e-25
GO:0140098,"catalytic activity, acting on RNA",MF,p,8,3765,421,20413,6.940323183358049e-27,5.267705296168759e-24
GO:0004888,transmembrane signaling receptor activity,MF,e,257,3765,749,20413,7.423814719610226e-26,5.433436966034727e-23
GO:0031012,extracellular matrix,CC,e,184,3765,477,20413,2.3387752613567364e-25,1.6527076355511586e-22
GO:0016071,mRNA metabolic process,BP,p,16,3765,495,20413,3.0103252503376483e-25,2.0563531785056477e-22
GO:0043412,macromolecule modification,BP,p,147,3765,1536,20413,1.6256521900981415e-23,1.041077822865038e-20
GO:0007155,cell adhesion,BP,e,249,3765,743,20413,1.6117616521169396e-23,1.041077822865038e-20
GO:0098590,plasma membrane region,CC,e,368,3765,1238,20413,2.2879189146544028e-23,1.4207976460003843e-20
GO:0140640,"catalytic activity, acting on a nucleic acid",MF,p,36,3765,655,20413,1.080813178735387e-22,6.514442491713024e-20
GO:0007165,signal transduction,BP,e,875,3765,3602,20413,3.4403527696909523e-22,2.0143756945507624e-19
GO:0006397,mRNA processing,BP,p,5,3765,322,20413,5.608412559173072e-22,3.1925888493092714e-19
GO:1990234,transferase complex,CC,p,71,3765,936,20413,7.523460640972021e-22,4.166980511228098e-19
GO:0043687,post-translational protein modification,BP,p,52,3765,764,20413,8.383342182241968e-21,4.5210481931759115e-18
GO:0070647,protein modification by small protein conjugation or removal,BP,p,47,3765,715,20413,1.9939248856715726e-20,1.0477308380017318e-17
GO:0051239,regulation of multicellular organismal process,BP,e,628,3765,2467,20413,2.767800771104046e-20,1.4180135300558803e-17
GO:0003008,system process,BP,e,317,3765,1066,20413,3.2941533865637414e-20,1.6465142768500182e-17
GO:0009653,anatomical structure morphogenesis,BP,e,277,3765,899,20413,5.063501446787544e-20,2.4706270273575512e-17
GO:0005102,signaling receptor binding,MF,e,340,3765,1168,20413,6.776727328474107e-20,3.229662166102788e-17
GO:0010496,intercellular transport,BP,p,49,3765,716,20413,2.1785115627836945e-19,1.0146417603665057e-16
GO:0032991,protein-containing complex,CC,p,815,3765,5587,20413,6.826737931603357e-19,3.1088964540521687e-16
GO:0009057,macromolecule catabolic process,BP,p,92,3765,1029,20413,3.444430683666339e-18,1.5344938695733538e-15
GO:0043227,membrane-bounded organelle,CC,p,1728,3765,10674,20413,3.9249912982902116e-18,1.7113797165076874e-15
GO:0046907,intracellular transport,BP,p,109,3765,1151,20413,4.291245469146507e-18,1.8320936124837367e-15
GO:0009888,tissue development,BP,e,153,3765,425,20413,4.9938423612541814e-18,2.0885471736567743e-15
GO:0048513,animal organ development,BP,e,249,3765,810,20413,5.549056982938811e-18,2.274336495027301e-15
GO:0032446,protein modification by small protein conjugation,BP,p,43,3765,628,20413,3.6759950542336524e-17,1.4771013067923578e-14
GO:0016020,membrane,CC,e,1707,3765,8015,20413,4.5610066337972243e-17,1.7974751720462794e-14
GO:0098609,cell-cell adhesion,BP,e,170,3765,500,20413,5.3247799485170445e-17,2.0588814242445244e-14
GO:2000026,regulation of multicellular organismal development,BP,e,324,3765,1146,20413,5.712895872366854e-17,2.168043983563221e-14
GO:0007166,cell surface receptor signaling pathway,BP,e,410,3765,1531,20413,5.925053339288488e-17,2.2076748742188904e-14
GO:0050793,regulation of developmental process,BP,e,494,3765,1921,20413,1.1675457086780408e-16,4.2725918228462664e-14
GO:0005509,calcium ion binding,MF,e,205,3765,646,20413,1.5717589042374753e-16,5.650886881497997e-14
GO:0048869,cellular developmental process,BP,e,451,3765,1726,20413,1.6666758098648986e-16,5.888825408889891e-14
GO:0007186,G protein-coupled receptor signaling pathway,BP,e,201,3765,631,20413,1.7894172217587963e-16,6.111754520917168e-14
GO:0036211,protein modification process,BP,p,141,3765,1342,20413,1.7702982088118492e-16,6.111754520917168e-14
GO:0043226,organelle,CC,p,1898,3765,11521,20413,1.8277072304464562e-16,6.140197421891677e-14
GO:0008380,RNA splicing,BP,p,7,3765,278,20413,2.4849963972195765e-16,8.21371470455174e-14
GO:0071826,protein-RNA complex organization,BP,p,3,3765,223,20413,4.728892043210107e-16,1.5142060100235112e-13
GO:0016072,rRNA metabolic process,BP,p,4,3765,238,20413,4.695632362162346e-16,1.5142060100235112e-13
GO:0009986,cell surface,CC,e,203,3765,646,20413,6.285673106462967e-16,1.9817276764730093e-13
GO:0005829,cytosol,CC,p,698,3765,4791,20413,7.664573529629474e-16,2.379850080949952e-13
GO:0003013,circulatory system process,BP,e,105,3765,267,20413,9.925271520599926e-16,3.035799839875437e-13
GO:0019538,protein metabolic process,BP,p,343,3765,2641,20413,1.1703782319752695e-15,3.5271413393925286e-13
GO:1901342,regulation of vasculature development,BP,e,109,3765,282,20413,1.5793657621113724e-15,4.690716313470777e-13
GO:0000375,"RNA splicing, via transesterification reactions",BP,p,4,3765,230,20413,1.6096498344085433e-15,4.712364865219183e-13
GO:0040012,regulation of locomotion,BP,e,268,3765,925,20413,1.6876113522827678e-15,4.871016822863487e-13
GO:0051240,positive regulation of multicellular organismal process,BP,e,376,3765,1408,20413,2.555553574523562e-15,7.273744361487688e-13
GO:0022618,protein-RNA complex assembly,BP,p,3,3765,214,20413,2.6072257690183237e-15,7.279132423729596e-13
GO:0004930,G protein-coupled receptor activity,MF,e,120,3765,325,20413,2.6284867972282733e-15,7.279132423729596e-13
GO:0045765,regulation of angiogenesis,BP,e,106,3765,274,20413,2.67482984432854e-15,7.308705066643302e-13
GO:0005681,spliceosomal complex,CC,p,2,3765,198,20413,3.713834387539304e-15,1.0014158961031966e-12
GO:0016567,protein ubiquitination,BP,p,39,3765,559,20413,4.5724498836714955e-15,1.2013232752061534e-12
GO:0030334,regulation of cell migration,BP,e,249,3765,850,20413,4.551697654113257e-15,1.2013232752061534e-12
GO:0006399,tRNA metabolic process,BP,p,2,3765,196,20413,5.705188606613042e-15,1.4799548115863426e-12
GO:0003018,vascular process in circulatory system,BP,e,94,3765,234,20413,6.4576695984501604e-15,1.6542127885129892e-12
GO:0051094,positive regulation of developmental process,BP,e,294,3765,1051,20413,7.935279620480189e-15,1.9831425032012255e-12
GO:0005739,mitochondrion,CC,p,175,3765,1534,20413,7.91867703505372e-15,1.9831425032012255e-12
GO:0030154,cell differentiation,BP,e,359,3765,1341,20413,8.29335502747006e-15,2.0476593322643848e-12
GO:0006364,rRNA processing,BP,p,2,3765,194,20413,8.786292134084444e-15,2.1435414845689586e-12
GO:0005911,cell-cell junction,CC,e,168,3765,517,20413,9.189175154731285e-15,2.215456075834214e-12
GO:0030545,signaling receptor regulator activity,MF,e,151,3765,450,20413,9.734033547735958e-15,2.3195296452761974e-12
GO:0042127,regulation of cell population proliferation,BP,e,341,3765,1264,20413,1.2064261747106766e-14,2.8417576549822866e-12
GO:0000377,"RNA splicing, via transesterification reactions with bulged adenosine as nucleophile",BP,p,4,3765,220,20413,1.329535154851921e-14,3.06136673352589e-12
GO:0000398,"mRNA splicing, via spliceosome",BP,p,4,3765,220,20413,1.329535154851921e-14,3.06136673352589e-12
GO:0009897,external side of plasma membrane,CC,e,126,3765,354,20413,1.3796928375724922e-14,3.1415605911525648e-12
GO:0007167,enzyme-linked receptor protein signaling pathway,BP,e,166,3765,512,20413,1.730141822917112e-14,3.8962413601143275e-12
GO:2000145,regulation of cell motility,BP,e,257,3765,895,20413,2.1555427292259e-14,4.801471429350692e-12
GO:0009719,response to endogenous stimulus,BP,e,225,3765,762,20413,3.331998045028527e-14,7.342218917932215e-12
GO:0140101,"catalytic activity, acting on a tRNA",MF,p,0,3765,155,20413,3.4306919073454e-14,7.479273325237158e-12
GO:0005201,extracellular matrix structural constituent,MF,e,74,3765,170,20413,3.5118726946179916e-14,7.575663908505947e-12
GO:0005730,nucleolus,CC,p,75,3765,822,20413,4.5063534382472344e-14,9.619656355208393e-12
GO:0030054,cell junction,CC,e,463,3765,1837,20413,4.998590959933477e-14,1.0560425210506882e-11
GO:0048731,system development,BP,e,193,3765,631,20413,7.210885418641178e-14,1.507884437594017e-11
GO:0051649,establishment of localization in cell,BP,p,155,3765,1372,20413,1.1464140981940136e-13,2.3730771832616082e-11
GO:0006325,chromatin organization,BP,p,61,3765,707,20413,1.1953516490897986e-13,2.449634134479724e-11
GO:0009725,response to hormone,BP,e,167,3765,527,20413,1.601728754934159e-13,3.249923502461952e-11
GO:0051641,cellular localization,BP,p,168,3765,1450,20413,2.2116837133393686e-13,4.443532778182714e-11
GO:0006401,RNA catabolic process,BP,p,5,3765,214,20413,4.654343240949542e-13,9.260335537551355e-11
GO:0034330,cell junction organization,BP,e,135,3765,405,20413,4.805378523757276e-13,9.468905969938256e-11
GO:1901700,response to oxygen-containing compound,BP,e,306,3765,1138,20413,6.138976738118965e-13,1.198152859945447e-10
GO:0044391,ribosomal subunit,CC,p,2,3765,172,20413,6.465580092787599e-13,1.2499918192593987e-10
GO:0016477,cell migration,BP,e,195,3765,654,20413,6.799925659754695e-13,1.3023446406107753e-10
GO:0007154,cell communication,BP,e,160,3765,510,20413,9.835584173796356e-13,1.8663020969778585e-10
GO:0033365,protein localization to organelle,BP,p,44,3765,557,20413,1.2029735637894135e-12,2.261700664471234e-10
GO:0051169,nuclear transport,BP,p,5,3765,206,20413,1.5049617910649468e-12,2.803743816753996e-10
GO:0030198,extracellular matrix organization,BP,e,82,3765,209,20413,1.9539407995158333e-12,3.60739718959261e-10
GO:0043632,modification-dependent macromolecule catabolic process,BP,p,45,3765,562,20413,2.1516866505798162e-12,3.937010225922516e-10
GO:0009059,macromolecule biosynthetic process,BP,p,122,3765,1115,20413,2.199286324763816e-12,3.988493332157954e-10
GO:0030163,protein catabolic process,BP,p,70,3765,750,20413,2.3664198582717474e-12,4.1515419511900325e-10
GO:0006511,ubiquitin-dependent protein catabolic process,BP,p,43,3765,546,20413,2.3295669554023453e-12,4.1515419511900325e-10
GO:0043062,extracellular structure organization,BP,e,82,3765,210,20413,2.352769347088129e-12,4.1515419511900325e-10
GO:0006913,nucleocytoplasmic transport,BP,p,5,3765,205,20413,2.3702259712547396e-12,4.1515419511900325e-10
GO:0141188,nucleic acid catabolic process,BP,p,8,3765,237,20413,2.523622237515836e-12,4.3827619079162735e-10
GO:0045229,external encapsulating structure organization,BP,e,82,3765,211,20413,2.928715599121611e-12,5.043543594352871e-10
GO:0070161,anchoring junction,CC,e,240,3765,858,20413,3.117841320474125e-12,5.324493515039687e-10
GO:0048870,cell motility,BP,e,233,3765,829,20413,3.674867256957576e-12,6.223888817919967e-10
GO:0019941,modification-dependent protein catabolic process,BP,p,45,3765,556,20413,3.8465039427205e-12,6.461180762145181e-10
GO:0065008,regulation of biological quality,BP,e,538,3765,2245,20413,3.969296869944461e-12,6.613235833802589e-10
GO:0071495,cellular response to endogenous stimulus,BP,e,157,3765,505,20413,4.060477175297983e-12,6.710593447853352e-10
GO:0048018,receptor ligand activity,MF,e,132,3765,403,20413,4.680809148429199e-12,7.673905750300767e-10
GO:0008033,tRNA processing,BP,p,0,3765,128,20413,6.8005045051126545e-12,1.106053482724394e-09
GO:0030546,signaling receptor activator activity,MF,e,133,3765,412,20413,9.020860072606664e-12,1.4556258698262076e-09
GO:0045597,positive regulation of cell differentiation,BP,e,199,3765,689,20413,1.070090559869613e-11,1.7132317065162485e-09
GO:0030335,positive regulation of cell migration,BP,e,156,3765,507,20413,1.079537420448086e-11,1.7149581672281105e-09
GO:0050678,regulation of epithelial cell proliferation,BP,e,92,3765,253,20413,1.3526259098615286e-11,2.1322586746763315e-09
GO:0033993,response to lipid,BP,e,187,3765,639,20413,1.5452363521343153e-11,2.4172922568159177e-09
GO:0007188,adenylate cyclase-modulating G protein-coupled receptor signaling pathway,BP,e,80,3765,210,20413,1.9074513897277435e-11,2.9613182825523217e-09
GO:0044057,regulation of system process,BP,e,143,3765,458,20413,2.7513862619105197e-11,4.239410425964833e-09
GO:0072594,establishment of protein localization to organelle,BP,p,11,3765,254,20413,2.779542939790672e-11,4.2508338406813615e-09
GO:0005125,cytokine activity,MF,e,61,3765,144,20413,2.943913540214427e-11,4.4688607540455e-09
GO:0048646,anatomical structure formation involved in morphogenesis,BP,e,140,3765,446,20413,3.475768610486453e-11,5.237421039316094e-09
GO:0035770,ribonucleoprotein granule,CC,p,63,3765,672,20413,3.6091481843880746e-11,5.398706112603271e-09
GO:0045595,regulation of cell differentiation,BP,e,319,3765,1235,20413,3.751444525848002e-11,5.5708951208842826e-09
GO:0022603,regulation of anatomical structure morphogenesis,BP,e,192,3765,668,20413,4.289851217670694e-11,6.279422928837538e-09
GO:0040017,positive regulation of locomotion,BP,e,162,3765,539,20413,4.260041204496583e-11,6.279422928837538e-09
GO:0098798,mitochondrial protein-containing complex,CC,p,4,3765,175,20413,5.191035450803407e-11,7.544673013710228e-09
GO:0005743,mitochondrial inner membrane,CC,p,38,3765,477,20413,7.429974988132795e-11,1.0722709678296153e-08
GO:0006412,translation,BP,p,9,3765,227,20413,7.537760572932348e-11,1.0802190728748433e-08
GO:0009451,RNA modification,BP,p,4,3765,173,20413,7.863213209403403e-11,1.1190335298632218e-08
GO:2000147,positive regulation of cell motility,BP,e,158,3765,526,20413,7.992585805282389e-11,1.1296004200527723e-08
GO:0043235,signaling receptor complex,CC,e,135,3765,431,20413,9.058845612453527e-11,1.27152687079459e-08
GO:0032870,cellular response to hormone stimulus,BP,e,101,3765,295,20413,9.802359326745958e-11,1.3665289094081968e-08
GO:0140392,extracellular protein-containing complex,CC,e,59,3765,141,20413,1.0213528342173754e-10,1.4096609202786967e-08
GO:0006338,chromatin remodeling,BP,p,53,3765,589,20413,1.024932792277977e-10,1.4096609202786967e-08
GO:0023052,signaling,BP,e,146,3765,480,20413,1.2599166763158808e-10,1.7212981631827565e-08
GO:0001525,angiogenesis,BP,e,68,3765,172,20413,1.2860712418849782e-10,1.7453945668840304e-08
GO:0019866,organelle inner membrane,CC,p,45,3765,528,20413,1.3004305639760794e-10,1.7532712860238022e-08
GO:0051168,nuclear export,BP,p,1,3765,129,20413,1.5411266023270794e-10,2.064203102058094e-08
GO:0030155,regulation of cell adhesion,BP,e,194,3765,687,20413,1.614130524478703e-10,2.1479465479313025e-08
GO:0006886,intracellular protein transport,BP,p,39,3765,478,20413,1.7468047370525126e-10,2.3095012565430415e-08
GO:0034329,cell junction assembly,BP,e,84,3765,233,20413,2.2237276508580266e-10,2.9212083813483038e-08
GO:0060429,epithelium development,BP,e,60,3765,147,20413,2.653211782272902e-10,3.4632018505808015e-08
GO:0007267,cell-cell signaling,BP,e,139,3765,458,20413,4.997737132117188e-10,6.482191585346679e-08
GO:0019219,regulation of nucleobase-containing compound metabolic process,BP,p,499,3765,3387,20413,5.070049338760149e-10,6.534623968503882e-08
GO:1901701,cellular response to oxygen-containing compound,BP,e,205,3765,743,20413,5.407886284905547e-10,6.926488352285585e-08
GO:0008284,positive regulation of cell population proliferation,BP,e,197,3765,709,20413,5.67510166379011e-10,7.223593689195697e-08
GO:0034655,nucleobase-containing compound catabolic process,BP,p,26,3765,364,20413,7.986611342259318e-10,1.0103063347958039e-07
GO:0003735,structural constituent of ribosome,MF,p,4,3765,159,20413,8.983904611704675e-10,1.129491762010208e-07
GO:0098552,side of membrane,CC,e,169,3765,591,20413,9.266172443014413e-10,1.157876048016429e-07
GO:0010817,regulation of hormone levels,BP,e,131,3765,429,20413,1.026819281460611e-09,1.2753095475740789e-07
GO:0016604,nuclear body,CC,p,81,3765,768,20413,1.0638373412177311e-09,1.3133264237093352e-07
GO:0019199,transmembrane receptor protein kinase activity,MF,e,38,3765,78,20413,1.1446451243478265e-09,1.404623504985629e-07
GO:0019787,ubiquitin-like protein transferase activity,MF,p,39,3765,462,20413,1.350130886166235e-09,1.6469185863217056e-07
GO:0022613,ribonucleoprotein complex biogenesis,BP,p,2,3765,132,20413,1.3736542675884082e-09,1.6656980417567603e-07
GO:0070887,cellular response to chemical stimulus,BP,e,292,3765,1149,20413,1.8220367037253748e-09,2.196411657026124e-07
GO:0051241,negative regulation of multicellular organismal process,BP,e,240,3765,912,20413,1.8681355701113667e-09,2.2388129963913587e-07
GO:0042391,regulation of membrane potential,BP,e,118,3765,380,20413,1.9715853028026934e-09,2.3490521866474184e-07
GO:0010498,proteasomal protein catabolic process,BP,p,42,3765,482,20413,2.0208780704998587e-09,2.3938644103325783e-07
GO:0048598,embryonic morphogenesis,BP,e,68,3765,183,20413,2.1403111595916377e-09,2.5207699191673233e-07
GO:0042383,sarcolemma,CC,e,47,3765,109,20413,2.454607680239891e-09,2.8744157252089193e-07
GO:0000151,ubiquitin ligase complex,CC,p,29,3765,379,20413,2.69407409627022e-09,3.1369125258446373e-07
GO:0044085,cellular component biogenesis,BP,p,3,3765,142,20413,2.730967633835601e-09,3.161905068937456e-07
GO:0140149,non-collagenous component of interstitial matrix,CC,e,45,3765,102,20413,2.902879045776663e-09,3.342061813769728e-07
GO:0016324,apical plasma membrane,CC,e,118,3765,383,20413,3.4138220747384806e-09,3.9083494847829993e-07
GO:0045121,membrane raft,CC,e,95,3765,288,20413,3.4879488357369654e-09,3.971029749486535e-07
GO:0008285,negative regulation of cell population proliferation,BP,e,155,3765,538,20413,3.507466221031441e-09,3.971188136331344e-07
GO:0009887,animal organ morphogenesis,BP,e,89,3765,266,20413,3.739224530361309e-09,4.2103257308073793e-07
GO:0051050,positive regulation of transport,BP,e,200,3765,738,20413,4.067869988987478e-09,4.555347523733354e-07
GO:0098857,membrane microdomain,CC,e,95,3765,290,20413,4.126343094804333e-09,4.5957146218383255e-07
GO:0016755,aminoacyltransferase activity,MF,p,42,3765,474,20413,4.67200567475954e-09,5.17531958339715e-07
GO:0006400,tRNA modification,BP,p,0,3765,96,20413,5.600530160911634e-09,6.147409494865973e-07
GO:0007169,cell surface receptor protein tyrosine kinase signaling pathway,BP,e,112,3765,360,20413,5.6095524107741034e-09,6.147409494865973e-07
GO:0005840,ribosome,CC,p,7,3765,180,20413,6.154784227512099e-09,6.70904219012795e-07
GO:0016323,basolateral plasma membrane,CC,e,85,3765,253,20413,6.762326292661971e-09,7.332293794472051e-07
GO:0045184,establishment of protein localization,BP,p,97,3765,858,20413,7.4086235564891255e-09,7.990785397006928e-07
GO:0009058,biosynthetic process,BP,p,296,3765,2120,20413,7.636407749120167e-09,8.193345759304692e-07
GO:0005539,glycosaminoglycan binding,MF,e,61,3765,161,20413,7.8323676001851e-09,8.359828605760065e-07
GO:0019838,growth factor binding,MF,e,51,3765,125,20413,8.191900336558375e-09,8.698270134564289e-07
GO:0007156,homophilic cell-cell adhesion,BP,e,62,3765,166,20413,8.256457746916255e-09,8.721628278739939e-07
GO:0042592,homeostatic process,BP,e,267,3765,1050,20413,9.41712341559959e-09,9.896672315686277e-07
GO:0004714,transmembrane receptor protein tyrosine kinase activity,MF,e,31,3765,61,20413,1.063654588264521e-08,1.1121159937400423e-06
GO:0005684,U2-type spliceosomal complex,CC,p,1,3765,107,20413,1.1708782839376511e-08,1.2180105925245829e-06
GO:0001570,vasculogenesis,BP,e,24,3765,41,20413,1.284704347658411e-08,1.3296689998264554e-06
GO:1901698,response to nitrogen compound,BP,e,175,3765,637,20413,1.2915558536004149e-08,1.3300429199916233e-06
GO:0140168,nuclear ribonucleoprotein granule,CC,p,40,3765,449,20413,1.6390260119429267e-08,1.6794280031373197e-06
GO:0098797,plasma membrane protein complex,CC,e,164,3765,591,20413,1.8063386998497584e-08,1.8235122648286254e-06
GO:0071013,catalytic step 2 spliceosome,CC,p,1,3765,105,20413,1.7984471958796578e-08,1.8235122648286254e-06
GO:0048193,Golgi vesicle transport,BP,p,19,3765,283,20413,1.7897714629807603e-08,1.8235122648286254e-06
GO:0098657,import into cell,BP,e,152,3765,539,20413,2.0289919845491667e-08,2.0382418009493175e-06
GO:0034243,regulation of transcription elongation by RNA polymerase II,BP,p,0,3765,90,20413,2.2396879743911493e-08,2.2389232028876985e-06
GO:1904949,ATPase complex,CC,p,4,3765,142,20413,2.309734016141756e-08,2.297736854019078e-06
GO:0051252,regulation of RNA metabolic process,BP,p,462,3765,3095,20413,2.599416499324075e-08,2.5734223343308343e-06
GO:0004842,ubiquitin-protein transferase activity,MF,p,37,3765,422,20413,2.6302811997740957e-08,2.5914592609120454e-06
GO:0071396,cellular response to lipid,BP,e,114,3765,378,20413,2.9324531178404844e-08,2.8753474518614855e-06
GO:0010646,regulation of cell communication,BP,e,692,3765,3141,20413,3.166298457859876e-08,3.089854966520116e-06
GO:0048518,positive regulation of biological process,BP,e,1135,3765,5412,20413,3.333011608395243e-08,3.237128288665579e-06
GO:0003712,transcription coregulator activity,MF,p,51,3765,524,20413,3.443913842484068e-08,3.329062564812548e-06
GO:0001936,regulation of endothelial cell proliferation,BP,e,49,3765,124,20413,3.673392817069684e-08,3.5342177934370436e-06
GO:0007389,pattern specification process,BP,e,68,3765,194,20413,3.708023680255057e-08,3.5508658541806956e-06
GO:0043161,proteasome-mediated ubiquitin-dependent protein catabolic process,BP,p,35,3765,403,20413,3.939694964075155e-08,3.7551706464554493e-06
GO:0030684,preribosome,CC,p,1,3765,101,20413,4.273798044433759e-08,4.054765894656529e-06
GO:0002040,sprouting angiogenesis,BP,e,20,3765,32,20413,4.5070066941860457e-08,4.256046324101696e-06
GO:0032784,regulation of DNA-templated transcription elongation,BP,p,1,3765,102,20413,4.5274879161380454e-08,4.256046324101696e-06
GO:0051093,negative regulation of developmental process,BP,e,188,3765,705,20413,4.672214736191385e-08,4.372040940126486e-06
GO:0009056,catabolic process,BP,p,254,3765,1831,20413,5.3507726971443456e-08,4.984244767389958e-06
GO:0005178,integrin binding,MF,e,56,3765,150,20413,5.7326937976810085e-08,5.315841357279498e-06
GO:0015031,protein transport,BP,p,74,3765,679,20413,6.221159070544764e-08,5.7428023798501735e-06
GO:0034654,nucleobase-containing compound biosynthetic process,BP,p,78,3765,706,20413,6.327971069887336e-08,5.815206777363281e-06
GO:0070160,tight junction,CC,e,50,3765,129,20413,6.540139697642051e-08,5.983351911775829e-06
GO:0120114,Sm-like protein family complex,CC,p,1,3765,98,20413,6.598346322272214e-08,6.009773830325532e-06
GO:0030855,epithelial cell differentiation,BP,e,78,3765,236,20413,6.734612906218916e-08,6.106744348988684e-06
GO:0030674,protein-macromolecule adaptor activity,MF,p,121,3765,991,20413,6.954927854681092e-08,6.278737291893375e-06
GO:0043408,regulation of MAPK cascade,BP,e,155,3765,561,20413,7.109447050861926e-08,6.390083263741818e-06
GO:0043228,membraneless organelle,CC,p,548,3765,3573,20413,8.926757996513587e-08,7.988473869980477e-06
GO:0042562,hormone binding,MF,e,33,3765,72,20413,9.112017863870237e-08,8.118807916708382e-06
GO:1901343,negative regulation of vasculature development,BP,e,42,3765,102,20413,9.926162608139163e-08,8.805924256649173e-06
GO:0043232,intracellular membraneless organelle,CC,p,548,3765,3571,20413,1.0098756495543766e-07,8.920423140654242e-06
GO:0007010,cytoskeleton organization,BP,e,227,3765,890,20413,1.0198884655223575e-07,8.970203572510588e-06
GO:0097305,response to alcohol,BP,e,74,3765,221,20413,1.0358286508587852e-07,9.071468607713285e-06
GO:1904018,positive regulation of vasculature development,BP,e,57,3765,156,20413,1.0970458447619749e-07,9.566706594343469e-06
GO:0005923,bicellular tight junction,CC,e,48,3765,123,20413,1.1832750632321673e-07,1.0274938928312204e-05
GO:0060255,regulation of macromolecule metabolic process,BP,p,797,3765,4999,20413,1.216220043410569e-07,1.0516454577895693e-05
GO:0051897,positive regulation of phosphatidylinositol 3-kinase/protein kinase B signal transduction,BP,e,62,3765,176,20413,1.2732645913759138e-07,1.096345011389353e-05
GO:0016525,negative regulation of angiogenesis,BP,e,41,3765,99,20413,1.2984582016223706e-07,1.113359996897374e-05
GO:0007189,adenylate cyclase-activating G protein-coupled receptor signaling pathway,BP,e,51,3765,135,20413,1.378217203001431e-07,1.176825214212847e-05
GO:0001664,G protein-coupled receptor binding,MF,e,74,3765,224,20413,1.3879861630579592e-07,1.1802489808940564e-05
GO:0050877,nervous system process,BP,e,144,3765,518,20413,1.4688362607062256e-07,1.2387185798622503e-05
GO:0070372,regulation of ERK1 and ERK2 cascade,BP,e,80,3765,248,20413,1.4641661268776545e-07,1.2387185798622503e-05
GO:0042221,response to chemical,BP,e,459,3765,2006,20413,1.5008276442302556e-07,1.26051069316437e-05
GO:0080090,regulation of primary metabolic process,BP,p,710,3765,4497,20413,1.516364621559541e-07,1.2683616403926396e-05
GO:0045216,cell-cell junction organization,BP,e,54,3765,147,20413,1.550055465303547e-07,1.2912718150595767e-05
GO:0001653,peptide receptor activity,MF,e,38,3765,90,20413,1.5671637360382762e-07,1.3002383175154815e-05
GO:0033108,mitochondrial respiratory chain complex assembly,BP,p,1,3765,95,20413,1.5950157956217995e-07,1.3127172168545195e-05
GO:2000181,negative regulation of blood vessel morphogenesis,BP,e,41,3765,100,20413,1.5922938554898923e-07,1.3127172168545195e-05
GO:0016607,nuclear speck,CC,p,35,3765,392,20413,1.6153821646223582e-07,1.3241610679842395e-05
GO:0035239,tube morphogenesis,BP,e,56,3765,154,20413,1.6488439832142928e-07,1.3462055676498208e-05
GO:0006405,RNA export from nucleus,BP,p,0,3765,78,20413,1.92519402523034e-07,1.5655952840891016e-05
GO:0006974,DNA damage response,BP,p,80,3765,707,20413,1.9411482259345005e-07,1.5707018354775684e-05
GO:0006959,humoral immune response,BP,e,63,3765,181,20413,1.9468026458366388e-07,1.5707018354775684e-05
GO:0051049,regulation of transport,BP,e,325,3765,1360,20413,2.1402622031057441e-07,1.7200154246370987e-05
GO:0000209,protein polyubiquitination,BP,p,16,3765,240,20413,2.2525728996950677e-07,1.8032022044316808e-05
GO:0015934,large ribosomal subunit,CC,p,2,3765,107,20413,2.2662815615812773e-07,1.8071170444157632e-05
GO:0031966,mitochondrial membrane,CC,p,88,3765,759,20413,2.3128088844629788e-07,1.8370694755542568e-05
GO:0023051,regulation of signaling,BP,e,683,3765,3134,20413,2.4590810262101725e-07,1.937353627913287e-05
GO:0031123,RNA 3'-end processing,BP,p,1,3765,93,20413,2.486331938423825e-07,1.937353627913287e-05
GO:0045766,positive regulation of angiogenesis,BP,e,55,3765,152,20413,2.4815663861694216e-07,1.937353627913287e-05
GO:0006402,mRNA catabolic process,BP,p,5,3765,140,20413,2.4699320530032913e-07,1.937353627913287e-05
GO:0061659,ubiquitin-like protein ligase activity,MF,p,33,3765,374,20413,2.473416834962305e-07,1.937353627913287e-05
GO:1905952,regulation of lipid localization,BP,e,50,3765,134,20413,2.5053599200359945e-07,1.944785637927941e-05
GO:0065003,protein-containing complex assembly,BP,p,153,3765,1180,20413,2.522187567176289e-07,1.9504599929865546e-05
GO:0008544,epidermis development,BP,e,37,3765,88,20413,2.572940761286691e-07,1.9822283842499307e-05
GO:0006954,inflammatory response,BP,e,90,3765,293,20413,2.919134605056418e-07,2.240517807543864e-05
GO:0019955,cytokine binding,MF,e,50,3765,135,20413,3.042384004511766e-07,2.3236653797252793e-05
GO:0003713,transcription coactivator activity,MF,p,22,3765,286,20413,3.0501438888698584e-07,2.3236653797252793e-05
GO:0008528,G protein-coupled peptide receptor activity,MF,e,36,3765,85,20413,3.1031404902071615e-07,2.3552836320672357e-05
GO:0032879,regulation of localization,BP,e,393,3765,1695,20413,3.214519816632651e-07,2.4218806839063572e-05
GO:0043414,macromolecule methylation,BP,p,2,3765,103,20413,3.203468691627523e-07,2.4218806839063572e-05
GO:0042330,taxis,BP,e,83,3765,264,20413,3.4762159323416654e-07,2.5999304051634215e-05
GO:0006935,chemotaxis,BP,e,83,3765,264,20413,3.4762159323416654e-07,2.5999304051634215e-05
GO:0005759,mitochondrial matrix,CC,p,44,3765,449,20413,3.85243565461917e-07,2.8708350498222057e-05
GO:0032543,mitochondrial translation,BP,p,1,3765,91,20413,3.884993383170586e-07,2.874193841202701e-05
GO:0002181,cytoplasmic translation,BP,p,1,3765,91,20413,3.884993383170586e-07,2.874193841202701e-05
GO:1905954,positive regulation of lipid localization,BP,e,36,3765,86,20413,4.222709601010551e-07,3.112805318471555e-05
GO:0120161,regulation of cold-induced thermogenesis,BP,e,52,3765,144,20413,4.4187366473509545e-07,3.2456333374252014e-05
GO:0048729,tissue morphogenesis,BP,e,68,3765,206,20413,4.7666656804976815e-07,3.48868856394425e-05
GO:0070098,chemokine-mediated signaling pathway,BP,e,29,3765,63,20413,4.839074652588625e-07,3.529080315142302e-05
GO:0043933,protein-containing complex organization,BP,p,178,3765,1327,20413,5.029669720830356e-07,3.6550716875523584e-05
GO:0040011,locomotion,BP,e,84,3765,271,20413,5.134313514981762e-07,3.717932397968949e-05
GO:0008186,"ATP-dependent activity, acting on RNA",MF,p,0,3765,75,20413,5.211669937996057e-07,3.747464983836954e-05
GO:0042274,ribosomal small subunit biogenesis,BP,p,0,3765,75,20413,5.211669937996057e-07,3.747464983836954e-05
GO:0010556,regulation of macromolecule biosynthetic process,BP,p,685,3765,4322,20413,5.280111555814792e-07,3.783403010954984e-05
GO:0060090,molecular adaptor activity,MF,p,155,3765,1180,20413,5.758872823779375e-07,4.112075985286088e-05
GO:0043005,neuron projection,CC,e,238,3765,961,20413,5.791187814610273e-07,4.120792079333622e-05
GO:0061630,ubiquitin protein ligase activity,MF,p,32,3765,357,20413,5.946539775836111e-07,4.2166934126716065e-05
GO:0008283,cell population proliferation,BP,e,91,3765,301,20413,6.067475807556021e-07,4.287613162905018e-05
GO:0001216,DNA-binding transcription activator activity,MF,e,112,3765,390,20413,6.274341794208686e-07,4.4185596697154155e-05
GO:0098739,import across plasma membrane,BP,e,60,3765,176,20413,6.869359992456143e-07,4.821020353609718e-05
GO:0043069,negative regulation of programmed cell death,BP,e,182,3765,704,20413,7.021541054646351e-07,4.9110048065825147e-05
GO:0010468,regulation of gene expression,BP,p,666,3765,4206,20413,7.228413547740835e-07,5.0384992800630244e-05
GO:0003724,RNA helicase activity,MF,p,0,3765,71,20413,7.326150753182247e-07,5.089315504575043e-05
GO:0043434,response to peptide hormone,BP,e,84,3765,273,20413,8.369594424703852e-07,5.7750201530456576e-05
GO:0032259,methylation,BP,p,3,3765,111,20413,8.351417567546104e-07,5.7750201530456576e-05
GO:0030532,small nuclear ribonucleoprotein complex,CC,p,1,3765,86,20413,8.779231592915521e-07,6.0373420481079784e-05
GO:0019722,calcium-mediated signaling,BP,e,52,3765,147,20413,9.901880327179498e-07,6.741502775577723e-05
GO:0034764,positive regulation of transmembrane transport,BP,e,52,3765,147,20413,9.901880327179498e-07,6.741502775577723e-05
GO:0005856,cytoskeleton,CC,e,242,3765,986,20413,9.87038513015708e-07,6.741502775577723e-05
GO:2000781,positive regulation of double-strand break repair,BP,p,2,3765,97,20413,1.116506596128367e-06,7.576347574324048e-05
GO:0046883,regulation of hormone secretion,BP,e,69,3765,213,20413,1.1400329010824632e-06,7.710460145835948e-05
GO:0003729,mRNA binding,MF,p,34,3765,366,20413,1.1651049199607097e-06,7.854110238406191e-05
GO:0019222,regulation of metabolic process,BP,p,885,3765,5438,20413,1.1782861951170166e-06,7.904054585682604e-05
GO:0022626,cytosolic ribosome,CC,p,2,3765,98,20413,1.1802277378709202e-06,7.904054585682604e-05
GO:0019783,ubiquitin-like protein peptidase activity,MF,p,3,3765,108,20413,1.210271091168545e-06,8.078855202383386e-05
GO:0001228,"DNA-binding transcription activator activity, RNA polymerase II-specific",MF,e,108,3765,378,20413,1.2172756092906703e-06,8.09923021467328e-05
GO:0019216,regulation of lipid metabolic process,BP,e,85,3765,281,20413,1.2919296658306685e-06,8.56812771581485e-05
GO:0035295,tube development,BP,e,45,3765,121,20413,1.3686317629622181e-06,9.047538941414431e-05
GO:0034762,regulation of transmembrane transport,BP,e,95,3765,322,20413,1.40536076123527e-06,9.260468836011057e-05
GO:0051896,regulation of phosphatidylinositol 3-kinase/protein kinase B signal transduction,BP,e,75,3765,240,20413,1.424120722983517e-06,9.354008325673465e-05
GO:0050900,leukocyte migration,BP,e,58,3765,172,20413,1.5031835568432543e-06,9.841770169453294e-05
GO:0048878,chemical homeostasis,BP,e,191,3765,752,20413,1.5248108741291542e-06,9.95157619220661e-05
GO:0006282,regulation of DNA repair,BP,p,16,3765,225,20413,1.5380687751453427e-06,0.0001000623600287413
GO:0050878,regulation of body fluid levels,BP,e,66,3765,203,20413,1.5865623189189648e-06,0.00010257749759125118
GO:0004540,RNA nuclease activity,MF,p,5,3765,127,20413,1.5867401911104584e-06,0.00010257749759125118
GO:0070603,SWI/SNF superfamily-type complex,CC,p,2,3765,94,20413,1.6823920624592507e-06,0.00010841905828923719
GO:0015935,small ribosomal subunit,CC,p,0,3765,68,20413,1.8836594476763336e-06,0.0001206307283163472
GO:0030856,regulation of epithelial cell differentiation,BP,e,44,3765,118,20413,1.8785665953668012e-06,0.0001206307283163472
GO:0004252,serine-type endopeptidase activity,MF,e,52,3765,149,20413,1.931071954194564e-06,0.00012328179924395388
GO:1903034,regulation of response to wounding,BP,e,50,3765,142,20413,1.9389789293910617e-06,0.00012340215900624542
GO:0045739,positive regulation of DNA repair,BP,p,6,3765,136,20413,2.008625507474438e-06,0.00012743889326524355
GO:0016746,acyltransferase activity,MF,p,82,3765,692,20413,2.018810099578207e-06,0.0001276897387983216
GO:0042995,cell projection,CC,e,393,3765,1725,20413,2.1118299466674097e-06,0.0001331622495294007
GO:0048468,cell development,BP,e,136,3765,505,20413,2.2281523008006823e-06,0.00014006602791505639
GO:0120025,plasma membrane bounded cell projection,CC,e,392,3765,1722,20413,2.427942900700819e-06,0.00015215851334575499
GO:0005604,basement membrane,CC,e,38,3765,98,20413,2.4370938091871945e-06,0.00015226635192583284
GO:0048583,regulation of response to stimulus,BP,e,766,3765,3605,20413,2.454283362893948e-06,0.0001528742521452452
GO:0009889,regulation of biosynthetic process,BP,p,721,3765,4491,20413,2.507039132724309e-06,0.0001556871301421796
GO:0030858,positive regulation of epithelial cell differentiation,BP,e,25,3765,54,20413,2.5841914443409067e-06,0.00015951155201469338
GO:0006888,endoplasmic reticulum to Golgi vesicle-mediated transport,BP,p,4,3765,114,20413,2.577637081695591e-06,0.00015951155201469338
GO:0033293,monocarboxylic acid binding,MF,e,30,3765,70,20413,2.625704682702862e-06,0.00016158728547336262
GO:1903036,positive regulation of response to wounding,BP,e,28,3765,64,20413,2.6700617613841622e-06,0.00016382507687438813
GO:0043066,negative regulation of apoptotic process,BP,e,171,3765,666,20413,2.7197814251280884e-06,0.00016637755446313407
GO:0031982,vesicle,CC,e,689,3765,3214,20413,2.7884629680707577e-06,0.00017007134406152988
GO:0006406,mRNA export from nucleus,BP,p,0,3765,65,20413,2.8020015871314218e-06,0.00017038996594980483
GO:0043114,regulation of vascular permeability,BP,e,24,3765,51,20413,2.8496877689079584e-06,0.00017226740840186073
GO:0006641,triglyceride metabolic process,BP,e,24,3765,51,20413,2.8496877689079584e-06,0.00017226740840186073
GO:0043410,positive regulation of MAPK cascade,BP,e,108,3765,384,20413,2.8645096249325816e-06,0.00017265410512865703
GO:0004518,nuclease activity,MF,p,15,3765,212,20413,2.8917072504624474e-06,0.00017378227766488835
GO:0002009,morphogenesis of an epithelium,BP,e,53,3765,154,20413,2.921802835666924e-06,0.00017507750149509436
GO:0006413,translational initiation,BP,p,0,3765,66,20413,2.995586818522533e-06,0.00017897539554513782
GO:0050808,synapse organization,BP,e,72,3765,231,20413,3.10913122368145e-06,0.0001852192621130929
GO:0006754,ATP biosynthetic process,BP,p,1,3765,79,20413,3.1223134070116325e-06,0.00018546541637649099
GO:0050679,positive regulation of epithelial cell proliferation,BP,e,51,3765,148,20413,3.239206721580849e-06,0.00019185278423513392
GO:0060326,cell chemotaxis,BP,e,56,3765,168,20413,3.2849920935824447e-06,0.00019400387024145544
GO:0071944,cell periphery,CC,e,34,3765,85,20413,3.452982029385439e-06,0.00020333896760975803
GO:0090303,positive regulation of wound healing,BP,e,26,3765,58,20413,3.468591512811514e-06,0.00020367291080815577
GO:0043021,ribonucleoprotein complex binding,MF,p,11,3765,177,20413,3.5857245714803318e-06,0.00020994929612384698
GO:0010565,regulation of ketone metabolic process,BP,e,41,3765,111,20413,3.6905316670078565e-06,0.00021364425268924293
GO:0019957,C-C chemokine binding,MF,e,14,3765,22,20413,3.68491671742226e-06,0.00021364425268924293
GO:0044853,plasma membrane raft,CC,e,41,3765,111,20413,3.6905316670078565e-06,0.00021364425268924293
GO:0006259,DNA metabolic process,BP,p,75,3765,639,20413,3.680141801946876e-06,0.00021364425268924293
GO:0071674,mononuclear cell migration,BP,e,33,3765,81,20413,3.7361380589678837e-06,0.00021567514716177137
GO:1901699,cellular response to nitrogen compound,BP,e,112,3765,404,20413,3.751080794602718e-06,0.00021592949079717277
GO:0005643,nuclear pore,CC,p,2,3765,90,20413,3.828879045574949e-06,0.0002197905273976679
GO:0035150,regulation of tube size,BP,e,40,3765,107,20413,3.879465861085682e-06,0.00022083859414230244
GO:0097746,blood vessel diameter maintenance,BP,e,40,3765,107,20413,3.879465861085682e-06,0.00022083859414230244
GO:0035296,regulation of tube diameter,BP,e,40,3765,107,20413,3.879465861085682e-06,0.00022083859414230244
GO:0046888,negative regulation of hormone secretion,BP,e,25,3765,55,20413,3.910516596314076e-06,0.000221989519690483
GO:0007610,behavior,BP,e,90,3765,309,20413,3.929820732486835e-06,0.00022246910572058763
GO:0031406,carboxylic acid binding,MF,e,61,3765,188,20413,4.190376488643878e-06,0.0002365657999498044
GO:0009925,basal plasma membrane,CC,e,29,3765,68,20413,4.267059150746591e-06,0.00023957491281164357
GO:0015026,coreceptor activity,MF,e,29,3765,68,20413,4.267059150746591e-06,0.00023957491281164357
GO:0140534,endoplasmic reticulum protein-containing complex,CC,p,6,3765,132,20413,4.291191335473434e-06,0.0002402715410870412
GO:0072073,kidney epithelium development,BP,e,24,3765,52,20413,4.369595525171663e-06,0.00024333185080799698
GO:0046887,positive regulation of hormone secretion,BP,e,45,3765,126,20413,4.368205203673769e-06,0.00024333185080799698
GO:0000049,tRNA binding,MF,p,0,3765,62,20413,4.397099281779378e-06,0.00024419987962467427
GO:0032370,positive regulation of lipid transport,BP,e,30,3765,72,20413,4.463287235694995e-06,0.0002472057981651285
GO:0097525,spliceosomal snRNP complex,CC,p,1,3765,76,20413,4.7847392230566044e-06,0.0002642955819355768
GO:0060249,anatomical structure homeostasis,BP,e,42,3765,115,20413,4.839083338848289e-06,0.00026515330177277535
GO:0032368,regulation of lipid transport,BP,e,42,3765,115,20413,4.839083338848289e-06,0.00026515330177277535
GO:0001894,tissue homeostasis,BP,e,42,3765,115,20413,4.839083338848289e-06,0.00026515330177277535
GO:0010608,post-transcriptional regulation of gene expression,BP,p,57,3765,515,20413,4.935280405619615e-06,0.00026970320360630075
GO:0043177,organic acid binding,MF,e,61,3765,190,20413,5.09397838622973e-06,0.0002776353698643773
GO:0061035,regulation of cartilage development,BP,e,22,3765,46,20413,5.2753582417819825e-06,0.00028675839906853627
GO:0008201,heparin binding,MF,e,44,3765,122,20413,5.295179642468558e-06,0.00028707438204525964
GO:0061041,regulation of wound healing,BP,e,42,3765,116,20413,5.647390918807578e-06,0.0003053614303406958
GO:0010232,vascular transport,BP,e,34,3765,87,20413,5.687542499309786e-06,0.000305918132384135
GO:0150104,transport across blood-brain barrier,BP,e,34,3765,87,20413,5.687542499309786e-06,0.000305918132384135
GO:0005179,hormone activity,MF,e,32,3765,79,20413,5.906435931348993e-06,0.00031434750810971406
GO:0051052,regulation of DNA metabolic process,BP,p,49,3765,459,20413,5.916545536095921e-06,0.00031434750810971406
GO:0048522,positive regulation of cellular process,BP,e,1047,3765,5081,20413,5.882792137698662e-06,0.00031434750810971406
GO:0098637,protein complex involved in cell-matrix adhesion,CC,e,13,3765,20,20413,5.90029228281777e-06,0.00031434750810971406
GO:0032355,response to estradiol,BP,e,37,3765,98,20413,5.9209553569682145e-06,0.00031434750810971406
GO:0002792,negative regulation of peptide secretion,BP,e,18,3765,34,20413,6.194583693308583e-06,0.0003280248155735731
GO:0050680,negative regulation of epithelial cell proliferation,BP,e,35,3765,90,20413,6.758439600921891e-06,0.00035696057407652663
GO:0003777,microtubule motor activity,MF,e,28,3765,66,20413,6.941635741955446e-06,0.0003648387668754656
GO:0030490,maturation of SSU-rRNA,BP,p,0,3765,61,20413,6.943205927947669e-06,0.0003648387668754656
GO:0008236,serine-type peptidase activity,MF,e,55,3765,166,20413,7.025583536976074e-06,0.00036728388628380274
GO:0070374,positive regulation of ERK1 and ERK2 cascade,BP,e,55,3765,166,20413,7.025583536976074e-06,0.00036728388628380274
GO:0018149,peptide cross-linking,BP,e,7,3765,7,20413,7.228198830754884e-06,0.000376914703915165
GO:0007043,cell-cell junction assembly,BP,e,39,3765,106,20413,7.283902439096039e-06,0.0003788553621431348
GO:0000956,nuclear-transcribed mRNA catabolic process,BP,p,5,3765,119,20413,7.387219741637084e-06,0.00038325644092498425
GO:0033036,macromolecule localization,BP,p,188,3765,1346,20413,7.469699885010921e-06,0.00038655696904931516
GO:0007204,positive regulation of cytosolic calcium ion concentration,BP,e,46,3765,132,20413,7.506720087224764e-06,0.0003874942436964662
GO:0016740,transferase activity,MF,p,316,3765,2115,20413,7.67604364341216e-06,0.00039523910146845574
GO:0090257,regulation of muscle system process,BP,e,65,3765,208,20413,8.308485848280487e-06,0.00042673132954589477
GO:0034708,methyltransferase complex,CC,p,4,3765,108,20413,8.362910880860592e-06,0.00042845283170369025
GO:1903311,regulation of mRNA metabolic process,BP,p,29,3765,311,20413,8.653238324475985e-06,0.0004422214787618114
GO:0003002,regionalization,BP,e,40,3765,109,20413,8.876798388994655e-06,0.00045154829657821145
GO:0009966,regulation of signal transduction,BP,e,593,3765,2751,20413,8.879810838872747e-06,0.00045154829657821145
GO:0045596,negative regulation of cell differentiation,BP,e,133,3765,504,20413,8.97152818436064e-06,0.0004539593261286484
GO:0009201,ribonucleoside triphosphate biosynthetic process,BP,p,3,3765,97,20413,8.957168571754888e-06,0.0004539593261286484
GO:0043270,positive regulation of monoatomic ion transport,BP,e,50,3765,148,20413,9.026310338394766e-06,0.0004556063491741969
GO:0006355,regulation of DNA-templated transcription,BP,p,435,3765,2810,20413,9.495973049033776e-06,0.0004781350754148628
GO:0048589,developmental growth,BP,e,52,3765,156,20413,9.603775574401298e-06,0.000480308884592505
GO:0098772,molecular function regulator activity,MF,e,471,3765,2137,20413,9.609458970522962e-06,0.000480308884592505
GO:0040007,growth,BP,e,52,3765,156,20413,9.603775574401298e-06,0.000480308884592505
GO:0120193,tight junction organization,BP,e,20,3765,41,20413,9.670664277096185e-06,0.0004821920268382777
GO:0030001,metal ion transport,BP,e,143,3765,550,20413,9.77862009411919e-06,0.0004857022497015322
GO:0006281,DNA repair,BP,p,44,3765,417,20413,9.788465774983302e-06,0.0004857022497015322
GO:0031253,cell projection membrane,CC,e,100,3765,359,20413,1.0005218851800966e-05,0.0004952583331641478
GO:0002673,regulation of acute inflammatory response,BP,e,19,3765,38,20413,1.0225978592529464e-05,0.000502544314860207
GO:0032330,regulation of chondrocyte differentiation,BP,e,19,3765,38,20413,1.0225978592529464e-05,0.000502544314860207
GO:0141187,nucleic acid biosynthetic process,BP,p,46,3765,432,20413,1.0190975817790164e-05,0.000502544314860207
GO:0017171,serine hydrolase activity,MF,e,56,3765,172,20413,1.0360199702978444e-05,0.0005067101969287285
GO:0071375,cellular response to peptide hormone stimulus,BP,e,56,3765,172,20413,1.0360199702978444e-05,0.0005067101969287285
GO:0090278,negative regulation of peptide hormone secretion,BP,e,17,3765,32,20413,1.0567295922547015e-05,0.0005143838369139097
GO:0055074,calcium ion homeostasis,BP,e,58,3765,180,20413,1.054526459031666e-05,0.0005143838369139097
GO:0001666,response to hypoxia,BP,e,72,3765,239,20413,1.067727956433528e-05,0.0005160601181884974
GO:0016073,snRNA metabolic process,BP,p,0,3765,58,20413,1.0653700553991199e-05,0.0005160601181884974
GO:0065002,intracellular protein transmembrane transport,BP,p,0,3765,58,20413,1.0653700553991199e-05,0.0005160601181884974
GO:0003824,catalytic activity,MF,p,863,3765,5253,20413,1.0930889422184742e-05,0.0005270746280678398
GO:0032040,small-subunit processome,CC,p,1,3765,72,20413,1.116271898399525e-05,0.0005357320846346948
GO:0015986,proton motive force-driven ATP synthesis,BP,p,1,3765,72,20413,1.116271898399525e-05,0.0005357320846346948
GO:0007193,adenylate cyclase-inhibiting G protein-coupled receptor signaling pathway,BP,e,31,3765,78,20413,1.1313774786765176e-05,0.0005417130530494831
GO:0051047,positive regulation of secretion,BP,e,79,3765,269,20413,1.1468297695475272e-05,0.0005478317591453957
GO:0008104,intracellular protein localization,BP,p,184,3765,1313,20413,1.1685420027632684e-05,0.0005562366950894856
GO:0008217,regulation of blood pressure,BP,e,43,3765,123,20413,1.1698531966211306e-05,0.0005562366950894856
GO:2001141,regulation of RNA biosynthetic process,BP,p,438,3765,2823,20413,1.2509166277648682e-05,0.0005920331282398485
GO:0010001,glial cell differentiation,BP,e,22,3765,48,20413,1.250282130946373e-05,0.0005920331282398485
GO:0005901,caveola,CC,e,30,3765,74,20413,1.2714648125370468e-05,0.0005995778452136286
GO:0070062,extracellular exosome,CC,e,438,3765,1979,20413,1.2727095235833134e-05,0.0005995778452136286
GO:0051170,import into nucleus,BP,p,3,3765,94,20413,1.3157464365363568e-05,0.0006184310028426505
GO:0001501,skeletal system development,BP,e,39,3765,107,20413,1.333421903936444e-05,0.000625304692845985
GO:0101005,deubiquitinase activity,MF,p,3,3765,95,20413,1.3438708206319539e-05,0.0006287658613518409
GO:0030021,extracellular matrix structural constituent conferring compression resistance,MF,e,11,3765,16,20413,1.444302492169741e-05,0.0006742161952627449
GO:0098636,protein complex involved in cell adhesion,CC,e,26,3765,61,20413,1.4612654009435397e-05,0.0006805843604894535
GO:1904062,regulation of monoatomic cation transmembrane transport,BP,e,67,3765,220,20413,1.5122296057869108e-05,0.0007027238392605706
GO:0140463,chromatin-protein adaptor activity,MF,p,7,3765,134,20413,1.5179093696916672e-05,0.0007028302233387814
GO:0005126,cytokine receptor binding,MF,e,63,3765,203,20413,1.5193177618654182e-05,0.0007028302233387814
GO:0007599,hemostasis,BP,e,28,3765,69,20413,1.6056486575297367e-05,0.0007410936472692994
GO:0007178,cell surface receptor protein serine/threonine kinase signaling pathway,BP,e,46,3765,135,20413,1.6330562687690243e-05,0.0007520499351883958
GO:2000779,regulation of double-strand break repair,BP,p,8,3765,142,20413,1.6554943298251374e-05,0.0007589719306735245
GO:0040029,epigenetic regulation of gene expression,BP,p,24,3765,269,20413,1.652768824202305e-05,0.0007589719306735245
GO:0065010,extracellular membrane-bounded organelle,CC,e,444,3765,2014,20413,1.7020588921526356e-05,0.0007751176194863102
GO:0043230,extracellular organelle,CC,e,444,3765,2014,20413,1.7020588921526356e-05,0.0007751176194863102
GO:1903561,extracellular vesicle,CC,e,444,3765,2014,20413,1.7020588921526356e-05,0.0007751176194863102
GO:0046622,positive regulation of organ growth,BP,e,15,3765,27,20413,1.7268274560349907e-05,0.0007846535489251678
GO:0044060,regulation of endocrine process,BP,e,18,3765,36,20413,1.747786577922767e-05,0.0007924201402958244
GO:0034767,positive regulation of monoatomic ion transmembrane transport,BP,e,37,3765,102,20413,1.759327060928925e-05,0.0007958915995500321
GO:0000387,spliceosomal snRNP assembly,BP,p,1,3765,71,20413,1.7932841811046872e-05,0.0008094663595457788
GO:0043269,regulation of monoatomic ion transport,BP,e,91,3765,324,20413,1.8226952366220352e-05,0.0008209339227273707
GO:0015267,channel activity,MF,e,118,3765,444,20413,1.835082467655617e-05,0.0008228959520714782
GO:0022803,passive transmembrane transporter activity,MF,e,118,3765,444,20413,1.835082467655617e-05,0.0008228959520714782
GO:0001667,ameboidal-type cell migration,BP,e,26,3765,62,20413,1.8414466345203763e-05,0.0008237820902065973
GO:0051046,regulation of secretion,BP,e,133,3765,512,20413,1.8450982257591773e-05,0.0008237820902065973
GO:0097060,synaptic membrane,CC,e,108,3765,398,20413,1.982401628677893e-05,0.0008831599255760015
GO:0000118,histone deacetylase complex,CC,p,2,3765,82,20413,2.0366109495136432e-05,0.0009053420431319543
GO:0031589,cell-substrate adhesion,BP,e,46,3765,137,20413,2.0534613290169588e-05,0.0009108567752282368
GO:1903432,regulation of TORC1 signaling,BP,p,5,3765,111,20413,2.209096426517326e-05,0.0009777756602293642
GO:1904064,positive regulation of cation transmembrane transport,BP,e,36,3765,99,20413,2.2389061566111792e-05,0.0009888341350739848
GO:0043022,ribosome binding,MF,p,5,3765,112,20413,2.2506496650712937e-05,0.0009918830878775488
GO:0010959,regulation of metal ion transport,BP,e,80,3765,278,20413,2.295921813066278e-05,0.0010096636419563783
GO:0016339,calcium-dependent cell-cell adhesion,BP,e,20,3765,43,20413,2.3613740214303994e-05,0.0010362235079480339
GO:0051048,negative regulation of secretion,BP,e,45,3765,133,20413,2.391860077801973e-05,0.0010473587302221332
GO:0034504,protein localization to nucleus,BP,p,9,3765,146,20413,2.4388846688666157e-05,0.0010656729961425065
GO:0141091,transforming growth factor beta receptor superfamily signaling pathway,BP,e,43,3765,126,20413,2.4910156597333073e-05,0.0010861358279769077
GO:0090734,site of DNA damage,CC,p,9,3765,148,20413,2.5124043061338517e-05,0.0010931359117962
GO:0032774,RNA biosynthetic process,BP,p,37,3765,358,20413,2.5363579031853858e-05,0.0011012199684317396
GO:0016741,"transferase activity, transferring one-carbon groups",MF,p,15,3765,195,20413,2.5873748056241748e-05,0.0011186302086847303
GO:0140993,histone modifying activity,MF,p,15,3765,195,20413,2.5873748056241748e-05,0.0011186302086847303
GO:0034765,regulation of monoatomic ion transmembrane transport,BP,e,69,3765,232,20413,2.5945502192143437e-05,0.0011193708977338852
GO:0031248,protein acetyltransferase complex,CC,p,4,3765,100,20413,2.6020041453527227e-05,0.0011202283813175073
GO:0032968,positive regulation of transcription elongation by RNA polymerase II,BP,p,0,3765,54,20413,2.6083325746128626e-05,0.0011205987306402807
GO:0071805,potassium ion transmembrane transport,BP,e,49,3765,149,20413,2.661861482586799e-05,0.001141203501310696
GO:0045785,positive regulation of cell adhesion,BP,e,110,3765,411,20413,2.720754768811673e-05,0.0011619302916708663
GO:1903532,positive regulation of secretion by cell,BP,e,74,3765,253,20413,2.7215465768897466e-05,0.0011619302916708663
GO:0071011,precatalytic spliceosome,CC,p,1,3765,69,20413,2.791757557116709e-05,0.0011894280170060855
GO:0062013,positive regulation of small molecule metabolic process,BP,e,47,3765,142,20413,2.8010143740683975e-05,0.0011908960076303667
GO:2000146,negative regulation of cell motility,BP,e,81,3765,284,20413,2.840079360424499e-05,0.0012050051000658231
GO:0048871,multicellular organismal-level homeostasis,BP,e,89,3765,318,20413,2.8892065321330614e-05,0.0012233163112190667
GO:0006606,protein import into nucleus,BP,p,3,3765,90,20413,2.9071389574247915e-05,0.0012283711062784793
GO:0060421,positive regulation of heart growth,BP,e,14,3765,25,20413,2.9356859087057445e-05,0.0012378808915042556
GO:0008009,chemokine activity,MF,e,17,3765,34,20413,2.991036210089455e-05,0.0012560513330607214
GO:0045923,positive regulation of fatty acid metabolic process,BP,e,17,3765,34,20413,2.991036210089455e-05,0.0012560513330607214
GO:0019956,chemokine binding,MF,e,16,3765,31,20413,3.091344048354945e-05,0.0012928757874068957
GO:0001944,vasculature development,BP,e,16,3765,31,20413,3.091344048354945e-05,0.0012928757874068957
GO:0036293,response to decreased oxygen levels,BP,e,72,3765,246,20413,3.11091568821225e-05,0.0012957722601327976
GO:0001510,RNA methylation,BP,p,2,3765,80,20413,3.10868680656662e-05,0.0012957722601327976
GO:0007596,blood coagulation,BP,e,26,3765,64,20413,3.190369443133499e-05,0.0013234866598812712
GO:0050817,coagulation,BP,e,26,3765,64,20413,3.190369443133499e-05,0.0013234866598812712
GO:0007162,negative regulation of cell adhesion,BP,e,75,3765,258,20413,3.2463395092828385e-05,0.0013439845568430952
GO:0045834,positive regulation of lipid metabolic process,BP,e,42,3765,123,20413,3.259116450209329e-05,0.0013465538994786245
GO:0001938,positive regulation of endothelial cell proliferation,BP,e,31,3765,81,20413,3.424941923014258e-05,0.0014122200166666236
GO:0120162,positive regulation of cold-induced thermogenesis,BP,e,35,3765,97,20413,3.462668760245592e-05,0.001424909054291424
GO:0050920,regulation of chemotaxis,BP,e,55,3765,176,20413,3.538906152587511e-05,0.0014533628013021216
GO:0008168,methyltransferase activity,MF,p,14,3765,185,20413,3.588803406197251e-05,0.0014709069640640052
GO:0008016,regulation of heart contraction,BP,e,53,3765,168,20413,3.607652912563496e-05,0.0014735693973571256
GO:0006639,acylglycerol metabolic process,BP,e,29,3765,75,20413,3.616871160252936e-05,0.0014735693973571256
GO:0006638,neutral lipid metabolic process,BP,e,29,3765,75,20413,3.616871160252936e-05,0.0014735693973571256
GO:0008757,S-adenosylmethionine-dependent methyltransferase activity,MF,p,11,3765,160,20413,3.641642081373625e-05,0.0014807176820156687
GO:1903522,regulation of blood circulation,BP,e,64,3765,213,20413,3.727795684415948e-05,0.001512746870509624
GO:0050839,cell adhesion molecule binding,MF,e,155,3765,619,20413,3.811311261194568e-05,0.0015435810607838001
GO:0051480,regulation of cytosolic calcium ion concentration,BP,e,24,3765,57,20413,3.844184736396026e-05,0.001550765311081964
GO:0048514,blood vessel morphogenesis,BP,e,24,3765,57,20413,3.844184736396026e-05,0.001550765311081964
GO:0030424,axon,CC,e,110,3765,414,20413,3.858950169004834e-05,0.0015536633755091566
GO:0048545,response to steroid hormone,BP,e,54,3765,171,20413,3.902025671228528e-05,0.0015679257270683573
GO:0071012,catalytic step 1 spliceosome,CC,p,1,3765,65,20413,4.002294232026084e-05,0.001598811222161999
GO:0071006,U2-type catalytic step 1 spliceosome,CC,p,1,3765,65,20413,4.002294232026084e-05,0.001598811222161999
GO:0042776,proton motive force-driven mitochondrial ATP synthesis,BP,p,1,3765,65,20413,4.002294232026084e-05,0.001598811222161999
GO:0005216,monoatomic ion channel activity,MF,e,105,3765,391,20413,4.057248187209507e-05,0.0016176106439782965
GO:0090066,regulation of anatomical structure size,BP,e,86,3765,308,20413,4.1752835157347985e-05,0.00166143854539715
GO:0007411,axon guidance,BP,e,52,3765,164,20413,4.217564194938762e-05,0.001675010524164342
GO:0005198,structural molecule activity,MF,e,178,3765,729,20413,4.232862903717453e-05,0.001677834806303322
GO:1903531,negative regulation of secretion by cell,BP,e,41,3765,120,20413,4.322453338014235e-05,0.001710039309959956
GO:0031461,cullin-RING ubiquitin ligase complex,CC,p,22,3765,246,20413,4.3901688936108274e-05,0.001733482295506102
GO:0120192,tight junction assembly,BP,e,18,3765,38,20413,4.434034945645807e-05,0.0017474361180984525
GO:0009145,purine nucleoside triphosphate biosynthetic process,BP,p,3,3765,89,20413,4.58592868476061e-05,0.0018003723474482602
GO:0009206,purine ribonucleoside triphosphate biosynthetic process,BP,p,3,3765,89,20413,4.58592868476061e-05,0.0018003723474482602
GO:0097485,neuron projection guidance,BP,e,52,3765,165,20413,4.6303408735366415e-05,0.0018143322279423784
GO:0070646,protein modification by small protein removal,BP,p,5,3765,107,20413,4.654707750681737e-05,0.0018203993498992525
GO:0001508,action potential,BP,e,31,3765,83,20413,4.70712564903107e-05,0.0018373928747732137
GO:0051130,positive regulation of cellular component organization,BP,e,230,3765,978,20413,4.8254546365763236e-05,0.0018764334320181897
GO:0040013,negative regulation of locomotion,BP,e,82,3765,291,20413,4.82351997227313e-05,0.0018764334320181897
GO:0140566,histone reader activity,MF,p,5,3765,108,20413,4.845673000503967e-05,0.0018807268333206023
GO:0051054,positive regulation of DNA metabolic process,BP,p,24,3765,259,20413,4.934550051628593e-05,0.0019116017808700333
GO:0060562,epithelial tube morphogenesis,BP,e,27,3765,68,20413,4.9592435540880836e-05,0.0019175429840363602
GO:0046460,neutral lipid biosynthetic process,BP,e,13,3765,23,20413,4.992100126143869e-05,0.0019229907497192917
GO:0046463,acylglycerol biosynthetic process,BP,e,13,3765,23,20413,4.992100126143869e-05,0.0019229907497192917
GO:0016197,endosomal transport,BP,p,27,3765,282,20413,5.120740740410218e-05,0.0019688431518429007
GO:0019730,antimicrobial humoral response,BP,e,39,3765,114,20413,5.173200759209148e-05,0.0019852884486605445
GO:0030336,negative regulation of cell migration,BP,e,77,3765,271,20413,5.221010627007228e-05,0.0019998910426029743
GO:0065007,biological regulation,BP,e,2021,3765,10348,20413,5.261769048753254e-05,0.0020110296766068965
GO:0140677,molecular function activator activity,MF,e,245,3765,1053,20413,5.2697161779041796e-05,0.0020110296766068965
GO:0002685,regulation of leukocyte migration,BP,e,59,3765,194,20413,5.306694041327264e-05,0.0020213769700542683
GO:0060420,regulation of heart growth,BP,e,20,3765,45,20413,5.3341910980660003e-05,0.0020280812276932568
GO:0030278,regulation of ossification,BP,e,34,3765,95,20413,5.347534437544659e-05,0.002028197320603171
GO:1901654,response to ketone,BP,e,55,3765,177,20413,5.35429049161331e-05,0.002028197320603171
GO:0006813,potassium ion transport,BP,e,49,3765,153,20413,5.543107438583804e-05,0.0020958468771014372
GO:0071363,cellular response to growth factor stimulus,BP,e,73,3765,253,20413,5.575939477108913e-05,0.002104378042438176
GO:0007416,synapse assembly,BP,e,33,3765,91,20413,5.807318648720571e-05,0.002187672446107181
GO:0070848,response to growth factor,BP,e,80,3765,285,20413,5.826225303886959e-05,0.002190767617478082
GO:0006956,complement activation,BP,e,19,3765,42,20413,6.064630698432615e-05,0.002276235840713912
GO:0046620,regulation of organ growth,BP,e,23,3765,55,20413,6.244763134596632e-05,0.002337177646954251
GO:0006414,translational elongation,BP,p,1,3765,64,20413,6.249808961747571e-05,0.002337177646954251
GO:0003743,translation initiation factor activity,MF,p,0,3765,50,20413,6.456744625535314e-05,0.002410165165958018
GO:0004843,cysteine-type deubiquitinase activity,MF,p,3,3765,86,20413,6.471466846318124e-05,0.002411268546938133
GO:0009142,nucleoside triphosphate biosynthetic process,BP,p,5,3765,104,20413,6.678659976047427e-05,0.0024839524299299443
GO:0022836,gated channel activity,MF,e,79,3765,280,20413,6.722042677840401e-05,0.002495558344148249
GO:0016605,PML body,CC,p,5,3765,105,20413,6.772278928517437e-05,0.002509662062967592
GO:0034103,regulation of tissue remodeling,BP,e,26,3765,65,20413,6.804966508062512e-05,0.0025172234413307773
GO:0005504,fatty acid binding,MF,e,18,3765,39,20413,6.820378540634365e-05,0.002518378692490451
GO:0045814,"negative regulation of gene expression, epigenetic",BP,p,14,3765,182,20413,6.860516296311013e-05,0.0025286431737464314
GO:0046390,ribose phosphate biosynthetic process,BP,p,11,3765,156,20413,6.917632816911561e-05,0.002545117581992255
GO:0070482,response to oxygen levels,BP,e,76,3765,269,20413,6.985804283428295e-05,0.0025655929602203596
GO:0000959,mitochondrial RNA metabolic process,BP,p,0,3765,51,20413,7.031149878788315e-05,0.002568437691016202
GO:0000502,proteasome complex,CC,p,0,3765,51,20413,7.031149878788315e-05,0.002568437691016202
GO:1904356,regulation of telomere maintenance via telomere lengthening,BP,p,0,3765,51,20413,7.031149878788315e-05,0.002568437691016202
GO:0032868,response to insulin,BP,e,44,3765,134,20413,7.083452768474001e-05,0.0025829394587960444
GO:0005200,structural constituent of cytoskeleton,MF,e,37,3765,106,20413,7.121981029859577e-05,0.0025831992432727843
GO:0021700,developmental maturation,BP,e,37,3765,106,20413,7.121981029859577e-05,0.0025831992432727843
GO:0045598,regulation of fat cell differentiation,BP,e,37,3765,106,20413,7.121981029859577e-05,0.0025831992432727843
GO:0140096,"catalytic activity, acting on a protein",MF,p,336,3765,2187,20413,7.155032214547908e-05,0.002590602034853892
GO:0019217,regulation of fatty acid metabolic process,BP,e,30,3765,81,20413,7.35399908535697e-05,0.0026579453837075905
GO:0061136,regulation of proteasomal protein catabolic process,BP,p,18,3765,210,20413,7.460434524057835e-05,0.002691666984181641
GO:1901137,carbohydrate derivative biosynthetic process,BP,p,63,3765,523,20413,7.695641346370564e-05,0.0027716481214617216
GO:0010811,positive regulation of cell-substrate adhesion,BP,e,37,3765,107,20413,7.751078225613452e-05,0.002786716597850815
GO:0006940,regulation of smooth muscle contraction,BP,e,20,3765,46,20413,7.809882148341516e-05,0.002802940715691115
GO:0050896,response to stimulus,BP,e,854,3765,4148,20413,7.88361067504133e-05,0.002824455132231153
GO:0016493,C-C chemokine receptor activity,MF,e,12,3765,21,20413,8.489900880248569e-05,0.003033588326361707
GO:0051255,spindle midzone assembly,BP,e,9,3765,13,20413,8.511751757468314e-05,0.003033588326361707
GO:0007088,regulation of mitotic nuclear division,BP,e,39,3765,115,20413,8.503712551964448e-05,0.003033588326361707
GO:0031644,regulation of nervous system process,BP,e,37,3765,108,20413,8.690936255248032e-05,0.003092072164562464
GO:0001637,G protein-coupled chemoattractant receptor activity,MF,e,13,3765,24,20413,9.052764080308679e-05,0.0032096590708956016
GO:0004950,chemokine receptor activity,MF,e,13,3765,24,20413,9.052764080308679e-05,0.0032096590708956016
GO:0035633,maintenance of blood-brain barrier,BP,e,14,3765,27,20413,9.108458104943046e-05,0.003223827840148495
GO:0003014,renal system process,BP,e,34,3765,96,20413,9.189625989955609e-05,0.0032469483691751773
GO:0070918,regulatory ncRNA processing,BP,p,1,3765,61,20413,9.307438691217627e-05,0.0032716525059883848
GO:0032786,"positive regulation of DNA-templated transcription, elongation",BP,p,1,3765,61,20413,9.307438691217627e-05,0.0032716525059883848
GO:0005689,U12-type spliceosomal complex,CC,p,1,3765,61,20413,9.307438691217627e-05,0.0032716525059883848
GO:0016482,cytosolic transport,BP,p,9,3765,138,20413,9.38007016896052e-05,0.0032892531036092633
GO:0014013,regulation of gliogenesis,BP,e,26,3765,67,20413,9.389611406877564e-05,0.0032892531036092633
GO:0051606,detection of stimulus,BP,e,57,3765,189,20413,9.501607101917111e-05,0.0033228060467506374
GO:0043038,amino acid activation,BP,p,0,3765,47,20413,9.973405850217071e-05,0.0034733468907351033
GO:0044232,organelle membrane contact site,CC,p,2,3765,72,20413,9.982927432015693e-05,0.0034733468907351033
GO:0043039,tRNA aminoacylation,BP,p,0,3765,47,20413,9.973405850217071e-05,0.0034733468907351033
GO:0062012,regulation of small molecule metabolic process,BP,e,79,3765,283,20413,0.00010212497235819921,0.0035471984042992817
GO:0000902,cell morphogenesis,BP,e,34,3765,97,20413,0.00010297976034696264,0.0035708362585284356
GO:0001954,positive regulation of cell-matrix adhesion,BP,e,23,3765,57,20413,0.00010441999462834696,0.0036085648396605636
GO:0030199,collagen fibril organization,BP,e,23,3765,57,20413,0.00010441999462834696,0.0036085648396605636
GO:0061919,process utilizing autophagic mechanism,BP,p,17,3765,200,20413,0.00010537952199334531,0.0036294832675792025
GO:0006914,autophagy,BP,p,17,3765,200,20413,0.00010537952199334531,0.0036294832675792025
GO:0009894,regulation of catabolic process,BP,p,137,3765,988,20413,0.00010651957672120084,0.003656458435088055
GO:1903053,regulation of extracellular matrix organization,BP,e,25,3765,63,20413,0.00010650229195979536,0.003656458435088055
GO:0010648,negative regulation of cell communication,BP,e,290,3765,1284,20413,0.00010935754915922404,0.003747599088494947
GO:0022407,regulation of cell-cell adhesion,BP,e,111,3765,427,20413,0.00011177936285081615,0.0038241978011715784
GO:0010647,positive regulation of cell communication,BP,e,349,3765,1576,20413,0.00011443646645000605,0.003908577511599957
GO:0023056,positive regulation of signaling,BP,e,350,3765,1582,20413,0.00011788053901822157,0.004019510625791039
GO:0016779,nucleotidyltransferase activity,MF,p,7,3765,118,20413,0.00011855619050064878,0.004030775556013663
GO:0010717,regulation of epithelial to mesenchymal transition,BP,e,34,3765,98,20413,0.00011860428733110034,0.004030775556013663
GO:0010810,regulation of cell-substrate adhesion,BP,e,58,3765,195,20413,0.00012341376520803575,0.004187281937762048
GO:0051783,regulation of nuclear division,BP,e,41,3765,126,20413,0.00012465912017878842,0.004222544379874234
GO:0009611,response to wounding,BP,e,45,3765,142,20413,0.0001253430715540158,0.004238705553393475
GO:0051960,regulation of nervous system development,BP,e,85,3765,313,20413,0.0001260497423231379,0.0042555805097661695
GO:0051256,mitotic spindle midzone assembly,BP,e,8,3765,11,20413,0.0001286692363904128,0.004336872798270937
GO:2000058,regulation of ubiquitin-dependent protein catabolic process,BP,p,12,3765,160,20413,0.0001297183088335775,0.004357897217912301
GO:0023057,negative regulation of signaling,BP,e,290,3765,1287,20413,0.00012964818344946444,0.004357897217912301
GO:0009260,ribonucleotide biosynthetic process,BP,p,11,3765,151,20413,0.0001306762881115699,0.004382895535630773
GO:0031214,biomineral tissue development,BP,e,19,3765,44,20413,0.00013111653031460454,0.00439047558126992
GO:0005912,adherens junction,CC,e,58,3765,196,20413,0.00013217063994335994,0.004411356554331067
GO:0006605,protein targeting,BP,p,11,3765,152,20413,0.00013196697215643992,0.004411356554331067
GO:0001568,blood vessel development,BP,e,23,3765,58,20413,0.00013817630690559615,0.004604304158400621
GO:0018205,peptidyl-lysine modification,BP,p,5,3765,99,20413,0.0001389600949302753,0.004622904586698265
GO:0005737,cytoplasm,CC,p,1027,3765,6091,20413,0.00014060657040856862,0.004670097969826251
GO:0042981,regulation of apoptotic process,BP,e,261,3765,1146,20413,0.00014128555800126672,0.004684547688357259
GO:0010743,regulation of macrophage derived foam cell differentiation,BP,e,15,3765,31,20413,0.00014149880540150994,0.004684547688357259
GO:0016327,apicolateral plasma membrane,CC,e,11,3765,19,20413,0.0001443615082166023,0.004763929771147876
GO:0043117,positive regulation of vascular permeability,BP,e,11,3765,19,20413,0.0001443615082166023,0.004763929771147876
GO:0010965,regulation of mitotic sister chromatid separation,BP,e,26,3765,69,20413,0.00014631254931764747,0.004797412917066479
GO:0007517,muscle organ development,BP,e,26,3765,69,20413,0.00014631254931764747,0.004797412917066479
GO:0099512,supramolecular fiber,CC,e,148,3765,602,20413,0.00014597382837550825,0.004797412917066479
GO:0099081,supramolecular polymer,CC,e,148,3765,602,20413,0.00014597382837550825,0.004797412917066479
GO:1903530,regulation of secretion by cell,BP,e,120,3765,472,20413,0.00014698981181834945,0.004811920468999098
GO:0033047,regulation of mitotic sister chromatid segregation,BP,e,25,3765,65,20413,0.00014895134821230402,0.004868357223149516
GO:0050890,cognition,BP,e,59,3765,200,20413,0.00014958952825249307,0.0048814302587234714
GO:0098771,inorganic ion homeostasis,BP,e,95,3765,359,20413,0.00015058954549585085,0.004906250486242402
GO:0010712,regulation of collagen metabolic process,BP,e,18,3765,41,20413,0.00015172499810084034,0.004919779091899558
GO:1990573,potassium ion import across plasma membrane,BP,e,18,3765,41,20413,0.00015172499810084034,0.004919779091899558
GO:0001937,negative regulation of endothelial cell proliferation,BP,e,18,3765,41,20413,0.00015172499810084034,0.004919779091899558
GO:0010714,positive regulation of collagen metabolic process,BP,e,12,3765,22,20413,0.00015543268678601922,0.005016192205206129
GO:0045987,positive regulation of smooth muscle contraction,BP,e,12,3765,22,20413,0.00015543268678601922,0.005016192205206129
GO:0019825,oxygen binding,MF,e,12,3765,22,20413,0.00015543268678601922,0.005016192205206129
GO:0001504,neurotransmitter uptake,BP,e,13,3765,25,20413,0.00015679598766211867,0.005044301687848977
GO:0033612,receptor serine/threonine kinase binding,MF,e,13,3765,25,20413,0.00015679598766211867,0.005044301687848977
GO:0017069,snRNA binding,MF,p,0,3765,46,20413,0.00016164998489912556,0.00516800801955972
GO:0071025,RNA surveillance,BP,p,0,3765,46,20413,0.00016164998489912556,0.00516800801955972
GO:0097529,myeloid leukocyte migration,BP,e,31,3765,88,20413,0.0001615263416684777,0.00516800801955972
GO:0032790,ribosome disassembly,BP,p,0,3765,46,20413,0.00016164998489912556,0.00516800801955972
GO:0070828,heterochromatin organization,BP,p,13,3765,165,20413,0.00017038217699198678,0.005432569728046501
GO:0030182,neuron differentiation,BP,e,64,3765,223,20413,0.0001704553913596789,0.005432569728046501
GO:0000123,histone acetyltransferase complex,CC,p,4,3765,90,20413,0.00017527827663535293,0.00557760516007498
GO:0046890,regulation of lipid biosynthetic process,BP,e,51,3765,167,20413,0.0001779455384359345,0.005653702200259854
GO:0141108,transporter regulator activity,MF,e,53,3765,176,20413,0.00017855176147653855,0.005664181498357128
GO:0042379,chemokine receptor binding,MF,e,20,3765,47,20413,0.00018062773819341353,0.005721181203705755
GO:0046683,response to organophosphorus,BP,e,37,3765,111,20413,0.0001817437729173001,0.0057476468185096155
GO:0004935,adrenergic receptor activity,MF,e,7,3765,9,20413,0.00018321497035869472,0.005785245589461835
GO:0045202,synapse,CC,e,259,3765,1139,20413,0.00018387903212036688,0.005797281546527198
GO:0007423,sensory organ development,BP,e,32,3765,91,20413,0.00018649977604691653,0.005870875438601321
GO:0030029,actin filament-based process,BP,e,97,3765,370,20413,0.000188607625505214,0.005928122805948391
GO:0035725,sodium ion transmembrane transport,BP,e,47,3765,151,20413,0.00019002343410044406,0.005963476623308424
GO:0043067,regulation of programmed cell death,BP,e,271,3765,1198,20413,0.000192070809643372,0.006018512388412267
GO:0060390,regulation of SMAD protein signal transduction,BP,e,24,3765,62,20413,0.0001949894037395029,0.00610063794020402
GO:0032376,positive regulation of cholesterol transport,BP,e,16,3765,35,20413,0.00019755137658068926,0.006161979239373006
GO:0032373,positive regulation of sterol transport,BP,e,16,3765,35,20413,0.00019755137658068926,0.006161979239373006
GO:0015669,gas transport,BP,e,9,3765,14,20413,0.00019916819245392446,0.006202969252216221
GO:0050789,regulation of biological process,BP,e,1942,3765,9970,20413,0.000200121616840965,0.0062232053018541665
GO:0032970,regulation of actin filament-based process,BP,e,92,3765,347,20413,0.00020046832324652311,0.006224541436804543
GO:0043524,negative regulation of neuron apoptotic process,BP,e,37,3765,112,20413,0.00020252282329184652,0.006269335676313914
GO:0003774,cytoskeletal motor activity,MF,e,37,3765,112,20413,0.00020252282329184652,0.006269335676313914
GO:0180051,translation factor activity,MF,p,3,3765,79,20413,0.0002053437428475023,0.006347072884123475
GO:0120544,polypeptide conformation or assembly isomerase activity,MF,e,39,3765,120,20413,0.00020843803435112318,0.0064233393051993486
GO:0031594,neuromuscular junction,CC,e,30,3765,85,20413,0.00020817455386645987,0.0064233393051993486
GO:0007611,learning or memory,BP,e,49,3765,161,20413,0.00021052432394240712,0.006468178366644302
GO:0042445,hormone metabolic process,BP,e,49,3765,161,20413,0.00021052432394240712,0.006468178366644302
GO:0061138,morphogenesis of a branching epithelium,BP,e,21,3765,52,20413,0.00021197603640048333,0.006503031308316025
GO:0001517,N-acetylglucosamine 6-O-sulfotransferase activity,MF,e,5,3765,5,20413,0.00021298525093168578,0.006504779057143125
GO:0030185,nitric oxide transport,BP,e,5,3765,5,20413,0.00021298525093168578,0.006504779057143125
GO:0051231,spindle elongation,BP,e,5,3765,5,20413,0.00021298525093168578,0.006504779057143125
GO:0001533,cornified envelope,CC,e,20,3765,48,20413,0.00021519328625583826,0.0065624345464894256
GO:0016763,pentosyltransferase activity,MF,p,1,3765,56,20413,0.00021723233782297455,0.006606834478237607
GO:1905818,regulation of chromosome separation,BP,e,29,3765,80,20413,0.00021729402421959436,0.006606834478237607
GO:0030020,extracellular matrix structural constituent conferring tensile strength,MF,e,18,3765,42,20413,0.00022003401643822597,0.00668023273906454
GO:0051236,establishment of RNA localization,BP,p,6,3765,105,20413,0.00022049694580798302,0.006683548539494235
GO:0010669,epithelial structure maintenance,BP,e,15,3765,32,20413,0.00022112164689294352,0.006683548539494235
GO:0072163,mesonephric epithelium development,BP,e,15,3765,32,20413,0.00022112164689294352,0.006683548539494235
GO:0071806,protein transmembrane transport,BP,p,2,3765,67,20413,0.00022377538276624617,0.006743866057395121
GO:0008173,RNA methyltransferase activity,MF,p,2,3765,67,20413,0.00022377538276624617,0.006743866057395121
GO:0040008,regulation of growth,BP,e,115,3765,453,20413,0.0002249746911432556,0.006770053370923256
GO:1902493,acetyltransferase complex,CC,p,6,3765,107,20413,0.00022800044465215788,0.006851045619144679
GO:0016494,C-X-C chemokine receptor activity,MF,e,6,3765,7,20413,0.00023131582291717438,0.006940490716019992
GO:0060261,positive regulation of transcription initiation by RNA polymerase II,BP,p,1,3765,58,20413,0.00023274639076566536,0.006973204365439737
GO:0001952,regulation of cell-matrix adhesion,BP,e,39,3765,121,20413,0.0002339232371724841,0.006998231969891557
GO:0031507,heterochromatin formation,BP,p,12,3765,155,20413,0.00023939803382972926,0.007151580039756038
GO:0140150,gel phase of interstitial matrix,CC,e,14,3765,29,20413,0.00024306661431159216,0.007198214056484766
GO:0071953,elastic fiber,CC,e,14,3765,29,20413,0.00024306661431159216,0.007198214056484766
GO:0035924,cellular response to vascular endothelial growth factor stimulus,BP,e,14,3765,29,20413,0.00024306661431159216,0.007198214056484766
GO:0034694,response to prostaglandin,BP,e,14,3765,29,20413,0.00024306661431159216,0.007198214056484766
GO:0046676,negative regulation of insulin secretion,BP,e,14,3765,29,20413,0.00024306661431159216,0.007198214056484766
GO:0048638,regulation of developmental growth,BP,e,59,3765,203,20413,0.00024277245665171155,0.007198214056484766
GO:0042393,histone binding,MF,p,12,3765,156,20413,0.0002447503794145035,0.007233543276340217
GO:0032332,positive regulation of chondrocyte differentiation,BP,e,10,3765,17,20413,0.0002453185271583687,0.007233543276340217
GO:0044321,response to leptin,BP,e,10,3765,17,20413,0.0002453185271583687,0.007233543276340217
GO:0071695,anatomical structure maturation,BP,e,30,3765,86,20413,0.0002473271224203413,0.007282291264023066
GO:0086001,cardiac muscle cell action potential,BP,e,17,3765,39,20413,0.00025587134910105537,0.00752305818813189
GO:0032210,regulation of telomere maintenance via telomerase,BP,p,0,3765,44,20413,0.00025685590711151975,0.007530397860423997
GO:0006418,tRNA aminoacylation for protein translation,BP,p,0,3765,44,20413,0.00025685590711151975,0.007530397860423997
GO:0019725,cellular homeostasis,BP,e,141,3765,577,20413,0.00025807948274543643,0.007555461199860327
GO:0005788,endoplasmic reticulum lumen,CC,e,85,3765,319,20413,0.000260948941423592,0.007596060591752374
GO:0003206,cardiac chamber morphogenesis,BP,e,13,3765,26,20413,0.0002607825161580339,0.007596060591752374
GO:0010875,positive regulation of cholesterol efflux,BP,e,13,3765,26,20413,0.0002607825161580339,0.007596060591752374
GO:0022414,reproductive process,BP,e,218,3765,946,20413,0.00026040635219965933,0.007596060591752374
GO:0050801,monoatomic ion homeostasis,BP,e,110,3765,432,20413,0.00026294041695522455,0.007643174417962294
GO:0010631,epithelial cell migration,BP,e,11,3765,20,20413,0.00026734855613488217,0.007727466799537575
GO:0048709,oligodendrocyte differentiation,BP,e,11,3765,20,20413,0.00026734855613488217,0.007727466799537575
GO:0016010,dystrophin-associated glycoprotein complex,CC,e,11,3765,20,20413,0.00026734855613488217,0.007727466799537575
GO:0000940,outer kinetochore,CC,e,11,3765,20,20413,0.00026734855613488217,0.007727466799537575
GO:0048754,branching morphogenesis of an epithelial tube,BP,e,20,3765,49,20413,0.00026862809486396844,0.007753514856404654
GO:0022602,ovulation cycle process,BP,e,12,3765,23,20413,0.0002705363437219252,0.007775738137297914
GO:0048706,embryonic skeletal system development,BP,e,12,3765,23,20413,0.0002705363437219252,0.007775738137297914
GO:0061036,positive regulation of cartilage development,BP,e,12,3765,23,20413,0.0002705363437219252,0.007775738137297914
GO:0071456,cellular response to hypoxia,BP,e,38,3765,117,20413,0.00027362139011456277,0.007853393764170498
GO:0030036,actin cytoskeleton organization,BP,e,86,3765,324,20413,0.0002882749695473367,0.00826240412717982
GO:0004713,protein tyrosine kinase activity,MF,e,44,3765,142,20413,0.00029250554337106427,0.008371949860758687
GO:0086002,cardiac muscle cell action potential involved in contraction,BP,e,16,3765,36,20413,0.000295058222607927,0.008421487682317893
GO:0017046,peptide hormone binding,MF,e,16,3765,36,20413,0.000295058222607927,0.008421487682317893
GO:0060260,regulation of transcription initiation by RNA polymerase II,BP,p,3,3765,76,20413,0.00029719084283416636,0.008458794364167459
GO:0032007,negative regulation of TOR signaling,BP,p,3,3765,76,20413,0.00029719084283416636,0.008458794364167459
GO:0061512,protein localization to cilium,BP,p,3,3765,77,20413,0.00030495840220094543,0.008667839856177497
GO:0007218,neuropeptide signaling pathway,BP,e,23,3765,60,20413,0.000307846831340486,0.008735677044386471
GO:0006937,regulation of muscle contraction,BP,e,46,3765,151,20413,0.0003081976530079256,0.008735677044386471
GO:0050657,nucleic acid transport,BP,p,6,3765,103,20413,0.00031150864006498945,0.008793039340016294
GO:0050658,RNA transport,BP,p,6,3765,103,20413,0.00031150864006498945,0.008793039340016294
GO:0006869,lipid transport,BP,e,81,3765,302,20413,0.00031133021953621296,0.008793039340016294
GO:0003677,DNA binding,MF,p,312,3765,2012,20413,0.000312035777544033,0.008795803561499132
GO:0098803,respiratory chain complex,CC,p,6,3765,104,20413,0.0003149898026464995,0.008854713341062708
GO:0032204,regulation of telomere maintenance,BP,p,6,3765,104,20413,0.0003149898026464995,0.008854713341062708
GO:2000036,regulation of stem cell population maintenance,BP,p,2,3765,65,20413,0.00033287254154468383,0.009344598621746858
GO:0022625,cytosolic large ribosomal subunit,CC,p,1,3765,55,20413,0.00033575975680893245,0.009412756082469841
GO:0006814,sodium ion transport,BP,e,51,3765,172,20413,0.0003372029372642098,0.009432202158140902
GO:0014074,response to purine-containing compound,BP,e,40,3765,127,20413,0.00033737394143938323,0.009432202158140902
GO:0051865,protein autoubiquitination,BP,p,2,3765,66,20413,0.0003391228895927614,0.009468181711749945
GO:0031960,response to corticosteroid,BP,e,38,3765,119,20413,0.00034040479975487456,0.00949104158010428
GO:0033554,cellular response to stress,BP,p,213,3765,1425,20413,0.0003440658419969259,0.009580083288101905
GO:0005581,collagen trimer,CC,e,19,3765,46,20413,0.0003488069607680286,0.009698915938967722
GO:0015849,organic acid transport,BP,e,71,3765,259,20413,0.00036141198682286655,0.010012121040163805
GO:0046942,carboxylic acid transport,BP,e,71,3765,259,20413,0.00036141198682286655,0.010012121040163805
GO:0048562,embryonic organ morphogenesis,BP,e,22,3765,56,20413,0.00036202516423956377,0.010012121040163805
GO:0051952,regulation of amine transport,BP,e,22,3765,56,20413,0.00036202516423956377,0.010012121040163805
GO:0140375,immune receptor activity,MF,e,45,3765,147,20413,0.00036849194713518536,0.010165655222415098
GO:0055021,regulation of cardiac muscle tissue growth,BP,e,17,3765,40,20413,0.0003690649238997137,0.010165655222415098
GO:0051216,cartilage development,BP,e,17,3765,40,20413,0.0003690649238997137,0.010165655222415098
GO:0043268,positive regulation of potassium ion transport,BP,e,14,3765,30,20413,0.000378758863706244,0.010418664958298065
GO:0004812,aminoacyl-tRNA ligase activity,MF,p,0,3765,41,20413,0.0003838453656724531,0.01053031201971296
GO:0016875,"ligase activity, forming carbon-oxygen bonds",MF,p,0,3765,41,20413,0.0003838453656724531,0.01053031201971296
GO:0006629,lipid metabolic process,BP,e,219,3765,956,20413,0.0003854606627199656,0.010560488450695528
GO:0055082,intracellular chemical homeostasis,BP,e,122,3765,491,20413,0.0003921447861212987,0.01072926982908381
GO:0032956,regulation of actin cytoskeleton organization,BP,e,83,3765,313,20413,0.00039743627293940787,0.010859548721796381
GO:0006351,DNA-templated transcription,BP,p,29,3765,276,20413,0.00040556531875763653,0.011066910888548928
GO:7770058,mitochondrial protein import pathway,BP,p,0,3765,42,20413,0.0004092556414265322,0.011123177532830139
GO:0031124,mRNA 3'-end processing,BP,p,0,3765,42,20413,0.0004092556414265322,0.011123177532830139
GO:1902555,endoribonuclease complex,CC,p,0,3765,42,20413,0.0004092556414265322,0.011123177532830139
GO:0006874,intracellular calcium ion homeostasis,BP,e,47,3765,157,20413,0.0004104606013593865,0.011141151130672725
GO:0061333,renal tubule morphogenesis,BP,e,9,3765,15,20413,0.00041628696746097557,0.01125457628519495
GO:0032352,positive regulation of hormone metabolic process,BP,e,9,3765,15,20413,0.00041628696746097557,0.01125457628519495
GO:0031175,neuron projection development,BP,e,92,3765,355,20413,0.0004158867840284513,0.01125457628519495
GO:0016874,ligase activity,MF,p,13,3765,159,20413,0.00042470229621988814,0.01146696199793698
GO:0120163,negative regulation of cold-induced thermogenesis,BP,e,19,3765,47,20413,0.00043700289076532796,0.011768068647114147
GO:0051028,mRNA transport,BP,p,3,3765,74,20413,0.000436991573148619,0.011768068647114147
GO:0001822,kidney development,BP,e,32,3765,95,20413,0.00044766270112397196,0.01203930673770808
GO:0003208,cardiac ventricle morphogenesis,BP,e,12,3765,24,20413,0.0004505450466407634,0.012100943172751198
GO:0019432,triglyceride biosynthetic process,BP,e,10,3765,18,20413,0.00046076462962957554,0.012326957643601687
GO:0003382,epithelial cell morphogenesis,BP,e,10,3765,18,20413,0.00046076462962957554,0.012326957643601687
GO:0043116,negative regulation of vascular permeability,BP,e,10,3765,18,20413,0.00046076462962957554,0.012326957643601687
GO:0030010,establishment of cell polarity,BP,e,23,3765,62,20413,0.00046351963252322473,0.012384495214209184
GO:0014015,positive regulation of gliogenesis,BP,e,18,3765,43,20413,0.00046793399324683544,0.01242436061101453
GO:0032967,positive regulation of collagen biosynthetic process,BP,e,11,3765,21,20413,0.0004680430582005181,0.01242436061101453
GO:0070696,transmembrane receptor protein serine/threonine kinase binding,MF,e,11,3765,21,20413,0.0004680430582005181,0.01242436061101453
GO:0055023,positive regulation of cardiac muscle tissue growth,BP,e,11,3765,21,20413,0.0004680430582005181,0.01242436061101453
GO:0099623,regulation of cardiac muscle cell membrane repolarization,BP,e,11,3765,21,20413,0.0004680430582005181,0.01242436061101453
GO:0098659,inorganic cation import across plasma membrane,BP,e,34,3765,103,20413,0.00047280981702981634,0.012502311716634873
GO:0045664,regulation of neuron differentiation,BP,e,34,3765,103,20413,0.00047280981702981634,0.012502311716634873
GO:0099587,inorganic ion import across plasma membrane,BP,e,34,3765,103,20413,0.00047280981702981634,0.012502311716634873
GO:0000018,regulation of DNA recombination,BP,p,8,3765,118,20413,0.0004755149861271971,0.012557639962248263
GO:0036094,small molecule binding,MF,e,820,3765,4025,20413,0.00047764351243332194,0.012597617117498155
GO:0006417,regulation of translation,BP,p,36,3765,322,20413,0.00047872677785647103,0.012609958687162803
GO:0038024,cargo receptor activity,MF,e,28,3765,81,20413,0.00048385411784209186,0.012728655246390228
GO:0006457,protein folding,BP,p,19,3765,201,20413,0.00048721616113190123,0.012800667679584682
GO:0045911,positive regulation of DNA recombination,BP,p,2,3765,63,20413,0.0004960502273968784,0.013016078501977245
GO:0001947,heart looping,BP,e,15,3765,34,20413,0.000500331492137725,0.013094882845949425
GO:0060021,roof of mouth development,BP,e,15,3765,34,20413,0.000500331492137725,0.013094882845949425
GO:0140352,export from cell,BP,e,91,3765,352,20413,0.0005067756398847813,0.013246623964488296
GO:1901338,catecholamine binding,MF,e,7,3765,10,20413,0.000512906293355182,0.013355767051750629
GO:0035860,glial cell-derived neurotrophic factor receptor signaling pathway,BP,e,7,3765,10,20413,0.000512906293355182,0.013355767051750629
GO:0090287,regulation of cellular response to growth factor stimulus,BP,e,71,3765,261,20413,0.0005117461122789292,0.013355767051750629
GO:0002237,response to molecule of bacterial origin,BP,e,66,3765,239,20413,0.0005355731815596726,0.013928301027541078
GO:0061695,"transferase complex, transferring phosphorus-containing groups",CC,p,26,3765,250,20413,0.0005450875447369253,0.014157768129649948
GO:0009636,response to toxic substance,BP,e,27,3765,77,20413,0.0005462532643063907,0.01417008626003907
GO:0031093,platelet alpha granule lumen,CC,e,24,3765,65,20413,0.0005518721492944904,0.014297744570786336
GO:0031090,organelle membrane,CC,p,595,3765,3619,20413,0.0005603112783272759,0.01449187724510041
GO:0048585,negative regulation of response to stimulus,BP,e,330,3765,1511,20413,0.0005608082927696422,0.01449187724510041
GO:0045604,regulation of epidermal cell differentiation,BP,e,19,3765,48,20413,0.0005614868751578454,0.01449187724510041
GO:0072676,lymphocyte migration,BP,e,18,3765,44,20413,0.0005658172628940864,0.014585274425771714
GO:0046903,secretion,BP,e,92,3765,358,20413,0.0005694769452670471,0.014661169647434167
GO:0043487,regulation of RNA stability,BP,p,17,3765,185,20413,0.000572108400346661,0.01471043594517456
GO:0072164,mesonephric tubule development,BP,e,14,3765,31,20413,0.0005741494999572017,0.014744418173712949
GO:0071300,cellular response to retinoic acid,BP,e,22,3765,59,20413,0.0005910935139485342,0.015160549914076737
GO:0099536,synaptic signaling,BP,e,72,3765,267,20413,0.0005946256097854375,0.015232078276666214
GO:0015081,sodium ion transmembrane transporter activity,MF,e,47,3765,158,20413,0.0005990274273550677,0.01532567923693808
GO:0010257,NADH dehydrogenase complex assembly,BP,p,0,3765,39,20413,0.0006051593892448156,0.015367449025767045
GO:0098656,monoatomic anion transmembrane transport,BP,e,40,3765,130,20413,0.0006033928137971513,0.015367449025767045
GO:0032981,mitochondrial respiratory chain complex I assembly,BP,p,0,3765,39,20413,0.0006051593892448156,0.015367449025767045
GO:0072344,rescue of stalled cytosolic ribosome,BP,p,0,3765,38,20413,0.0006025289371137754,0.015367449025767045
GO:0030488,tRNA methylation,BP,p,0,3765,39,20413,0.0006051593892448156,0.015367449025767045
GO:0016180,snRNA processing,BP,p,0,3765,38,20413,0.0006025289371137754,0.015367449025767045
GO:0009060,aerobic respiration,BP,p,6,3765,98,20413,0.0006229571981565952,0.015796764338083042
GO:0043130,ubiquitin binding,MF,p,6,3765,99,20413,0.0006236071999955683,0.015796764338083042
GO:0006821,chloride transport,BP,e,36,3765,114,20413,0.0006329803281386495,0.016014402301907833
GO:0090087,regulation of peptide transport,BP,e,49,3765,168,20413,0.0006339275706585978,0.01601859149877515
GO:0015108,chloride transmembrane transporter activity,MF,e,34,3765,106,20413,0.000635947379969777,0.016049839479951526
GO:0004521,RNA endonuclease activity,MF,p,3,3765,72,20413,0.0006434055271391222,0.01621809282615256
GO:0045333,cellular respiration,BP,p,7,3765,107,20413,0.0006455260471076878,0.016251554402184083
GO:0090183,regulation of kidney development,BP,e,13,3765,28,20413,0.0006497941801759528,0.016298937740937332
GO:0032434,regulation of proteasomal ubiquitin-dependent protein catabolic process,BP,p,9,3765,123,20413,0.0006495531350017225,0.016298937740937332
GO:0061436,establishment of skin barrier,BP,e,13,3765,28,20413,0.0006497941801759528,0.016298937740937332
GO:0032432,actin filament bundle,CC,e,31,3765,93,20413,0.0006533943135042571,0.016359532103631672
GO:0002182,cytoplasmic translational elongation,BP,p,0,3765,40,20413,0.000653806509192131,0.016359532103631672
GO:0008509,monoatomic anion transmembrane transporter activity,MF,e,41,3765,133,20413,0.0006623104766805599,0.016552108047091115
GO:0008092,cytoskeletal protein binding,MF,e,210,3765,920,20413,0.0006787860304207187,0.016943193814143467
GO:0030414,peptidase inhibitor activity,MF,e,39,3765,125,20413,0.0006812704035353062,0.016984518710035316
GO:0034702,monoatomic ion channel complex,CC,e,70,3765,260,20413,0.0006875459308415235,0.01712014430223006
GO:0030595,leukocyte chemotaxis,BP,e,35,3765,109,20413,0.0006928421607203336,0.01723108543645849
GO:2000846,regulation of corticosteroid hormone secretion,BP,e,8,3765,13,20413,0.0007043972001768989,0.01745491151538717
GO:0014009,glial cell proliferation,BP,e,8,3765,13,20413,0.0007043972001768989,0.01745491151538717
GO:0001569,branching involved in blood vessel morphogenesis,BP,e,8,3765,13,20413,0.0007043972001768989,0.01745491151538717
GO:0010594,regulation of endothelial cell migration,BP,e,50,3765,172,20413,0.0007091559807523688,0.017551610523621128
GO:0090049,regulation of cell migration involved in sprouting angiogenesis,BP,e,18,3765,45,20413,0.0007106596713041612,0.0175676099445551
GO:0009712,catechol-containing compound metabolic process,BP,e,12,3765,25,20413,0.0007216980241595126,0.017733522313070613
GO:0006584,catecholamine metabolic process,BP,e,12,3765,25,20413,0.0007216980241595126,0.017733522313070613
GO:1903587,regulation of blood vessel endothelial cell proliferation involved in sprouting angiogenesis,BP,e,12,3765,25,20413,0.0007216980241595126,0.017733522313070613
GO:0043266,regulation of potassium ion transport,BP,e,24,3765,67,20413,0.0007193461466043404,0.017733522313070613
GO:0003707,nuclear steroid receptor activity,MF,e,12,3765,25,20413,0.0007216980241595126,0.017733522313070613
GO:0055080,monoatomic cation homeostasis,BP,e,105,3765,420,20413,0.0007299490009510832,0.017899517889432868
GO:0045778,positive regulation of ossification,BP,e,19,3765,49,20413,0.0007302004077278035,0.017899517889432868
GO:0001763,morphogenesis of a branching structure,BP,e,22,3765,60,20413,0.0007321831139146077,0.01792667688584475
GO:0016101,diterpenoid metabolic process,BP,e,26,3765,74,20413,0.0007339472226753988,0.017948425339244567
GO:0004866,endopeptidase inhibitor activity,MF,e,37,3765,118,20413,0.0007377899326383782,0.01802089283618389
GO:0045667,regulation of osteoblast differentiation,BP,e,33,3765,102,20413,0.0007395634204342174,0.018042706160664782
GO:0016050,vesicle organization,BP,p,32,3765,289,20413,0.0007414420397253054,0.0180670293936869
GO:2000027,regulation of animal organ morphogenesis,BP,e,17,3765,41,20413,0.0007551344055788617,0.01837882348399954
GO:0000245,spliceosomal complex assembly,BP,p,1,3765,50,20413,0.0007634901047263508,0.018494329451722347
GO:0000315,organellar large ribosomal subunit,CC,p,1,3765,50,20413,0.0007634901047263508,0.018494329451722347
GO:0005762,mitochondrial large ribosomal subunit,CC,p,1,3765,50,20413,0.0007634901047263508,0.018494329451722347
GO:0071005,U2-type precatalytic spliceosome,CC,p,1,3765,50,20413,0.0007634901047263508,0.018494329451722347
GO:0004879,nuclear receptor activity,MF,e,21,3765,56,20413,0.0007658937264944066,0.018530649512455578
GO:0051607,defense response to virus,BP,p,20,3765,206,20413,0.0007681927994517364,0.018564357357505227
GO:0010569,regulation of double-strand break repair via homologous recombination,BP,p,4,3765,81,20413,0.0007712325618337101,0.018615864416558568
GO:0090665,glycoprotein complex,CC,e,11,3765,22,20413,0.0007806534296150166,0.018689171417173522
GO:0005344,oxygen carrier activity,MF,e,6,3765,8,20413,0.0007797407976549902,0.018689171417173522
GO:1903278,positive regulation of sodium ion export across plasma membrane,BP,e,6,3765,8,20413,0.0007797407976549902,0.018689171417173522
GO:0050927,positive regulation of positive chemotaxis,BP,e,11,3765,22,20413,0.0007806534296150166,0.018689171417173522
GO:0001706,endoderm formation,BP,e,6,3765,8,20413,0.0007797407976549902,0.018689171417173522
GO:1903276,regulation of sodium ion export across plasma membrane,BP,e,6,3765,8,20413,0.0007797407976549902,0.018689171417173522
GO:0015671,oxygen transport,BP,e,6,3765,8,20413,0.0007797407976549902,0.018689171417173522
GO:0007422,peripheral nervous system development,BP,e,9,3765,16,20413,0.0007958715192028141,0.018986955812599845
GO:0050727,regulation of inflammatory response,BP,e,93,3765,364,20413,0.0007948170405076582,0.018986955812599845
GO:0010885,regulation of cholesterol storage,BP,e,9,3765,16,20413,0.0007958715192028141,0.018986955812599845
GO:0090136,epithelial cell-cell adhesion,BP,e,10,3765,19,20413,0.0008123236534217686,0.019334435109840075
GO:0071379,cellular response to prostaglandin stimulus,BP,e,10,3765,19,20413,0.0008123236534217686,0.019334435109840075
GO:0140767,enzyme-substrate adaptor activity,MF,p,16,3765,175,20413,0.0008139884423094311,0.019351583698662612
GO:0022832,voltage-gated channel activity,MF,e,46,3765,156,20413,0.0008170243465567325,0.01940125137194336
GO:0045089,positive regulation of innate immune response,BP,p,29,3765,268,20413,0.0008202680916644947,0.019455733799167232
GO:0061061,muscle structure development,BP,e,28,3765,82,20413,0.000821633683262339,0.01946559430184406
GO:0016579,protein deubiquitination,BP,p,5,3765,88,20413,0.0008249540167114219,0.019499172623376203
GO:0009593,detection of chemical stimulus,BP,e,26,3765,75,20413,0.0008243554705480455,0.019499172623376203
GO:0050729,positive regulation of inflammatory response,BP,e,44,3765,147,20413,0.0008296651967479357,0.019587936494188305
GO:0061013,regulation of mRNA catabolic process,BP,p,19,3765,198,20413,0.0008418678398736557,0.01985316184410912
GO:0045841,negative regulation of mitotic metaphase/anaphase transition,BP,e,14,3765,32,20413,0.0008487267190071801,0.01992320349669432
GO:0033048,negative regulation of mitotic sister chromatid segregation,BP,e,14,3765,32,20413,0.0008487267190071801,0.01992320349669432
GO:0033046,negative regulation of sister chromatid segregation,BP,e,14,3765,32,20413,0.0008487267190071801,0.01992320349669432
GO:2000816,negative regulation of mitotic sister chromatid separation,BP,e,14,3765,32,20413,0.0008487267190071801,0.01992320349669432
GO:0004386,helicase activity,MF,p,10,3765,129,20413,0.0008677364903144113,0.02032288445258655
GO:0002791,regulation of peptide secretion,BP,e,48,3765,166,20413,0.0008669554717848137,0.02032288445258655
GO:0015931,nucleobase-containing compound transport,BP,p,15,3765,167,20413,0.0008779295464988511,0.020538139493608398
GO:0090100,positive regulation of transmembrane receptor protein serine/threonine kinase signaling pathway,BP,e,30,3765,90,20413,0.000882247047111521,0.020615608593450855
GO:0042147,"retrograde transport, endosome to Golgi",BP,p,7,3765,104,20413,0.0008991319145800292,0.020986230439053004
GO:0090092,regulation of transmembrane receptor protein serine/threonine kinase signaling pathway,BP,e,64,3765,235,20413,0.0009060667294777426,0.021124033546288258
GO:1904950,negative regulation of establishment of protein localization,BP,e,32,3765,98,20413,0.0009178796192824071,0.021359755683924432
GO:0042304,regulation of fatty acid biosynthetic process,BP,e,17,3765,42,20413,0.0009182620776624908,0.021359755683924432
GO:0048519,negative regulation of biological process,BP,e,935,3765,4649,20413,0.0009205638410780666,0.021389019042191405
GO:0042476,odontogenesis,BP,e,21,3765,57,20413,0.0009327430854165251,0.021501354386322665
GO:0051924,regulation of calcium ion transport,BP,e,51,3765,179,20413,0.0009319791441729306,0.021501354386322665
GO:0006811,monoatomic ion transport,BP,e,193,3765,844,20413,0.0009282593631070233,0.021501354386322665
GO:0098531,ligand-modulated transcription factor activity,MF,e,21,3765,57,20413,0.0009327430854165251,0.021501354386322665
GO:0032890,regulation of organic acid transport,BP,e,21,3765,57,20413,0.0009327430854165251,0.021501354386322665
GO:0035861,site of double-strand break,CC,p,7,3765,106,20413,0.0009319613139958771,0.021501354386322665
GO:0140006,histone H3 reader activity,MF,p,3,3765,69,20413,0.0009304629478732758,0.021501354386322665
GO:0022627,cytosolic small ribosomal subunit,CC,p,0,3765,36,20413,0.0009397515526622562,0.021562413329178635
GO:0045211,postsynaptic membrane,CC,e,59,3765,213,20413,0.0009406527846721172,0.021562413329178635
GO:0000175,3'-5'-RNA exonuclease activity,MF,p,0,3765,36,20413,0.0009397515526622562,0.021562413329178635
GO:0032205,negative regulation of telomere maintenance,BP,p,0,3765,36,20413,0.0009397515526622562,0.021562413329178635
GO:0035196,miRNA processing,BP,p,0,3765,36,20413,0.0009397515526622562,0.021562413329178635
GO:0005796,Golgi lumen,CC,e,30,3765,91,20413,0.0009528750126696916,0.021818176128089374
GO:0044743,protein transmembrane import into intracellular organelle,BP,p,0,3765,37,20413,0.000957034577047656,0.02184021112186817
GO:0071027,nuclear RNA surveillance,BP,p,0,3765,37,20413,0.000957034577047656,0.02184021112186817
GO:0000781,"chromosome, telomeric region",CC,p,14,3765,160,20413,0.0009565269041533898,0.02184021112186817
GO:0071173,spindle assembly checkpoint signaling,BP,e,13,3765,29,20413,0.0009802603274407463,0.022271036463684273
GO:0007094,mitotic spindle assembly checkpoint signaling,BP,e,13,3765,29,20413,0.0009802603274407463,0.022271036463684273
GO:0030282,bone mineralization,BP,e,13,3765,29,20413,0.0009802603274407463,0.022271036463684273
GO:0071174,mitotic spindle checkpoint signaling,BP,e,13,3765,29,20413,0.0009802603274407463,0.022271036463684273
GO:0015276,ligand-gated monoatomic ion channel activity,MF,e,47,3765,161,20413,0.0009866013100357936,0.022365509564782653
GO:0031647,regulation of protein stability,BP,p,41,3765,346,20413,0.0009864379758785136,0.022365509564782653
GO:0006820,monoatomic anion transport,BP,e,42,3765,141,20413,0.0009879071141129794,0.022370365181787057
GO:0015078,proton transmembrane transporter activity,MF,p,17,3765,182,20413,0.0010045207182423888,0.02272146035203231
GO:0045682,regulation of epidermis development,BP,e,20,3765,53,20413,0.0010124710834306186,0.022775598147907427
GO:0045600,positive regulation of fat cell differentiation,BP,e,20,3765,53,20413,0.0010124710834306186,0.022775598147907427
GO:0036294,cellular response to decreased oxygen levels,BP,e,38,3765,124,20413,0.0010112655915591067,0.022775598147907427
GO:0070542,response to fatty acid,BP,e,20,3765,53,20413,0.0010124710834306186,0.022775598147907427
GO:0010718,positive regulation of epithelial to mesenchymal transition,BP,e,20,3765,53,20413,0.0010124710834306186,0.022775598147907427
GO:0016247,channel regulator activity,MF,e,47,3765,162,20413,0.0010337963849385416,0.023204369459524133
GO:0042277,peptide binding,MF,e,47,3765,162,20413,0.0010337963849385416,0.023204369459524133
GO:0007584,response to nutrient,BP,e,40,3765,133,20413,0.001044451309022719,0.023417878201096913
GO:0002062,chondrocyte differentiation,BP,e,16,3765,38,20413,0.0010471148600248825,0.023451939701081878
GO:0099106,ion channel regulator activity,MF,e,45,3765,153,20413,0.0010590733303482633,0.02369387528256218
GO:0061588,calcium activated phospholipid scrambling,BP,e,5,3765,6,20413,0.0010817079228031834,0.02393892058531926
GO:2000858,regulation of aldosterone secretion,BP,e,5,3765,6,20413,0.0010817079228031834,0.02393892058531926
GO:2000855,regulation of mineralocorticoid secretion,BP,e,5,3765,6,20413,0.0010817079228031834,0.02393892058531926
GO:0071314,cellular response to cocaine,BP,e,5,3765,6,20413,0.0010817079228031834,0.02393892058531926
GO:1903598,positive regulation of gap junction assembly,BP,e,5,3765,6,20413,0.0010817079228031834,0.02393892058531926
GO:0042481,regulation of odontogenesis,BP,e,5,3765,6,20413,0.0010817079228031834,0.02393892058531926
GO:0019958,C-X-C chemokine binding,MF,e,5,3765,6,20413,0.0010817079228031834,0.02393892058531926
GO:1990239,steroid hormone binding,MF,e,5,3765,6,20413,0.0010817079228031834,0.02393892058531926
GO:1990410,adrenomedullin receptor signaling pathway,BP,e,5,3765,6,20413,0.0010817079228031834,0.02393892058531926
GO:0031838,haptoglobin-hemoglobin complex,CC,e,5,3765,6,20413,0.0010817079228031834,0.02393892058531926
GO:0022834,ligand-gated channel activity,MF,e,47,3765,163,20413,0.0010989427745266473,0.024294103860166758
GO:0000993,RNA polymerase II complex binding,MF,p,2,3765,59,20413,0.0011069801743098392,0.024419100874199715
GO:0019843,rRNA binding,MF,p,2,3765,59,20413,0.0011069801743098392,0.024419100874199715
GO:0030547,signaling receptor inhibitor activity,MF,e,12,3765,26,20413,0.0011167684595893511,0.02455572536734396
GO:0045606,positive regulation of epidermal cell differentiation,BP,e,12,3765,26,20413,0.0011167684595893511,0.02455572536734396
GO:0060043,regulation of cardiac muscle cell proliferation,BP,e,12,3765,26,20413,0.0011167684595893511,0.02455572536734396
GO:0035869,ciliary transition zone,CC,p,4,3765,79,20413,0.0011257336389174461,0.024726323110755868
GO:0015698,inorganic anion transport,BP,e,43,3765,145,20413,0.0011311394320604792,0.02479191484621968
GO:0009152,purine ribonucleotide biosynthetic process,BP,p,11,3765,135,20413,0.0011302299053614828,0.02479191484621968
GO:1902115,regulation of organelle assembly,BP,p,26,3765,244,20413,0.0011336564932065548,0.024820536875301207
GO:1903169,regulation of calcium ion transmembrane transport,BP,e,36,3765,117,20413,0.0011398156667043967,0.024928753957068516
GO:0071881,adenylate cyclase-inhibiting adrenergic receptor signaling pathway,BP,e,4,3765,4,20413,0.001155760698288959,0.024931583147405935
GO:0042940,D-amino acid transport,BP,e,4,3765,4,20413,0.001155760698288959,0.024931583147405935
GO:0034201,response to oleic acid,BP,e,4,3765,4,20413,0.001155760698288959,0.024931583147405935
GO:0042482,positive regulation of odontogenesis,BP,e,4,3765,4,20413,0.001155760698288959,0.024931583147405935
GO:0001934,positive regulation of protein phosphorylation,BP,e,57,3765,207,20413,0.0011429802034604477,0.024931583147405935
GO:0140097,"catalytic activity, acting on DNA",MF,p,28,3765,256,20413,0.0011518529713398012,0.024931583147405935
GO:0030284,nuclear estrogen receptor activity,MF,e,4,3765,4,20413,0.001155760698288959,0.024931583147405935
GO:0034189,very-low-density lipoprotein particle binding,MF,e,4,3765,4,20413,0.001155760698288959,0.024931583147405935
GO:0004936,alpha-adrenergic receptor activity,MF,e,4,3765,4,20413,0.001155760698288959,0.024931583147405935
GO:0047024,"5-alpha-androstane-3-beta,17-beta-diol dehydrogenase (NADP+) activity",MF,e,4,3765,4,20413,0.001155760698288959,0.024931583147405935
GO:0061689,tricellular tight junction,CC,e,4,3765,4,20413,0.001155760698288959,0.024931583147405935
GO:0008282,inward rectifying potassium channel,CC,e,4,3765,4,20413,0.001155760698288959,0.024931583147405935
GO:0090733,tenascin complex,CC,e,4,3765,4,20413,0.001155760698288959,0.024931583147405935
GO:0006368,transcription elongation by RNA polymerase II,BP,p,1,3765,47,20413,0.0011629220797586518,0.02495472479632885
GO:1905348,endonuclease complex,CC,p,1,3765,47,20413,0.0011629220797586518,0.02495472479632885
GO:0004532,RNA exonuclease activity,MF,p,1,3765,47,20413,0.0011629220797586518,0.02495472479632885
GO:1901740,negative regulation of myoblast fusion,BP,p,1,3765,47,20413,0.0011629220797586518,0.02495472479632885
GO:0009615,response to virus,BP,p,34,3765,297,20413,0.0011607172713476704,0.02495472479632885
GO:0070897,transcription preinitiation complex assembly,BP,p,2,3765,60,20413,0.0011671942232477426,0.024994055608167177
GO:0008408,3'-5' exonuclease activity,MF,p,2,3765,60,20413,0.0011671942232477426,0.024994055608167177
GO:0005614,interstitial matrix,CC,e,7,3765,11,20413,0.0011853211430435289,0.025093787380569253
GO:0015670,carbon dioxide transport,BP,e,7,3765,11,20413,0.0011853211430435289,0.025093787380569253
GO:0005890,sodium:potassium-exchanging ATPase complex,CC,e,7,3765,11,20413,0.0011853211430435289,0.025093787380569253
GO:0097646,calcitonin family receptor signaling pathway,BP,e,7,3765,11,20413,0.0011853211430435289,0.025093787380569253
GO:0031645,negative regulation of nervous system process,BP,e,7,3765,11,20413,0.0011853211430435289,0.025093787380569253
GO:0004527,exonuclease activity,MF,p,5,3765,86,20413,0.001173729322839714,0.025093787380569253
GO:0048484,enteric nervous system development,BP,e,7,3765,11,20413,0.0011853211430435289,0.025093787380569253
GO:0006563,L-serine metabolic process,BP,e,7,3765,11,20413,0.0011853211430435289,0.025093787380569253
GO:0098868,bone growth,BP,e,7,3765,11,20413,0.0011853211430435289,0.025093787380569253
GO:0072088,nephron epithelium morphogenesis,BP,e,7,3765,11,20413,0.0011853211430435289,0.025093787380569253
GO:0072078,nephron tubule morphogenesis,BP,e,7,3765,11,20413,0.0011853211430435289,0.025093787380569253
GO:0046873,metal ion transmembrane transporter activity,MF,e,101,3765,406,20413,0.001187512325841141,0.0251142312626032
GO:0004896,cytokine receptor activity,MF,e,30,3765,93,20413,0.0011899418636051283,0.02513966867098958
GO:0050994,regulation of lipid catabolic process,BP,e,20,3765,54,20413,0.00120585169692775,0.025449555947621404
GO:0090288,negative regulation of cellular response to growth factor stimulus,BP,e,27,3765,80,20413,0.0012087601557074258,0.025484693282831563
GO:0048704,embryonic skeletal system morphogenesis,BP,e,14,3765,33,20413,0.0012260621962954608,0.025642038186949608
GO:0050918,positive chemotaxis,BP,e,16,3765,39,20413,0.0012203116679719056,0.025642038186949608
GO:0043065,positive regulation of apoptotic process,BP,e,105,3765,425,20413,0.001225144061236581,0.025642038186949608
GO:0007044,cell-substrate junction assembly,BP,e,14,3765,33,20413,0.0012260621962954608,0.025642038186949608
GO:0010506,regulation of autophagy,BP,p,41,3765,345,20413,0.0012262332222324997,0.025642038186949608
GO:1905819,negative regulation of chromosome separation,BP,e,14,3765,33,20413,0.0012260621962954608,0.025642038186949608
GO:0045823,positive regulation of heart contraction,BP,e,14,3765,33,20413,0.0012260621962954608,0.025642038186949608
GO:1902100,negative regulation of metaphase/anaphase transition of cell cycle,BP,e,14,3765,33,20413,0.0012260621962954608,0.025642038186949608
GO:0072666,establishment of protein localization to vacuole,BP,p,1,3765,49,20413,0.001233111256212721,0.025759581012810697
GO:0005160,transforming growth factor beta receptor binding,MF,e,11,3765,23,20413,0.0012482607583503512,0.025970160122714463
GO:0050926,regulation of positive chemotaxis,BP,e,11,3765,23,20413,0.0012482607583503512,0.025970160122714463
GO:0032656,regulation of interleukin-13 production,BP,e,11,3765,23,20413,0.0012482607583503512,0.025970160122714463
GO:0045446,endothelial cell differentiation,BP,e,11,3765,23,20413,0.0012482607583503512,0.025970160122714463
GO:0036464,cytoplasmic ribonucleoprotein granule,CC,p,25,3765,236,20413,0.0012613965067844273,0.02621683429364429
GO:0007163,establishment or maintenance of cell polarity,BP,e,39,3765,129,20413,0.0012660761291354056,0.02628743476633421
GO:0071559,response to transforming growth factor beta,BP,e,22,3765,61,20413,0.001282114645746829,0.02659349740413944
GO:1902476,chloride transmembrane transport,BP,e,33,3765,104,20413,0.0013152650629988478,0.027207039764640072
GO:0048469,cell maturation,BP,e,23,3765,66,20413,0.0013156773730912171,0.027207039764640072
GO:0097530,granulocyte migration,BP,e,23,3765,66,20413,0.0013156773730912171,0.027207039764640072
GO:0038084,vascular endothelial growth factor signaling pathway,BP,e,10,3765,20,20413,0.001357298750708654,0.027983021426833444
GO:0019228,neuronal action potential,BP,e,10,3765,20,20413,0.001357298750708654,0.027983021426833444
GO:0061037,negative regulation of cartilage development,BP,e,10,3765,20,20413,0.001357298750708654,0.027983021426833444
GO:0034976,response to endoplasmic reticulum stress,BP,p,22,3765,215,20413,0.0013639993134149857,0.028092902442023417
GO:0072207,metanephric epithelium development,BP,e,8,3765,14,20413,0.001378035877140864,0.028296682595438605
GO:0045916,negative regulation of complement activation,BP,e,8,3765,14,20413,0.001378035877140864,0.028296682595438605
GO:0045236,CXCR chemokine receptor binding,MF,e,8,3765,14,20413,0.001378035877140864,0.028296682595438605
GO:0032526,response to retinoic acid,BP,e,29,3765,89,20413,0.0013877742236237198,0.0284681252900109
GO:0035097,histone methyltransferase complex,CC,p,3,3765,68,20413,0.0013988057514585242,0.02866572626463954
GO:0099550,"trans-synaptic signaling, modulating synaptic transmission",BP,e,9,3765,17,20413,0.0014152436352528148,0.028858296335558146
GO:0002921,negative regulation of humoral immune response,BP,e,9,3765,17,20413,0.0014152436352528148,0.028858296335558146
GO:0036376,sodium ion export across plasma membrane,BP,e,9,3765,17,20413,0.0014152436352528148,0.028858296335558146
GO:0110110,positive regulation of animal organ morphogenesis,BP,e,9,3765,17,20413,0.0014152436352528148,0.028858296335558146
GO:0033623,regulation of integrin activation,BP,e,9,3765,17,20413,0.0014152436352528148,0.028858296335558146
GO:0030141,secretory granule,CC,e,73,3765,280,20413,0.001420489613570333,0.02893647480208433
GO:0034703,cation channel complex,CC,e,56,3765,204,20413,0.0014273369889049952,0.02904708730251248
GO:0120545,nucleic acid conformation isomerase activity,MF,p,12,3765,140,20413,0.0014307528724119068,0.029087716879302783
GO:1905370,serine-type endopeptidase complex,CC,e,13,3765,30,20413,0.0014402320350024231,0.02916469870879907
GO:1905286,serine-type peptidase complex,CC,e,13,3765,30,20413,0.0014402320350024231,0.02916469870879907
GO:0060306,regulation of membrane repolarization,BP,e,13,3765,30,20413,0.0014402320350024231,0.02916469870879907
GO:0031577,spindle checkpoint signaling,BP,e,13,3765,30,20413,0.0014402320350024231,0.02916469870879907
GO:1902531,regulation of intracellular signal transduction,BP,e,390,3765,1837,20413,0.0014445972422778034,0.029224216471864784
GO:0030509,BMP signaling pathway,BP,e,20,3765,55,20413,0.0014683538478068457,0.02967551814901942
GO:0009156,ribonucleoside monophosphate biosynthetic process,BP,p,0,3765,34,20413,0.0014703395301349355,0.029686372404980524
GO:0051489,regulation of filopodium assembly,BP,e,17,3765,44,20413,0.0014792921216308034,0.029808390804896806
GO:0046850,regulation of bone remodeling,BP,e,17,3765,44,20413,0.0014792921216308034,0.029808390804896806
GO:0031670,cellular response to nutrient,BP,e,16,3765,40,20413,0.0014904043490728501,0.029973362439205023
GO:0140272,exogenous protein binding,MF,e,16,3765,40,20413,0.0014904043490728501,0.029973362439205023
GO:0046718,symbiont entry into host cell,BP,e,24,3765,69,20413,0.001494212380657031,0.029991081603138625
GO:0044409,symbiont entry into host,BP,e,24,3765,69,20413,0.001494212380657031,0.029991081603138625
GO:0061844,antimicrobial humoral immune response mediated by antimicrobial peptide,BP,e,27,3765,82,20413,0.0015070521800894844,0.030219197971207243
GO:0003714,transcription corepressor activity,MF,p,21,3765,207,20413,0.0015104400939935532,0.030257525753870855
GO:0140142,nucleocytoplasmic carrier activity,MF,p,0,3765,35,20413,0.0015182165956505718,0.03034098153593483
GO:0045471,response to ethanol,BP,e,33,3765,106,20413,0.001519047823933496,0.03034098153593483
GO:0071357,cellular response to type I interferon,BP,p,0,3765,35,20413,0.0015182165956505718,0.03034098153593483
GO:0006816,calcium ion transport,BP,e,62,3765,231,20413,0.0015266277689756588,0.030462690233318573
GO:0016241,regulation of macroautophagy,BP,p,18,3765,184,20413,0.0015367804740534904,0.030635449664181108
GO:0015079,potassium ion transmembrane transporter activity,MF,e,42,3765,143,20413,0.001540587980069724,0.030642542764159033
GO:0003725,double-stranded RNA binding,MF,p,4,3765,75,20413,0.001540486263088065,0.030642542764159033
GO:0032869,cellular response to insulin stimulus,BP,e,29,3765,90,20413,0.001541622094854241,0.030642542764159033
GO:0009628,response to abiotic stimulus,BP,e,198,3765,876,20413,0.0015505552198477894,0.03079024042668677
GO:0043523,regulation of neuron apoptotic process,BP,e,52,3765,186,20413,0.0015958744298370303,0.03165949147207189
GO:0005244,voltage-gated monoatomic ion channel activity,MF,e,44,3765,153,20413,0.001620433977138468,0.03211562233413793
GO:1990928,response to amino acid starvation,BP,p,2,3765,56,20413,0.0016231834090192087,0.032139031498580335
GO:0001654,eye development,BP,e,24,3765,70,20413,0.0016484580630562015,0.03257651985169791
GO:0016328,lateral plasma membrane,CC,e,24,3765,70,20413,0.0016484580630562015,0.03257651985169791
GO:0001657,ureteric bud development,BP,e,12,3765,27,20413,0.0016754958911108708,0.033015324323591416
GO:0070830,bicellular tight junction assembly,BP,e,12,3765,27,20413,0.0016754958911108708,0.033015324323591416
GO:0090050,positive regulation of cell migration involved in sprouting angiogenesis,BP,e,12,3765,27,20413,0.0016754958911108708,0.033015324323591416
GO:0032965,regulation of collagen biosynthetic process,BP,e,15,3765,36,20413,0.0016809373061438138,0.03305897141536006
GO:1902305,regulation of sodium ion transmembrane transport,BP,e,15,3765,36,20413,0.0016809373061438138,0.03305897141536006
GO:0050921,positive regulation of chemotaxis,BP,e,38,3765,127,20413,0.001747666680644622,0.034338382824976255
GO:0045271,respiratory chain complex I,CC,p,1,3765,45,20413,0.0017565330040066685,0.03441360502018036
GO:0030964,NADH dehydrogenase complex,CC,p,1,3765,45,20413,0.0017565330040066685,0.03441360502018036
GO:1902459,positive regulation of stem cell population maintenance,BP,p,1,3765,45,20413,0.0017565330040066685,0.03441360502018036
GO:0008289,lipid binding,MF,e,157,3765,678,20413,0.00176551325852245,0.034457774482762445
GO:0002028,regulation of sodium ion transport,BP,e,21,3765,58,20413,0.0017648025650069184,0.034457774482762445
GO:0009308,amine metabolic process,BP,e,21,3765,58,20413,0.0017648025650069184,0.034457774482762445
GO:0030534,adult behavior,BP,e,21,3765,58,20413,0.0017648025650069184,0.034457774482762445
GO:0140374,antiviral innate immune response,BP,p,6,3765,93,20413,0.0017727306346560017,0.03453286016730556
GO:0006352,DNA-templated transcription initiation,BP,p,7,3765,101,20413,0.0017719618572451822,0.03453286016730556
GO:0002833,positive regulation of response to biotic stimulus,BP,p,34,3765,292,20413,0.0017948911876576612,0.03493134388287602
GO:0046034,ATP metabolic process,BP,p,13,3765,147,20413,0.001803941502362222,0.03507416812894593
GO:1901681,sulfur compound binding,MF,e,58,3765,214,20413,0.0018175619572696955,0.03530549496713542
GO:0045833,negative regulation of lipid metabolic process,BP,e,28,3765,86,20413,0.0018473422200405516,0.03581606822638697
GO:1901655,cellular response to ketone,BP,e,28,3765,86,20413,0.0018473422200405516,0.03581606822638697
GO:0005261,monoatomic cation channel activity,MF,e,76,3765,295,20413,0.0018500624106860294,0.03583490452002722
GO:0001523,retinoid metabolic process,BP,e,24,3765,71,20413,0.0018671575821491689,0.03613187944379879
GO:0022617,extracellular matrix disassembly,BP,e,16,3765,41,20413,0.0018746783158468834,0.036243191251556776
GO:0030315,T-tubule,CC,e,19,3765,52,20413,0.0018949819622943256,0.03659427734643932
GO:0042327,positive regulation of phosphorylation,BP,e,61,3765,228,20413,0.00189640962972325,0.03659427734643932
GO:0090497,mesenchymal cell migration,BP,e,11,3765,24,20413,0.0019232509759507716,0.03704246452082628
GO:0001755,neural crest cell migration,BP,e,11,3765,24,20413,0.0019232509759507716,0.03704246452082628
GO:0070365,hepatocyte differentiation,BP,e,6,3765,9,20413,0.0019727924522475837,0.03752941814495846
GO:0019215,intermediate filament binding,MF,e,6,3765,9,20413,0.0019727924522475837,0.03752941814495846
GO:0098809,nitrite reductase activity,MF,e,6,3765,9,20413,0.0019727924522475837,0.03752941814495846
GO:0090493,catecholamine uptake,BP,e,6,3765,9,20413,0.0019727924522475837,0.03752941814495846
GO:0001946,lymphangiogenesis,BP,e,6,3765,9,20413,0.0019727924522475837,0.03752941814495846
GO:0097021,lymphocyte migration into lymphoid organs,BP,e,6,3765,9,20413,0.0019727924522475837,0.03752941814495846
GO:0090494,dopamine uptake,BP,e,6,3765,9,20413,0.0019727924522475837,0.03752941814495846
GO:0019694,alkanesulfonate metabolic process,BP,e,6,3765,9,20413,0.0019727924522475837,0.03752941814495846
GO:0060004,reflex,BP,e,6,3765,9,20413,0.0019727924522475837,0.03752941814495846
GO:0019530,taurine metabolic process,BP,e,6,3765,9,20413,0.0019727924522475837,0.03752941814495846
GO:0006939,smooth muscle contraction,BP,e,15,3765,37,20413,0.0019741722910391456,0.03752941814495846
GO:0035116,embryonic hindlimb morphogenesis,BP,e,6,3765,9,20413,0.0019727924522475837,0.03752941814495846
GO:0010887,negative regulation of cholesterol storage,BP,e,6,3765,9,20413,0.0019727924522475837,0.03752941814495846
GO:1903596,regulation of gap junction assembly,BP,e,6,3765,9,20413,0.0019727924522475837,0.03752941814495846
GO:0043484,regulation of RNA splicing,BP,p,18,3765,182,20413,0.0020002996078774516,0.03792057341742147
GO:0008277,regulation of G protein-coupled receptor signaling pathway,BP,e,41,3765,140,20413,0.0019991944105190443,0.03792057341742147
GO:0099537,trans-synaptic signaling,BP,e,67,3765,256,20413,0.0019993111245348296,0.03792057341742147
GO:0016051,carbohydrate biosynthetic process,BP,e,30,3765,95,20413,0.0020186300755845113,0.03816216433482785
GO:0097306,cellular response to alcohol,BP,e,28,3765,87,20413,0.0020174182725663384,0.03816216433482785
GO:0005882,intermediate filament,CC,e,28,3765,87,20413,0.0020174182725663384,0.03816216433482785
GO:0030057,desmosome,CC,e,13,3765,31,20413,0.0020657360880906393,0.03883773362682704
GO:0072665,protein localization to vacuole,BP,p,3,3765,66,20413,0.002063962212447143,0.03883773362682704
GO:0045937,positive regulation of phosphate metabolic process,BP,e,62,3765,232,20413,0.0020595934831361914,0.03883773362682704
GO:0045684,positive regulation of epidermis development,BP,e,13,3765,31,20413,0.0020657360880906393,0.03883773362682704
GO:0045429,positive regulation of nitric oxide biosynthetic process,BP,e,13,3765,31,20413,0.0020657360880906393,0.03883773362682704
GO:0015453,oxidoreduction-driven active transmembrane transporter activity,MF,p,3,3765,66,20413,0.002063962212447143,0.03883773362682704
GO:0005694,chromosome,CC,p,77,3765,567,20413,0.0020682195998199997,0.03884878483878208
GO:1904427,positive regulation of calcium ion transmembrane transport,BP,e,18,3765,48,20413,0.002138576540305812,0.04013356139238737
GO:0007399,nervous system development,BP,e,81,3765,319,20413,0.0021570961116370185,0.04044407192660331
GO:0050431,transforming growth factor beta binding,MF,e,10,3765,21,20413,0.0021657130166251436,0.04053146744264755
GO:0072132,mesenchyme morphogenesis,BP,e,10,3765,21,20413,0.0021657130166251436,0.04053146744264755
GO:0016236,macroautophagy,BP,p,14,3765,151,20413,0.002182499305263789,0.040808356079170466
GO:0043542,endothelial cell migration,BP,e,23,3765,67,20413,0.002222383748510297,0.041516235331104386
GO:0022600,digestive system process,BP,e,21,3765,60,20413,0.0022291392455619776,0.04157966238435731
GO:1901890,positive regulation of cell junction assembly,BP,e,26,3765,80,20413,0.0022298369667890835,0.04157966238435731
GO:0009410,response to xenobiotic stimulus,BP,e,54,3765,198,20413,0.0022420300431528354,0.041759502246027036
GO:0002027,regulation of heart rate,BP,e,28,3765,88,20413,0.002247632409962808,0.041759502246027036
GO:0034308,primary alcohol metabolic process,BP,e,28,3765,88,20413,0.002247632409962808,0.041759502246027036
GO:0005253,monoatomic anion channel activity,MF,e,28,3765,88,20413,0.002247632409962808,0.041759502246027036
GO:0032182,ubiquitin-like protein binding,MF,p,9,3765,113,20413,0.002262144857572377,0.04199106391868725
GO:0043167,ion binding,MF,e,772,3765,3825,20413,0.0022684246055605056,0.042069525286652885
GO:0022843,voltage-gated monoatomic cation channel activity,MF,e,37,3765,124,20413,0.0022809863248556307,0.04226424299752843
GO:0048584,positive regulation of response to stimulus,BP,e,425,3765,2026,20413,0.0022924698171111354,0.04243864856554516
GO:0051059,NF-kappaB binding,MF,p,0,3765,32,20413,0.002308139591621516,0.042574891675157274
GO:0019229,regulation of vasoconstriction,BP,e,19,3765,53,20413,0.002304845736128238,0.042574891675157274
GO:0035459,vesicle cargo loading,BP,p,0,3765,32,20413,0.002308139591621516,0.042574891675157274
GO:2000177,regulation of neural precursor cell proliferation,BP,e,19,3765,53,20413,0.002304845736128238,0.042574891675157274
GO:0006898,receptor-mediated endocytosis,BP,e,46,3765,164,20413,0.002323952578923449,0.04282802176248043
GO:1990756,ubiquitin-like ligase-substrate adaptor activity,MF,p,13,3765,144,20413,0.002367757398837414,0.043359576856672265
GO:2000831,regulation of steroid hormone secretion,BP,e,9,3765,18,20413,0.002369722640876052,0.043359576856672265
GO:0001890,placenta development,BP,e,9,3765,18,20413,0.002369722640876052,0.043359576856672265
GO:0060045,positive regulation of cardiac muscle cell proliferation,BP,e,9,3765,18,20413,0.002369722640876052,0.043359576856672265
GO:0036122,BMP binding,MF,e,9,3765,18,20413,0.002369722640876052,0.043359576856672265
GO:0030228,lipoprotein particle receptor activity,MF,e,9,3765,18,20413,0.002369722640876052,0.043359576856672265
GO:0097648,G protein-coupled receptor complex,CC,e,9,3765,18,20413,0.002369722640876052,0.043359576856672265
GO:0003203,endocardial cushion morphogenesis,BP,e,9,3765,18,20413,0.002369722640876052,0.043359576856672265
GO:0070063,RNA polymerase binding,MF,p,5,3765,82,20413,0.0023788610221503062,0.04348795622384141
GO:0044331,cell-cell adhesion mediated by cadherin,BP,e,15,3765,38,20413,0.002418326093290053,0.04354899528101323
GO:0051784,negative regulation of nuclear division,BP,e,16,3765,42,20413,0.002393944185941169,0.04354899528101323
GO:0003143,embryonic heart tube morphogenesis,BP,e,15,3765,38,20413,0.002418326093290053,0.04354899528101323
GO:0008175,tRNA methyltransferase activity,MF,p,0,3765,33,20413,0.002415876449342897,0.04354899528101323
GO:0098800,inner mitochondrial membrane protein complex,CC,p,2,3765,54,20413,0.002404681081578988,0.04354899528101323
GO:0010883,regulation of lipid storage,BP,e,15,3765,38,20413,0.002418326093290053,0.04354899528101323
GO:0120254,olefinic compound metabolic process,BP,e,39,3765,134,20413,0.002404953218041914,0.04354899528101323
GO:0010874,regulation of cholesterol efflux,BP,e,15,3765,38,20413,0.002418326093290053,0.04354899528101323
GO:0097493,structural molecule activity conferring elasticity,MF,e,7,3765,12,20413,0.0023921479280679496,0.04354899528101323
GO:0070700,BMP receptor binding,MF,e,7,3765,12,20413,0.0023921479280679496,0.04354899528101323
GO:0001618,virus receptor activity,MF,e,15,3765,38,20413,0.002418326093290053,0.04354899528101323
GO:0045839,negative regulation of mitotic nuclear division,BP,e,15,3765,38,20413,0.002418326093290053,0.04354899528101323
GO:1904262,negative regulation of TORC1 signaling,BP,p,2,3765,54,20413,0.002404681081578988,0.04354899528101323
GO:2000059,negative regulation of ubiquitin-dependent protein catabolic process,BP,p,2,3765,54,20413,0.002404681081578988,0.04354899528101323
GO:0002183,cytoplasmic translational initiation,BP,p,0,3765,33,20413,0.002415876449342897,0.04354899528101323
GO:0072677,eosinophil migration,BP,e,7,3765,12,20413,0.0023921479280679496,0.04354899528101323
GO:0048245,eosinophil chemotaxis,BP,e,7,3765,12,20413,0.0023921479280679496,0.04354899528101323
GO:0002065,columnar/cuboidal epithelial cell differentiation,BP,e,12,3765,28,20413,0.0024447721743120596,0.043947996638751784
GO:0042056,chemoattractant activity,MF,e,12,3765,28,20413,0.0024447721743120596,0.043947996638751784
GO:0044703,multi-organism reproductive process,BP,e,23,3765,68,20413,0.0024649161513828166,0.04427127667860479
GO:0003094,glomerular filtration,BP,e,8,3765,15,20413,0.0024771774882035944,0.04433606835437228
GO:0048385,regulation of retinoic acid receptor signaling pathway,BP,e,8,3765,15,20413,0.0024771774882035944,0.04433606835437228
GO:0043034,costamere,CC,e,8,3765,15,20413,0.0024771774882035944,0.04433606835437228
GO:0042923,neuropeptide binding,MF,e,8,3765,15,20413,0.0024771774882035944,0.04433606835437228
GO:0007006,mitochondrial membrane organization,BP,p,2,3765,55,20413,0.0024824781335957627,0.044353465032064485
GO:0050688,regulation of defense response to virus,BP,p,2,3765,55,20413,0.0024824781335957627,0.044353465032064485
GO:0045428,regulation of nitric oxide biosynthetic process,BP,e,18,3765,49,20413,0.0024877731810924375,0.04437070130559384
GO:0005249,voltage-gated potassium channel activity,MF,e,27,3765,83,20413,0.0024873397671330726,0.04437070130559384
GO:0022408,negative regulation of cell-cell adhesion,BP,e,47,3765,168,20413,0.002546330232884918,0.045375604750009235
GO:0043169,cation binding,MF,e,436,3765,2085,20413,0.0026041272940851416,0.04636523078860713
GO:1905168,positive regulation of double-strand break repair via homologous recombination,BP,p,1,3765,43,20413,0.002658674810632774,0.047254313004594484
GO:0006120,"mitochondrial electron transport, NADH to ubiquinone",BP,p,1,3765,43,20413,0.002658674810632774,0.047254313004594484
GO:0070167,regulation of biomineral tissue development,BP,e,27,3765,84,20413,0.002668020636544289,0.04734276800404685
GO:0071621,granulocyte chemotaxis,BP,e,20,3765,56,20413,0.0026682719486982925,0.04734276800404685
GO:0070293,renal absorption,BP,e,14,3765,34,20413,0.0027040817272030856,0.047689110873986945
GO:0071453,cellular response to oxygen levels,BP,e,40,3765,138,20413,0.0027021522945648575,0.047689110873986945
GO:0003180,aortic valve morphogenesis,BP,e,14,3765,34,20413,0.0027040817272030856,0.047689110873986945
GO:0080135,regulation of cellular response to stress,BP,p,66,3765,493,20413,0.00269693924692997,0.047689110873986945
GO:0051985,negative regulation of chromosome segregation,BP,e,14,3765,34,20413,0.0027040817272030856,0.047689110873986945
GO:0048511,rhythmic process,BP,e,45,3765,159,20413,0.0027014711297755206,0.047689110873986945
GO:1903524,positive regulation of blood circulation,BP,e,14,3765,34,20413,0.0027040817272030856,0.047689110873986945
GO:0031072,heat shock protein binding,MF,p,11,3765,127,20413,0.0027255041890058224,0.048025586711346796
GO:0034340,response to type I interferon,BP,p,1,3765,44,20413,0.002733732661237968,0.048046641017795606
GO:0017004,cytochrome complex assembly,BP,p,1,3765,44,20413,0.002733732661237968,0.048046641017795606
GO:0090068,positive regulation of cell cycle process,BP,e,58,3765,218,20413,0.002731715597865725,0.048046641017795606
GO:0051051,negative regulation of transport,BP,e,84,3765,336,20413,0.0027986370244539776,0.04911385789379571
GO:0043279,response to alkaloid,BP,e,23,3765,69,20413,0.0027992478416997697,0.04911385789379571
GO:0043488,regulation of mRNA stability,BP,p,17,3765,171,20413,0.0028413547247182268,0.04980999347617675
